2026-08-01 18:18:48,757 INFO  [scheduler.core] user authenticated method=token latency=862ms
2026-08-01 18:24:31,922 ERROR [http.server] job dispatched queue=render attempt=1
2026-08-01 18:26:01,556 INFO  [auth.service] job dispatched queue=render attempt=4
2026-08-01 18:27:03,417 ERROR [db.pool] request completed status=500 duration=1776ms
2026-08-01 18:29:36,632 INFO  [queue.worker] connection acquired pool_size=10 wait=72ms
2026-08-01 18:35:02,892 WARN  [db.pool] connection acquired pool_size=1 wait=498ms
2026-08-01 18:35:14,321 INFO  [db.pool] connection acquired pool_size=22 wait=149ms
2026-08-01 18:37:05,991 ERROR [scheduler.core] health check ok uptime=214727s rps=181.7
2026-08-01 18:43:08,424 INFO  [queue.worker] user authenticated method=password latency=370ms
2026-08-01 18:44:42,837 INFO  [auth.service] request completed status=204 duration=2469ms
2026-08-01 18:50:00,724 ERROR [http.server] cache miss key_hash=ad8d194a backing=db
2026-08-01 18:53:03,713 INFO  [auth.service] user authenticated method=oauth2 latency=493ms
2026-08-01 18:55:54,262 INFO  [queue.worker] job dispatched queue=render attempt=1
2026-08-01 18:56:15,806 DEBUG [auth.service] job dispatched queue=email attempt=5
2026-08-01 18:59:59,009 INFO  [queue.worker] cache miss key_hash=d75b1e24 backing=db
2026-08-01 19:04:00,773 INFO  [scheduler.core] connection acquired pool_size=26 wait=61ms
2026-08-01 19:06:15,914 WARN  [auth.service] cache miss key_hash=5ad3ba32 backing=db
2026-08-01 19:10:53,880 INFO  [queue.worker] request completed status=404 duration=3009ms
2026-08-01 19:13:34,525 INFO  [queue.worker] request completed status=201 duration=2792ms
2026-08-01 19:18:56,558 INFO  [db.pool] user authenticated method=oauth2 latency=720ms
2026-08-01 19:19:53,817 INFO  [scheduler.core] user authenticated method=oauth2 latency=182ms
2026-08-01 19:20:43,495 DEBUG [db.pool] health check ok uptime=722652s rps=309.3
2026-08-01 19:22:15,945 DEBUG [http.server] request completed status=404 duration=4371ms
2026-08-01 19:25:52,256 INFO  [db.pool] health check ok uptime=622813s rps=343.8
2026-08-02 19:29:55,653 DEBUG [queue.worker] connection acquired pool_size=8 wait=470ms
2026-08-02 19:30:21,577 WARN  [auth.service] connection acquired pool_size=17 wait=375ms
2026-08-02 19:31:38,381 DEBUG [queue.worker] request completed status=201 duration=3560ms
2026-08-02 19:33:04,944 INFO  [queue.worker] user authenticated method=password latency=465ms
2026-08-02 19:38:31,490 INFO  [cache.redis] job dispatched queue=billing attempt=3
2026-08-02 19:41:01,386 INFO  [queue.worker] job dispatched queue=render attempt=1
2026-08-02 19:45:43,091 INFO  [scheduler.core] job dispatched queue=export attempt=2
2026-08-02 19:50:04,514 INFO  [cache.redis] cache miss key_hash=de0d0fc5 backing=db
2026-08-02 19:53:18,777 INFO  [auth.service] health check ok uptime=616022s rps=664.0
2026-08-02 19:56:04,497 INFO  [cache.redis] health check ok uptime=700772s rps=280.9
2026-08-02 19:58:29,182 DEBUG [scheduler.core] user authenticated method=oauth2 latency=666ms
2026-08-02 20:03:36,256 INFO  [queue.worker] cache miss key_hash=c6125190 backing=db
2026-08-02 20:06:32,662 DEBUG [auth.service] job dispatched queue=export attempt=5
2026-08-02 20:12:26,755 INFO  [auth.service] user authenticated method=token latency=354ms
2026-08-02 20:16:05,979 INFO  [db.pool] health check ok uptime=471633s rps=976.1
2026-08-02 20:19:06,170 ERROR [db.pool] cache miss key_hash=faeeb40c backing=db
2026-08-02 20:20:57,736 INFO  [queue.worker] user authenticated method=token latency=81ms
2026-08-02 20:26:50,638 DEBUG [queue.worker] connection acquired pool_size=54 wait=155ms
2026-08-02 20:31:43,600 DEBUG [auth.service] health check ok uptime=28964s rps=195.6
2026-08-02 20:35:38,702 ERROR [scheduler.core] connection acquired pool_size=29 wait=389ms
2026-08-02 20:37:20,169 DEBUG [scheduler.core] request completed status=301 duration=1854ms
2026-08-02 20:37:57,198 INFO  [http.server] user authenticated method=password latency=495ms
2026-08-02 20:42:47,678 INFO  [queue.worker] job dispatched queue=export attempt=4
2026-08-02 20:48:10,924 INFO  [cache.redis] connection acquired pool_size=31 wait=368ms
2026-08-03 20:51:31,887 INFO  [auth.service] job dispatched queue=export attempt=4
2026-08-03 20:52:39,628 DEBUG [cache.redis] user authenticated method=password latency=564ms
2026-08-03 20:55:23,347 INFO  [auth.service] cache miss key_hash=833ce137 backing=db
2026-08-03 21:00:30,832 INFO  [auth.service] connection acquired pool_size=54 wait=210ms
2026-08-03 21:05:28,160 DEBUG [cache.redis] user authenticated method=oauth2 latency=146ms
2026-08-03 21:10:43,623 WARN  [cache.redis] job dispatched queue=render attempt=2
2026-08-03 21:11:39,333 INFO  [scheduler.core] request completed status=301 duration=885ms
2026-08-03 21:16:38,897 ERROR [cache.redis] connection acquired pool_size=42 wait=323ms
2026-08-03 21:21:36,298 WARN  [queue.worker] job dispatched queue=render attempt=4
2026-08-03 21:25:51,608 DEBUG [queue.worker] job dispatched queue=render attempt=5
2026-08-03 21:28:14,020 DEBUG [auth.service] job dispatched queue=export attempt=4
2026-08-03 21:31:07,024 INFO  [queue.worker] user authenticated method=password latency=489ms
2026-08-03 21:32:19,040 DEBUG [cache.redis] job dispatched queue=render attempt=3
2026-08-03 21:33:38,957 WARN  [http.server] job dispatched queue=export attempt=2
2026-08-03 21:37:50,738 INFO  [db.pool] job dispatched queue=export attempt=2
2026-08-03 21:40:26,486 INFO  [queue.worker] cache miss key_hash=fe1362ae backing=db
2026-08-03 21:45:01,778 DEBUG [cache.redis] health check ok uptime=938479s rps=118.2
2026-08-03 21:46:15,344 INFO  [auth.service] cache miss key_hash=b54146ec backing=db
2026-08-03 21:51:39,475 INFO  [scheduler.core] cache miss key_hash=06d04b90 backing=db
2026-08-03 21:54:48,037 INFO  [scheduler.core] health check ok uptime=852113s rps=590.8
2026-08-03 21:54:59,195 INFO  [cache.redis] job dispatched queue=email attempt=5
2026-08-03 21:55:16,705 WARN  [queue.worker] cache miss key_hash=935d428e backing=db
2026-08-03 22:01:28,401 DEBUG [scheduler.core] job dispatched queue=billing attempt=4
2026-08-03 22:07:27,776 DEBUG [db.pool] user authenticated method=oauth2 latency=850ms
2026-08-04 22:08:10,293 INFO  [http.server] health check ok uptime=816839s rps=432.8
2026-08-04 22:13:51,711 WARN  [auth.service] connection acquired pool_size=22 wait=245ms
2026-08-04 22:18:42,435 WARN  [auth.service] cache miss key_hash=274d9825 backing=db
2026-08-04 22:23:51,273 ERROR [http.server] request completed status=500 duration=1885ms
2026-08-04 22:24:44,070 INFO  [scheduler.core] request completed status=204 duration=3518ms
2026-08-04 22:28:21,224 DEBUG [queue.worker] request completed status=200 duration=1003ms
2026-08-04 22:33:45,299 DEBUG [http.server] health check ok uptime=938315s rps=134.6
2026-08-04 22:39:56,821 WARN  [db.pool] connection acquired pool_size=24 wait=212ms
2026-08-04 22:41:28,110 INFO  [cache.redis] connection acquired pool_size=6 wait=285ms
2026-08-04 22:47:16,584 WARN  [scheduler.core] request completed status=204 duration=472ms
2026-08-04 22:52:20,442 INFO  [scheduler.core] job dispatched queue=render attempt=1
2026-08-04 22:53:16,501 INFO  [scheduler.core] cache miss key_hash=7d4c2fe8 backing=db
2026-08-04 22:56:26,154 DEBUG [auth.service] request completed status=201 duration=2415ms
2026-08-04 23:01:27,932 DEBUG [scheduler.core] cache miss key_hash=4a4cf15e backing=db
2026-08-04 23:06:21,564 ERROR [cache.redis] connection acquired pool_size=34 wait=33ms
2026-08-04 23:08:31,136 INFO  [auth.service] cache miss key_hash=f9a0594d backing=db
2026-08-04 23:10:41,730 INFO  [queue.worker] health check ok uptime=407796s rps=179.3
2026-08-04 23:11:00,093 DEBUG [auth.service] request completed status=404 duration=295ms
2026-08-04 23:12:13,897 ERROR [cache.redis] job dispatched queue=render attempt=4
2026-08-04 23:16:19,555 WARN  [auth.service] request completed status=404 duration=242ms
2026-08-04 23:22:40,813 WARN  [http.server] connection acquired pool_size=55 wait=349ms
2026-08-04 23:24:44,840 DEBUG [http.server] request completed status=500 duration=4026ms
2026-08-04 23:26:42,362 INFO  [scheduler.core] cache miss key_hash=6038f93f backing=db
2026-08-04 23:28:52,357 INFO  [auth.service] cache miss key_hash=b4903027 backing=db
2026-08-05 23:32:19,303 WARN  [db.pool] health check ok uptime=871473s rps=358.3
2026-08-05 23:37:52,606 WARN  [auth.service] cache miss key_hash=094e45a7 backing=db
2026-08-05 23:42:55,099 INFO  [scheduler.core] connection acquired pool_size=51 wait=33ms
2026-08-05 23:43:23,501 INFO  [db.pool] connection acquired pool_size=26 wait=21ms
2026-08-05 23:47:39,307 DEBUG [auth.service] request completed status=301 duration=3852ms
2026-08-05 23:53:06,196 WARN  [auth.service] job dispatched queue=billing attempt=1
2026-08-05 23:54:35,889 DEBUG [db.pool] request completed status=204 duration=3160ms
2026-08-05 23:58:45,838 INFO  [cache.redis] user authenticated method=password latency=285ms
2026-08-05 00:00:17,917 INFO  [scheduler.core] connection acquired pool_size=5 wait=247ms
2026-08-05 00:00:43,022 INFO  [auth.service] user authenticated method=password latency=705ms
2026-08-05 00:06:37,684 WARN  [queue.worker] connection acquired pool_size=16 wait=403ms
2026-08-05 00:09:33,167 INFO  [queue.worker] health check ok uptime=251605s rps=729.3
2026-08-05 00:10:00,672 INFO  [scheduler.core] request completed status=404 duration=1889ms
2026-08-05 00:10:50,188 ERROR [queue.worker] health check ok uptime=381948s rps=680.5
2026-08-05 00:14:59,167 INFO  [auth.service] request completed status=500 duration=3835ms
2026-08-05 00:17:12,623 INFO  [scheduler.core] connection acquired pool_size=6 wait=331ms
2026-08-05 00:21:02,463 DEBUG [auth.service] request completed status=301 duration=499ms
2026-08-05 00:27:00,855 WARN  [db.pool] request completed status=200 duration=4493ms
2026-08-05 00:31:35,242 ERROR [auth.service] request completed status=500 duration=584ms
2026-08-05 00:35:56,659 INFO  [queue.worker] request completed status=500 duration=1995ms
2026-08-05 00:36:31,853 WARN  [queue.worker] request completed status=200 duration=2093ms
2026-08-05 00:40:09,972 WARN  [auth.service] health check ok uptime=53836s rps=875.1
2026-08-05 00:41:58,412 INFO  [scheduler.core] cache miss key_hash=a3fb5579 backing=db
2026-08-05 00:43:44,088 ERROR [db.pool] request completed status=204 duration=885ms
2026-08-06 00:48:31,639 INFO  [cache.redis] request completed status=500 duration=1757ms
2026-08-06 00:48:49,585 WARN  [cache.redis] user authenticated method=oauth2 latency=434ms
2026-08-06 00:52:11,774 ERROR [scheduler.core] connection acquired pool_size=2 wait=468ms
2026-08-06 00:54:58,319 DEBUG [queue.worker] connection acquired pool_size=15 wait=72ms
2026-08-06 00:59:15,132 INFO  [auth.service] job dispatched queue=export attempt=2
2026-08-06 01:03:59,438 INFO  [queue.worker] connection acquired pool_size=11 wait=409ms
2026-08-06 01:09:04,717 DEBUG [db.pool] user authenticated method=password latency=505ms
2026-08-06 01:11:21,382 INFO  [scheduler.core] connection acquired pool_size=37 wait=452ms
2026-08-06 01:12:21,787 INFO  [queue.worker] user authenticated method=oauth2 latency=771ms
2026-08-06 01:17:15,588 INFO  [auth.service] health check ok uptime=985996s rps=759.7
2026-08-06 01:17:39,019 WARN  [db.pool] health check ok uptime=687299s rps=781.3
2026-08-06 01:24:01,831 INFO  [scheduler.core] job dispatched queue=export attempt=1
2026-08-06 01:27:26,173 ERROR [db.pool] user authenticated method=password latency=314ms
2026-08-06 01:28:46,065 INFO  [queue.worker] health check ok uptime=338915s rps=285.5
2026-08-06 01:33:33,051 DEBUG [cache.redis] request completed status=200 duration=997ms
2026-08-06 01:34:49,236 INFO  [queue.worker] user authenticated method=token latency=18ms
2026-08-06 01:39:29,366 WARN  [db.pool] user authenticated method=password latency=339ms
2026-08-06 01:39:45,167 INFO  [cache.redis] cache miss key_hash=d3b13a5e backing=db
2026-08-06 01:46:07,175 INFO  [auth.service] cache miss key_hash=9b1dd3ae backing=db
2026-08-06 01:51:39,121 DEBUG [db.pool] job dispatched queue=billing attempt=4
2026-08-06 01:54:39,444 INFO  [queue.worker] connection acquired pool_size=60 wait=306ms
2026-08-06 01:56:16,484 WARN  [http.server] health check ok uptime=981778s rps=160.6
2026-08-06 02:00:37,701 ERROR [http.server] request completed status=201 duration=3437ms
2026-08-06 02:01:13,493 INFO  [http.server] request completed status=404 duration=1932ms
2026-08-07 02:07:23,283 INFO  [queue.worker] job dispatched queue=render attempt=2
2026-08-07 02:09:15,782 INFO  [cache.redis] cache miss key_hash=5b63a599 backing=db
2026-08-07 02:15:49,679 INFO  [auth.service] user authenticated method=password latency=834ms
2026-08-07 02:16:30,146 ERROR [queue.worker] job dispatched queue=export attempt=2
2026-08-07 02:18:42,406 WARN  [queue.worker] request completed status=200 duration=1390ms
2026-08-07 02:19:42,699 DEBUG [auth.service] connection acquired pool_size=42 wait=245ms
2026-08-07 02:23:52,705 ERROR [cache.redis] request completed status=201 duration=3084ms
2026-08-07 02:24:07,635 INFO  [cache.redis] cache miss key_hash=963072a7 backing=db
2026-08-07 02:25:51,624 WARN  [http.server] user authenticated method=token latency=28ms
2026-08-07 02:28:40,558 ERROR [queue.worker] cache miss key_hash=79e1db20 backing=db
2026-08-07 02:34:50,150 DEBUG [queue.worker] job dispatched queue=email attempt=5
2026-08-07 02:38:33,211 INFO  [cache.redis] request completed status=500 duration=4278ms
2026-08-07 02:41:08,625 INFO  [http.server] request completed status=200 duration=2916ms
2026-08-07 02:46:15,951 DEBUG [queue.worker] user authenticated method=password latency=282ms
2026-08-07 02:52:31,918 INFO  [http.server] request completed status=200 duration=2463ms
2026-08-07 02:55:40,575 DEBUG [scheduler.core] cache miss key_hash=9c693efb backing=db
2026-08-07 02:57:36,350 WARN  [cache.redis] request completed status=200 duration=1959ms
2026-08-07 03:02:24,387 WARN  [queue.worker] request completed status=500 duration=3197ms
2026-08-07 03:04:05,331 DEBUG [cache.redis] connection acquired pool_size=42 wait=198ms
2026-08-07 03:05:10,254 DEBUG [cache.redis] health check ok uptime=750006s rps=983.8
2026-08-07 03:06:11,637 INFO  [auth.service] user authenticated method=oauth2 latency=817ms
2026-08-07 03:07:00,230 INFO  [http.server] health check ok uptime=433101s rps=766.5
2026-08-07 03:12:45,850 INFO  [cache.redis] cache miss key_hash=a06042aa backing=db
2026-08-07 03:18:22,435 ERROR [scheduler.core] job dispatched queue=billing attempt=2
2026-08-08 03:22:39,287 ERROR [cache.redis] connection acquired pool_size=39 wait=215ms
2026-08-08 03:23:32,152 ERROR [auth.service] connection acquired pool_size=54 wait=16ms
2026-08-08 03:24:41,576 INFO  [cache.redis] cache miss key_hash=9a7b9315 backing=db
2026-08-08 03:26:25,661 WARN  [db.pool] user authenticated method=token latency=105ms
2026-08-08 03:32:28,141 INFO  [scheduler.core] request completed status=200 duration=3971ms
2026-08-08 03:37:03,393 INFO  [auth.service] connection acquired pool_size=60 wait=331ms
2026-08-08 03:39:10,198 DEBUG [cache.redis] job dispatched queue=email attempt=1
2026-08-08 03:45:04,376 INFO  [http.server] request completed status=204 duration=1245ms
2026-08-08 03:50:29,730 INFO  [cache.redis] job dispatched queue=export attempt=2
2026-08-08 03:55:20,833 ERROR [scheduler.core] request completed status=204 duration=843ms
2026-08-08 03:56:03,469 INFO  [db.pool] user authenticated method=oauth2 latency=178ms
2026-08-08 04:02:01,556 DEBUG [http.server] connection acquired pool_size=52 wait=483ms
2026-08-08 04:06:09,135 WARN  [http.server] request completed status=404 duration=3068ms
2026-08-08 04:12:09,502 INFO  [queue.worker] job dispatched queue=export attempt=1
2026-08-08 04:18:48,828 DEBUG [scheduler.core] user authenticated method=password latency=120ms
2026-08-08 04:23:03,145 INFO  [scheduler.core] connection acquired pool_size=44 wait=196ms
2026-08-08 04:25:41,589 WARN  [scheduler.core] health check ok uptime=803343s rps=789.0
2026-08-08 04:26:47,442 INFO  [queue.worker] user authenticated method=password latency=532ms
2026-08-08 04:27:22,737 INFO  [queue.worker] connection acquired pool_size=35 wait=342ms
2026-08-08 04:28:09,442 INFO  [auth.service] request completed status=404 duration=3913ms
2026-08-08 04:29:51,364 ERROR [queue.worker] connection acquired pool_size=12 wait=232ms
2026-08-08 04:31:07,016 INFO  [http.server] connection acquired pool_size=47 wait=416ms
2026-08-08 04:31:27,080 INFO  [cache.redis] job dispatched queue=billing attempt=5
2026-08-08 04:32:04,531 INFO  [db.pool] job dispatched queue=email attempt=4
2026-08-09 04:32:57,054 INFO  [cache.redis] health check ok uptime=493204s rps=507.8
2026-08-09 04:34:28,024 WARN  [cache.redis] job dispatched queue=email attempt=2
2026-08-09 04:38:13,835 DEBUG [queue.worker] job dispatched queue=billing attempt=1
2026-08-09 04:44:50,195 INFO  [auth.service] connection acquired pool_size=39 wait=400ms
2026-08-09 04:48:36,195 INFO  [auth.service] connection acquired pool_size=51 wait=216ms
2026-08-09 04:51:04,682 INFO  [queue.worker] user authenticated method=oauth2 latency=3ms
2026-08-09 04:56:38,703 INFO  [db.pool] job dispatched queue=email attempt=1
2026-08-09 05:00:03,018 INFO  [queue.worker] connection acquired pool_size=26 wait=332ms
2026-08-09 05:06:35,139 WARN  [auth.service] cache miss key_hash=75470dbc backing=db
2026-08-09 05:10:44,014 INFO  [http.server] user authenticated method=token latency=32ms
2026-08-09 05:12:28,669 WARN  [http.server] user authenticated method=password latency=772ms
2026-08-09 05:15:48,917 INFO  [db.pool] connection acquired pool_size=38 wait=266ms
2026-08-09 05:21:57,658 ERROR [http.server] user authenticated method=password latency=109ms
2026-08-09 05:25:31,595 INFO  [auth.service] user authenticated method=oauth2 latency=561ms
2026-08-09 05:29:28,558 INFO  [cache.redis] connection acquired pool_size=34 wait=9ms
2026-08-09 05:29:44,680 DEBUG [queue.worker] connection acquired pool_size=31 wait=247ms
2026-08-09 05:35:55,238 INFO  [http.server] request completed status=201 duration=3432ms
2026-08-09 05:40:23,823 DEBUG [cache.redis] connection acquired pool_size=40 wait=29ms
2026-08-09 05:44:49,795 INFO  [http.server] health check ok uptime=404215s rps=884.1
2026-08-09 05:45:09,670 ERROR [auth.service] job dispatched queue=billing attempt=1
2026-08-09 05:46:22,730 INFO  [cache.redis] cache miss key_hash=4691628a backing=db
2026-08-09 05:51:30,605 ERROR [queue.worker] job dispatched queue=export attempt=2
2026-08-09 05:57:29,541 INFO  [scheduler.core] job dispatched queue=email attempt=2
2026-08-09 06:02:56,837 WARN  [http.server] cache miss key_hash=4c990e74 backing=db
2026-08-10 06:07:48,064 INFO  [queue.worker] connection acquired pool_size=59 wait=180ms
2026-08-10 06:12:11,580 INFO  [cache.redis] cache miss key_hash=3515cbce backing=db
2026-08-10 06:16:13,906 INFO  [http.server] health check ok uptime=92196s rps=116.9
2026-08-10 06:17:36,802 INFO  [auth.service] user authenticated method=oauth2 latency=496ms
2026-08-10 06:18:59,025 DEBUG [http.server] user authenticated method=oauth2 latency=850ms
2026-08-10 06:24:29,269 INFO  [queue.worker] connection acquired pool_size=32 wait=360ms
2026-08-10 06:29:42,579 WARN  [db.pool] cache miss key_hash=232639fc backing=db
2026-08-10 06:30:18,009 DEBUG [auth.service] cache miss key_hash=1f9b43dd backing=db
2026-08-10 06:34:21,690 INFO  [scheduler.core] cache miss key_hash=7e8f7e6d backing=db
2026-08-10 06:40:03,120 INFO  [http.server] cache miss key_hash=6951bc97 backing=db
2026-08-10 06:43:44,626 DEBUG [cache.redis] cache miss key_hash=71558468 backing=db
2026-08-10 06:48:49,736 INFO  [cache.redis] health check ok uptime=116419s rps=705.8
2026-08-10 06:54:49,311 ERROR [http.server] request completed status=200 duration=3771ms
2026-08-10 07:00:31,658 ERROR [cache.redis] health check ok uptime=879844s rps=69.4
2026-08-10 07:06:29,464 INFO  [http.server] job dispatched queue=export attempt=3
2026-08-10 07:09:11,923 INFO  [http.server] user authenticated method=token latency=674ms
2026-08-10 07:13:35,269 WARN  [queue.worker] connection acquired pool_size=28 wait=484ms
2026-08-10 07:16:26,361 ERROR [db.pool] job dispatched queue=email attempt=2
2026-08-10 07:17:16,201 DEBUG [queue.worker] job dispatched queue=billing attempt=2
2026-08-10 07:18:37,587 WARN  [db.pool] health check ok uptime=526564s rps=447.2
2026-08-10 07:21:43,505 INFO  [db.pool] job dispatched queue=export attempt=5
2026-08-10 07:26:10,678 ERROR [db.pool] cache miss key_hash=3d630e53 backing=db
2026-08-10 07:27:46,631 WARN  [cache.redis] user authenticated method=oauth2 latency=301ms
2026-08-10 07:28:51,270 INFO  [auth.service] job dispatched queue=export attempt=5
2026-08-11 07:33:10,119 DEBUG [scheduler.core] health check ok uptime=90460s rps=956.2
2026-08-11 07:39:13,864 INFO  [auth.service] request completed status=200 duration=2332ms
2026-08-11 07:45:49,176 ERROR [db.pool] request completed status=404 duration=3147ms
2026-08-11 07:51:24,878 INFO  [scheduler.core] user authenticated method=password latency=419ms
2026-08-11 07:54:22,420 INFO  [auth.service] request completed status=204 duration=2762ms
2026-08-11 07:58:01,040 INFO  [http.server] user authenticated method=password latency=185ms
2026-08-11 07:58:59,426 DEBUG [cache.redis] job dispatched queue=email attempt=4
2026-08-11 07:59:45,296 INFO  [queue.worker] request completed status=404 duration=4434ms
2026-08-11 08:05:28,955 INFO  [scheduler.core] cache miss key_hash=52c37ad5 backing=db
2026-08-11 08:08:43,787 INFO  [queue.worker] job dispatched queue=email attempt=2
2026-08-11 08:10:58,085 INFO  [cache.redis] cache miss key_hash=18564312 backing=db
2026-08-11 08:16:43,278 DEBUG [cache.redis] job dispatched queue=billing attempt=1
2026-08-11 08:19:29,903 ERROR [queue.worker] job dispatched queue=email attempt=2
2026-08-11 08:24:02,196 INFO  [queue.worker] health check ok uptime=664645s rps=180.9
2026-08-11 08:26:58,054 DEBUG [cache.redis] request completed status=201 duration=2508ms
2026-08-11 08:32:36,170 WARN  [auth.service] job dispatched queue=export attempt=3
2026-08-11 08:39:07,776 DEBUG [auth.service] job dispatched queue=billing attempt=4
2026-08-11 08:45:20,711 ERROR [http.server] connection acquired pool_size=26 wait=235ms
2026-08-11 08:51:43,171 INFO  [queue.worker] connection acquired pool_size=18 wait=128ms
2026-08-11 08:57:22,475 INFO  [scheduler.core] job dispatched queue=export attempt=5
2026-08-11 09:03:18,594 INFO  [scheduler.core] job dispatched queue=email attempt=3
2026-08-11 09:05:36,568 DEBUG [auth.service] health check ok uptime=55042s rps=542.5
2026-08-11 09:06:48,492 INFO  [http.server] user authenticated method=token latency=606ms
2026-08-11 09:12:25,619 WARN  [cache.redis] cache miss key_hash=4835c2eb backing=db
2026-08-12 09:15:25,424 INFO  [auth.service] connection acquired pool_size=54 wait=151ms
2026-08-12 09:18:44,745 INFO  [auth.service] health check ok uptime=204134s rps=757.0
2026-08-12 09:19:10,873 INFO  [queue.worker] connection acquired pool_size=40 wait=494ms
2026-08-12 09:22:53,936 DEBUG [auth.service] job dispatched queue=billing attempt=3
2026-08-12 09:29:17,629 ERROR [cache.redis] user authenticated method=token latency=706ms
2026-08-12 09:29:34,809 INFO  [cache.redis] job dispatched queue=email attempt=5
2026-08-12 09:33:51,002 WARN  [auth.service] request completed status=201 duration=4385ms
2026-08-12 09:38:06,174 INFO  [scheduler.core] connection acquired pool_size=22 wait=499ms
2026-08-12 09:42:35,427 INFO  [scheduler.core] job dispatched queue=email attempt=4
2026-08-12 09:48:15,672 INFO  [scheduler.core] user authenticated method=password latency=210ms
2026-08-12 09:50:25,445 ERROR [http.server] health check ok uptime=976235s rps=503.8
2026-08-12 09:55:33,611 INFO  [db.pool] health check ok uptime=98353s rps=372.8
2026-08-12 10:00:25,543 WARN  [scheduler.core] health check ok uptime=64540s rps=891.8
2026-08-12 10:00:36,194 INFO  [queue.worker] request completed status=301 duration=119ms
2026-08-12 10:02:23,488 INFO  [db.pool] job dispatched queue=billing attempt=4
2026-08-12 10:05:01,854 ERROR [http.server] request completed status=500 duration=3812ms
2026-08-12 10:10:27,632 ERROR [cache.redis] health check ok uptime=952456s rps=851.0
2026-08-12 10:12:21,713 INFO  [scheduler.core] job dispatched queue=render attempt=1
2026-08-12 10:15:25,908 INFO  [http.server] cache miss key_hash=5e8de99c backing=db
2026-08-12 10:16:20,438 INFO  [db.pool] job dispatched queue=email attempt=1
2026-08-12 10:16:59,170 INFO  [db.pool] health check ok uptime=913851s rps=388.7
2026-08-12 10:18:07,412 WARN  [scheduler.core] connection acquired pool_size=28 wait=68ms
2026-08-12 10:22:07,537 INFO  [queue.worker] request completed status=204 duration=3734ms
2026-08-12 10:24:00,891 DEBUG [scheduler.core] health check ok uptime=279653s rps=762.7
2026-08-13 10:26:09,903 WARN  [queue.worker] health check ok uptime=943442s rps=658.3
2026-08-13 10:32:24,596 DEBUG [queue.worker] health check ok uptime=200020s rps=202.6
2026-08-13 10:34:42,993 DEBUG [scheduler.core] request completed status=201 duration=4371ms
2026-08-13 10:36:14,443 INFO  [scheduler.core] request completed status=500 duration=4962ms
2026-08-13 10:39:29,557 INFO  [scheduler.core] user authenticated method=password latency=8ms
2026-08-13 10:40:55,717 DEBUG [queue.worker] request completed status=500 duration=50ms
2026-08-13 10:45:46,499 WARN  [auth.service] health check ok uptime=969369s rps=885.5
2026-08-13 10:47:13,378 INFO  [http.server] request completed status=500 duration=4931ms
2026-08-13 10:53:50,907 WARN  [auth.service] cache miss key_hash=7385de3b backing=db
2026-08-13 10:56:48,436 ERROR [cache.redis] job dispatched queue=render attempt=4
2026-08-13 11:01:44,111 WARN  [http.server] connection acquired pool_size=62 wait=151ms
2026-08-13 11:06:17,681 INFO  [cache.redis] job dispatched queue=render attempt=1
2026-08-13 11:12:02,417 ERROR [auth.service] request completed status=200 duration=2665ms
2026-08-13 11:13:41,949 INFO  [auth.service] request completed status=204 duration=1012ms
2026-08-13 11:18:16,498 INFO  [scheduler.core] health check ok uptime=667243s rps=85.1
2026-08-13 11:22:48,434 WARN  [db.pool] job dispatched queue=export attempt=2
2026-08-13 11:25:20,993 ERROR [queue.worker] cache miss key_hash=1234c98e backing=db
2026-08-13 11:31:15,309 ERROR [db.pool] user authenticated method=password latency=605ms
2026-08-13 11:32:02,354 WARN  [auth.service] job dispatched queue=email attempt=2
2026-08-13 11:37:32,698 WARN  [http.server] user authenticated method=password latency=365ms
2026-08-13 11:38:35,036 WARN  [auth.service] request completed status=301 duration=2688ms
2026-08-13 11:44:36,910 WARN  [scheduler.core] request completed status=404 duration=1869ms
2026-08-13 11:47:12,519 INFO  [auth.service] job dispatched queue=export attempt=5
2026-08-13 11:48:09,629 ERROR [cache.redis] job dispatched queue=billing attempt=2
2026-08-14 11:54:32,449 WARN  [queue.worker] request completed status=201 duration=519ms
2026-08-14 11:57:27,962 INFO  [auth.service] user authenticated method=oauth2 latency=618ms
2026-08-14 12:02:39,751 INFO  [db.pool] request completed status=301 duration=1173ms
2026-08-14 12:05:25,069 INFO  [cache.redis] request completed status=404 duration=392ms
2026-08-14 12:06:16,672 INFO  [scheduler.core] user authenticated method=oauth2 latency=443ms
2026-08-14 12:08:24,711 INFO  [queue.worker] job dispatched queue=export attempt=2
2026-08-14 12:11:24,873 ERROR [scheduler.core] cache miss key_hash=905f768c backing=db
2026-08-14 12:14:56,374 WARN  [cache.redis] job dispatched queue=email attempt=2
2026-08-14 12:19:08,906 INFO  [cache.redis] request completed status=200 duration=3586ms
2026-08-14 12:21:37,411 INFO  [auth.service] health check ok uptime=985888s rps=115.3
2026-08-14 12:25:37,284 INFO  [db.pool] connection acquired pool_size=59 wait=183ms
2026-08-14 12:27:19,323 INFO  [queue.worker] request completed status=500 duration=3294ms
2026-08-14 12:29:39,628 INFO  [cache.redis] connection acquired pool_size=56 wait=467ms
2026-08-14 12:34:13,198 WARN  [http.server] user authenticated method=oauth2 latency=37ms
2026-08-14 12:36:02,594 DEBUG [queue.worker] connection acquired pool_size=64 wait=449ms
2026-08-14 12:41:53,101 ERROR [http.server] request completed status=404 duration=2511ms
2026-08-14 12:44:56,956 INFO  [cache.redis] user authenticated method=password latency=868ms
2026-08-14 12:45:12,486 INFO  [db.pool] job dispatched queue=email attempt=3
2026-08-14 12:49:51,321 INFO  [http.server] connection acquired pool_size=43 wait=404ms
2026-08-14 12:51:54,777 INFO  [queue.worker] request completed status=200 duration=1000ms
2026-08-14 12:53:42,920 INFO  [scheduler.core] user authenticated method=password latency=254ms
2026-08-14 12:54:25,855 DEBUG [http.server] health check ok uptime=612869s rps=920.3
2026-08-14 12:57:34,313 INFO  [auth.service] job dispatched queue=render attempt=3
2026-08-14 12:58:17,010 WARN  [db.pool] connection acquired pool_size=63 wait=430ms
2026-08-15 13:01:03,223 WARN  [db.pool] request completed status=500 duration=4565ms
2026-08-15 13:04:29,037 DEBUG [cache.redis] request completed status=204 duration=3969ms
2026-08-15 13:10:31,759 INFO  [http.server] job dispatched queue=render attempt=1
2026-08-15 13:11:22,498 INFO  [auth.service] user authenticated method=password latency=630ms
2026-08-15 13:11:35,534 DEBUG [scheduler.core] request completed status=404 duration=2640ms
2026-08-15 13:15:06,875 INFO  [auth.service] user authenticated method=token latency=221ms
2026-08-15 13:20:14,598 INFO  [queue.worker] connection acquired pool_size=2 wait=304ms
2026-08-15 13:22:05,091 INFO  [http.server] cache miss key_hash=4d536956 backing=db
2026-08-15 13:24:11,861 INFO  [db.pool] job dispatched queue=render attempt=3
2026-08-15 13:30:35,606 INFO  [db.pool] connection acquired pool_size=16 wait=311ms
2026-08-15 13:35:59,227 DEBUG [scheduler.core] cache miss key_hash=7cb7fb92 backing=db
2026-08-15 13:39:53,191 DEBUG [auth.service] health check ok uptime=266367s rps=79.1
2026-08-15 13:45:04,655 WARN  [cache.redis] health check ok uptime=99801s rps=676.3
2026-08-15 13:48:11,858 ERROR [queue.worker] cache miss key_hash=fdd9ba28 backing=db
2026-08-15 13:48:28,619 INFO  [http.server] cache miss key_hash=2a4bad8f backing=db
2026-08-15 13:49:59,872 DEBUG [auth.service] job dispatched queue=export attempt=4
2026-08-15 13:55:16,456 ERROR [scheduler.core] user authenticated method=password latency=199ms
2026-08-15 14:00:06,951 ERROR [scheduler.core] connection acquired pool_size=14 wait=313ms
2026-08-15 14:00:26,203 WARN  [db.pool] user authenticated method=token latency=32ms
2026-08-15 14:02:54,931 DEBUG [db.pool] user authenticated method=oauth2 latency=847ms
2026-08-15 14:05:22,115 INFO  [scheduler.core] user authenticated method=oauth2 latency=712ms
2026-08-15 14:10:51,966 INFO  [http.server] cache miss key_hash=3a913f1a backing=db
2026-08-15 14:13:24,404 WARN  [queue.worker] user authenticated method=password latency=492ms
2026-08-15 14:17:42,488 INFO  [queue.worker] health check ok uptime=934855s rps=720.9
2026-08-16 14:22:27,045 INFO  [queue.worker] cache miss key_hash=9924c133 backing=db
2026-08-16 14:24:20,700 ERROR [scheduler.core] user authenticated method=oauth2 latency=516ms
2026-08-16 14:25:59,628 INFO  [queue.worker] cache miss key_hash=cee56acf backing=db
2026-08-16 14:31:55,628 DEBUG [db.pool] job dispatched queue=render attempt=5
2026-08-16 14:37:22,503 DEBUG [http.server] user authenticated method=password latency=428ms
2026-08-16 14:41:37,962 ERROR [scheduler.core] connection acquired pool_size=60 wait=247ms
2026-08-16 14:45:58,242 WARN  [scheduler.core] cache miss key_hash=3d168b87 backing=db
2026-08-16 14:48:53,125 DEBUG [scheduler.core] connection acquired pool_size=19 wait=44ms
2026-08-16 14:52:51,808 DEBUG [queue.worker] cache miss key_hash=a693b295 backing=db
2026-08-16 14:53:06,981 DEBUG [db.pool] request completed status=301 duration=1150ms
2026-08-16 14:54:13,968 INFO  [http.server] job dispatched queue=billing attempt=2
2026-08-16 14:55:24,993 INFO  [auth.service] job dispatched queue=export attempt=2
2026-08-16 14:56:57,788 WARN  [cache.redis] job dispatched queue=export attempt=1
2026-08-16 15:02:07,194 INFO  [http.server] job dispatched queue=email attempt=2
2026-08-16 15:06:57,685 INFO  [auth.service] user authenticated method=password latency=832ms
2026-08-16 15:09:10,917 WARN  [scheduler.core] request completed status=404 duration=4066ms
2026-08-16 15:13:24,372 INFO  [auth.service] job dispatched queue=export attempt=2
2026-08-16 15:17:17,322 INFO  [auth.service] request completed status=201 duration=1945ms
2026-08-16 15:19:53,644 INFO  [auth.service] connection acquired pool_size=38 wait=54ms
2026-08-16 15:24:49,645 WARN  [auth.service] request completed status=404 duration=4291ms
2026-08-16 15:27:16,103 INFO  [db.pool] health check ok uptime=823386s rps=864.7
2026-08-16 15:31:10,894 INFO  [db.pool] cache miss key_hash=ee1e1604 backing=db
2026-08-16 15:33:13,916 INFO  [auth.service] connection acquired pool_size=6 wait=221ms
2026-08-16 15:38:56,854 WARN  [queue.worker] request completed status=200 duration=2126ms
2026-08-17 15:43:35,006 DEBUG [queue.worker] health check ok uptime=91932s rps=811.1
2026-08-17 15:46:25,372 INFO  [cache.redis] job dispatched queue=render attempt=2
2026-08-17 15:51:18,986 INFO  [auth.service] request completed status=301 duration=3496ms
2026-08-17 15:55:54,101 INFO  [queue.worker] job dispatched queue=export attempt=4
2026-08-17 15:58:41,106 ERROR [http.server] connection acquired pool_size=55 wait=57ms
2026-08-17 16:03:49,398 INFO  [scheduler.core] cache miss key_hash=9f0bcb4a backing=db
2026-08-17 16:08:27,533 INFO  [scheduler.core] health check ok uptime=704836s rps=473.7
2026-08-17 16:11:44,632 INFO  [db.pool] health check ok uptime=30872s rps=23.9
2026-08-17 16:15:21,239 WARN  [http.server] health check ok uptime=491125s rps=337.3
2026-08-17 16:18:11,499 WARN  [auth.service] connection acquired pool_size=30 wait=437ms
2026-08-17 16:22:28,911 INFO  [http.server] user authenticated method=password latency=630ms
2026-08-17 16:27:34,910 ERROR [auth.service] health check ok uptime=453491s rps=46.0
2026-08-17 16:31:43,435 INFO  [scheduler.core] connection acquired pool_size=7 wait=120ms
2026-08-17 16:36:17,702 ERROR [db.pool] connection acquired pool_size=45 wait=121ms
2026-08-17 16:36:59,967 ERROR [queue.worker] connection acquired pool_size=29 wait=229ms
2026-08-17 16:42:40,166 WARN  [cache.redis] connection acquired pool_size=57 wait=486ms
2026-08-17 16:45:55,473 WARN  [http.server] job dispatched queue=export attempt=1
2026-08-17 16:48:50,744 DEBUG [auth.service] cache miss key_hash=ef3d1eda backing=db
2026-08-17 16:51:04,380 INFO  [cache.redis] user authenticated method=token latency=672ms
2026-08-17 16:53:51,380 DEBUG [cache.redis] request completed status=500 duration=2848ms
2026-08-17 16:56:57,618 INFO  [db.pool] job dispatched queue=billing attempt=3
2026-08-17 16:59:23,729 WARN  [queue.worker] connection acquired pool_size=24 wait=385ms
2026-08-17 16:59:48,770 INFO  [http.server] request completed status=201 duration=3503ms
2026-08-17 17:04:27,199 ERROR [queue.worker] health check ok uptime=757231s rps=113.7
2026-08-18 17:07:46,387 INFO  [queue.worker] request completed status=404 duration=301ms
2026-08-18 17:10:37,285 INFO  [auth.service] connection acquired pool_size=53 wait=171ms
2026-08-18 17:13:26,915 WARN  [auth.service] connection acquired pool_size=30 wait=453ms
2026-08-18 17:13:59,509 WARN  [auth.service] connection acquired pool_size=12 wait=328ms
2026-08-18 17:17:12,336 INFO  [http.server] user authenticated method=password latency=622ms
2026-08-18 17:21:39,969 DEBUG [queue.worker] health check ok uptime=174025s rps=473.3
2026-08-18 17:25:10,026 WARN  [auth.service] health check ok uptime=651910s rps=902.1
2026-08-18 17:31:24,525 ERROR [db.pool] request completed status=301 duration=1286ms
2026-08-18 17:31:44,716 DEBUG [scheduler.core] cache miss key_hash=542b1b55 backing=db
2026-08-18 17:34:04,446 INFO  [http.server] health check ok uptime=586734s rps=357.9
2026-08-18 17:40:05,772 DEBUG [http.server] health check ok uptime=551121s rps=219.3
2026-08-18 17:41:49,910 DEBUG [cache.redis] health check ok uptime=334100s rps=287.4
2026-08-18 17:43:43,852 ERROR [queue.worker] health check ok uptime=168816s rps=138.6
2026-08-18 17:48:00,735 INFO  [cache.redis] job dispatched queue=billing attempt=3
2026-08-18 17:50:25,482 INFO  [auth.service] request completed status=204 duration=3248ms
2026-08-18 17:55:46,077 ERROR [scheduler.core] connection acquired pool_size=34 wait=402ms
2026-08-18 17:56:51,662 INFO  [cache.redis] request completed status=404 duration=3339ms
2026-08-18 18:02:18,431 INFO  [auth.service] connection acquired pool_size=64 wait=450ms
2026-08-18 18:02:46,672 WARN  [cache.redis] user authenticated method=oauth2 latency=779ms
2026-08-18 18:07:50,766 INFO  [http.server] cache miss key_hash=c9c1a071 backing=db
2026-08-18 18:13:22,589 ERROR [db.pool] cache miss key_hash=f273cba2 backing=db
2026-08-18 18:19:35,288 INFO  [queue.worker] connection acquired pool_size=9 wait=179ms
2026-08-18 18:20:50,396 DEBUG [cache.redis] health check ok uptime=245621s rps=763.9
2026-08-18 18:21:56,713 INFO  [queue.worker] request completed status=201 duration=3607ms
2026-08-19 18:22:44,531 INFO  [scheduler.core] request completed status=200 duration=4837ms
2026-08-19 18:24:41,914 ERROR [cache.redis] health check ok uptime=239562s rps=581.9
2026-08-19 18:28:33,235 ERROR [cache.redis] job dispatched queue=export attempt=1
2026-08-19 18:29:54,931 ERROR [queue.worker] cache miss key_hash=5e1f3bd6 backing=db
2026-08-19 18:35:37,643 ERROR [queue.worker] request completed status=500 duration=1139ms
2026-08-19 18:39:15,770 DEBUG [auth.service] connection acquired pool_size=5 wait=199ms
2026-08-19 18:39:44,469 WARN  [db.pool] user authenticated method=token latency=704ms
2026-08-19 18:45:29,838 WARN  [queue.worker] job dispatched queue=render attempt=3
2026-08-19 18:48:38,965 WARN  [scheduler.core] job dispatched queue=email attempt=1
2026-08-19 18:53:22,457 DEBUG [scheduler.core] request completed status=201 duration=4368ms
2026-08-19 18:54:43,081 INFO  [auth.service] health check ok uptime=940051s rps=641.9
2026-08-19 18:57:46,700 INFO  [queue.worker] request completed status=200 duration=630ms
2026-08-19 18:58:33,074 INFO  [scheduler.core] cache miss key_hash=2566004d backing=db
2026-08-19 19:00:20,613 WARN  [queue.worker] user authenticated method=oauth2 latency=249ms
2026-08-19 19:03:38,272 INFO  [db.pool] request completed status=500 duration=2543ms
2026-08-19 19:04:05,225 DEBUG [queue.worker] cache miss key_hash=6303159b backing=db
2026-08-19 19:09:27,152 INFO  [db.pool] cache miss key_hash=9a407dd2 backing=db
2026-08-19 19:09:43,001 INFO  [queue.worker] health check ok uptime=205227s rps=47.9
2026-08-19 19:15:39,075 INFO  [auth.service] job dispatched queue=billing attempt=4
2026-08-19 19:19:40,595 ERROR [http.server] health check ok uptime=912797s rps=317.0
2026-08-19 19:24:19,577 INFO  [cache.redis] request completed status=500 duration=179ms
2026-08-19 19:27:15,915 INFO  [http.server] job dispatched queue=email attempt=5
2026-08-19 19:29:26,385 ERROR [queue.worker] request completed status=500 duration=1940ms
2026-08-19 19:32:35,481 INFO  [http.server] request completed status=500 duration=1602ms
2026-08-20 19:35:28,602 INFO  [db.pool] user authenticated method=token latency=475ms
2026-08-20 19:37:25,747 INFO  [db.pool] connection acquired pool_size=26 wait=64ms
2026-08-20 19:42:37,953 WARN  [scheduler.core] job dispatched queue=email attempt=3
2026-08-20 19:47:51,558 WARN  [db.pool] request completed status=201 duration=158ms
2026-08-20 19:54:23,894 WARN  [db.pool] connection acquired pool_size=50 wait=470ms
2026-08-20 19:56:47,707 INFO  [auth.service] cache miss key_hash=1b384cd2 backing=db
2026-08-20 19:59:38,553 INFO  [db.pool] user authenticated method=token latency=856ms
2026-08-20 20:05:26,171 DEBUG [auth.service] connection acquired pool_size=56 wait=371ms
2026-08-20 20:09:46,562 INFO  [auth.service] request completed status=201 duration=4283ms
2026-08-20 20:12:24,124 INFO  [db.pool] request completed status=301 duration=614ms
2026-08-20 20:17:01,057 INFO  [auth.service] health check ok uptime=809691s rps=361.6
2026-08-20 20:20:56,179 INFO  [scheduler.core] job dispatched queue=render attempt=4
2026-08-20 20:25:42,206 INFO  [auth.service] health check ok uptime=385666s rps=640.1
2026-08-20 20:31:54,348 DEBUG [queue.worker] request completed status=200 duration=2201ms
2026-08-20 20:35:37,729 INFO  [auth.service] request completed status=404 duration=43ms
2026-08-20 20:39:46,702 DEBUG [cache.redis] user authenticated method=token latency=521ms
2026-08-20 20:45:04,962 INFO  [auth.service] job dispatched queue=billing attempt=4
2026-08-20 20:49:56,599 INFO  [cache.redis] health check ok uptime=322486s rps=832.1
2026-08-20 20:54:16,371 INFO  [queue.worker] user authenticated method=password latency=75ms
2026-08-20 20:57:19,262 WARN  [auth.service] cache miss key_hash=ff66d7f1 backing=db
2026-08-20 20:59:09,995 INFO  [auth.service] connection acquired pool_size=34 wait=74ms
2026-08-20 21:05:40,634 INFO  [db.pool] request completed status=201 duration=3043ms
2026-08-20 21:06:26,743 INFO  [cache.redis] health check ok uptime=634254s rps=877.8
2026-08-20 21:11:32,291 DEBUG [auth.service] health check ok uptime=443336s rps=118.1
2026-08-21 21:15:02,215 WARN  [queue.worker] connection acquired pool_size=11 wait=67ms
2026-08-21 21:20:07,272 INFO  [db.pool] cache miss key_hash=3fedcdcd backing=db
2026-08-21 21:23:30,947 INFO  [queue.worker] user authenticated method=oauth2 latency=848ms
2026-08-21 21:26:56,081 ERROR [db.pool] user authenticated method=token latency=353ms
2026-08-21 21:31:25,703 INFO  [db.pool] health check ok uptime=411027s rps=817.9
2026-08-21 21:37:11,393 DEBUG [cache.redis] cache miss key_hash=9b7b76c3 backing=db
2026-08-21 21:38:19,553 ERROR [cache.redis] user authenticated method=password latency=29ms
2026-08-21 21:44:03,510 WARN  [cache.redis] connection acquired pool_size=3 wait=227ms
2026-08-21 21:44:46,944 DEBUG [auth.service] user authenticated method=password latency=245ms
2026-08-21 21:50:18,482 WARN  [cache.redis] request completed status=204 duration=1291ms
2026-08-21 21:51:19,908 WARN  [scheduler.core] user authenticated method=token latency=382ms
2026-08-21 21:56:04,252 INFO  [cache.redis] health check ok uptime=271062s rps=243.5
2026-08-21 21:57:47,502 INFO  [scheduler.core] health check ok uptime=187037s rps=260.2
2026-08-21 22:03:23,980 WARN  [scheduler.core] connection acquired pool_size=23 wait=212ms
2026-08-21 22:08:02,199 INFO  [db.pool] connection acquired pool_size=48 wait=303ms
2026-08-21 22:08:12,611 INFO  [db.pool] health check ok uptime=415698s rps=623.7
2026-08-21 22:13:37,722 DEBUG [http.server] connection acquired pool_size=57 wait=131ms
2026-08-21 22:15:05,065 INFO  [scheduler.core] job dispatched queue=export attempt=2
2026-08-21 22:19:51,647 DEBUG [db.pool] health check ok uptime=970231s rps=439.8
2026-08-21 22:25:50,148 INFO  [queue.worker] job dispatched queue=email attempt=5
2026-08-21 22:32:10,107 INFO  [scheduler.core] request completed status=201 duration=729ms
2026-08-21 22:33:01,238 DEBUG [auth.service] job dispatched queue=billing attempt=2
2026-08-21 22:39:41,070 DEBUG [scheduler.core] job dispatched queue=billing attempt=4
2026-08-21 22:43:13,008 WARN  [auth.service] user authenticated method=password latency=481ms
2026-08-22 22:44:32,962 INFO  [scheduler.core] user authenticated method=oauth2 latency=623ms
2026-08-22 22:49:42,477 INFO  [queue.worker] health check ok uptime=578154s rps=380.7
2026-08-22 22:50:35,841 ERROR [cache.redis] cache miss key_hash=a17c2a8c backing=db
2026-08-22 22:54:56,186 INFO  [auth.service] job dispatched queue=billing attempt=2
2026-08-22 22:58:05,542 INFO  [cache.redis] connection acquired pool_size=26 wait=252ms
2026-08-22 23:04:00,859 INFO  [auth.service] health check ok uptime=570210s rps=431.5
2026-08-22 23:06:36,365 INFO  [cache.redis] user authenticated method=token latency=715ms
2026-08-22 23:09:01,377 INFO  [scheduler.core] cache miss key_hash=9129b90c backing=db
2026-08-22 23:10:48,591 DEBUG [http.server] job dispatched queue=render attempt=4
2026-08-22 23:13:30,142 INFO  [http.server] user authenticated method=oauth2 latency=129ms
2026-08-22 23:16:32,252 WARN  [db.pool] user authenticated method=oauth2 latency=872ms
2026-08-22 23:18:47,215 ERROR [auth.service] job dispatched queue=render attempt=5
2026-08-22 23:24:32,519 WARN  [scheduler.core] request completed status=201 duration=4954ms
2026-08-22 23:27:15,281 WARN  [scheduler.core] request completed status=500 duration=736ms
2026-08-22 23:33:53,708 ERROR [auth.service] connection acquired pool_size=55 wait=107ms
2026-08-22 23:40:27,529 INFO  [scheduler.core] job dispatched queue=export attempt=2
2026-08-22 23:43:45,316 WARN  [http.server] connection acquired pool_size=37 wait=484ms
2026-08-22 23:47:40,018 INFO  [http.server] connection acquired pool_size=14 wait=42ms
2026-08-22 23:48:11,661 INFO  [cache.redis] health check ok uptime=456650s rps=452.8
2026-08-22 23:50:44,929 ERROR [cache.redis] user authenticated method=oauth2 latency=418ms
2026-08-22 23:51:14,389 INFO  [scheduler.core] request completed status=201 duration=1663ms
2026-08-22 23:55:43,582 INFO  [scheduler.core] request completed status=201 duration=1192ms
2026-08-22 23:56:38,394 INFO  [auth.service] connection acquired pool_size=39 wait=436ms
2026-08-22 00:03:03,296 INFO  [http.server] job dispatched queue=render attempt=2
2026-08-23 00:04:17,746 INFO  [db.pool] cache miss key_hash=32bf9a8a backing=db
2026-08-23 00:08:11,510 DEBUG [db.pool] connection acquired pool_size=63 wait=405ms
2026-08-23 00:12:38,876 DEBUG [db.pool] connection acquired pool_size=29 wait=475ms
2026-08-23 00:17:49,769 INFO  [scheduler.core] cache miss key_hash=d2373751 backing=db
2026-08-23 00:20:35,946 ERROR [cache.redis] connection acquired pool_size=42 wait=276ms
2026-08-23 00:24:22,608 ERROR [db.pool] request completed status=500 duration=1493ms
2026-08-23 00:29:52,629 INFO  [queue.worker] job dispatched queue=email attempt=3
2026-08-23 00:32:19,009 WARN  [auth.service] health check ok uptime=929884s rps=48.5
2026-08-23 00:38:40,502 INFO  [scheduler.core] connection acquired pool_size=26 wait=97ms
2026-08-23 00:41:06,339 INFO  [db.pool] connection acquired pool_size=26 wait=418ms
2026-08-23 00:42:51,124 WARN  [queue.worker] request completed status=204 duration=1453ms
2026-08-23 00:48:31,404 INFO  [scheduler.core] health check ok uptime=372092s rps=698.9
2026-08-23 00:50:04,272 WARN  [scheduler.core] connection acquired pool_size=1 wait=236ms
2026-08-23 00:52:21,980 WARN  [scheduler.core] request completed status=200 duration=1167ms
2026-08-23 00:57:37,705 DEBUG [scheduler.core] cache miss key_hash=368c4003 backing=db
2026-08-23 00:58:55,993 DEBUG [queue.worker] connection acquired pool_size=51 wait=223ms
2026-08-23 01:03:02,711 INFO  [db.pool] job dispatched queue=export attempt=1
2026-08-23 01:05:35,599 INFO  [scheduler.core] health check ok uptime=322433s rps=559.0
2026-08-23 01:06:34,359 INFO  [cache.redis] cache miss key_hash=c2d638f2 backing=db
2026-08-23 01:09:14,559 INFO  [scheduler.core] request completed status=200 duration=1196ms
2026-08-23 01:12:20,445 WARN  [auth.service] connection acquired pool_size=10 wait=24ms
2026-08-23 01:14:06,127 INFO  [cache.redis] connection acquired pool_size=43 wait=388ms
2026-08-23 01:14:26,264 INFO  [http.server] health check ok uptime=57971s rps=357.4
2026-08-23 01:18:10,350 INFO  [http.server] request completed status=301 duration=4155ms
2026-08-24 01:18:48,381 ERROR [cache.redis] health check ok uptime=7707s rps=29.0
2026-08-24 01:25:02,322 DEBUG [db.pool] job dispatched queue=export attempt=5
2026-08-24 01:28:14,681 INFO  [cache.redis] connection acquired pool_size=45 wait=81ms
2026-08-24 01:32:03,333 INFO  [cache.redis] connection acquired pool_size=62 wait=132ms
2026-08-24 01:36:04,999 WARN  [cache.redis] cache miss key_hash=69598250 backing=db
2026-08-24 01:38:22,830 DEBUG [auth.service] cache miss key_hash=4845a6a9 backing=db
2026-08-24 01:41:07,217 ERROR [cache.redis] connection acquired pool_size=35 wait=483ms
2026-08-24 01:44:36,925 INFO  [queue.worker] health check ok uptime=33808s rps=301.4
2026-08-24 01:49:46,609 ERROR [queue.worker] user authenticated method=token latency=468ms
2026-08-24 01:55:53,282 ERROR [queue.worker] cache miss key_hash=b0af952f backing=db
2026-08-24 02:00:35,910 DEBUG [cache.redis] job dispatched queue=export attempt=3
2026-08-24 02:06:11,015 INFO  [scheduler.core] job dispatched queue=billing attempt=3
2026-08-24 02:06:43,825 INFO  [auth.service] job dispatched queue=billing attempt=1
2026-08-24 02:11:53,444 INFO  [db.pool] request completed status=201 duration=1136ms
2026-08-24 02:17:26,478 INFO  [auth.service] user authenticated method=token latency=142ms
2026-08-24 02:21:01,655 INFO  [scheduler.core] connection acquired pool_size=47 wait=305ms
2026-08-24 02:27:11,542 INFO  [cache.redis] cache miss key_hash=06e18a22 backing=db
2026-08-24 02:33:07,816 ERROR [cache.redis] cache miss key_hash=b35825b4 backing=db
2026-08-24 02:39:18,481 WARN  [queue.worker] user authenticated method=password latency=585ms
2026-08-24 02:39:41,710 INFO  [scheduler.core] job dispatched queue=email attempt=3
2026-08-24 02:46:13,889 INFO  [scheduler.core] health check ok uptime=909074s rps=219.0
2026-08-24 02:51:01,202 WARN  [db.pool] cache miss key_hash=eb1adb13 backing=db
2026-08-24 02:55:40,964 DEBUG [queue.worker] health check ok uptime=778330s rps=50.3
2026-08-24 03:00:15,818 ERROR [scheduler.core] job dispatched queue=render attempt=3
2026-08-25 03:01:21,787 INFO  [db.pool] request completed status=201 duration=3850ms
2026-08-25 03:02:11,246 WARN  [queue.worker] request completed status=204 duration=4721ms
2026-08-25 03:08:11,242 INFO  [cache.redis] user authenticated method=password latency=200ms
2026-08-25 03:11:35,394 ERROR [cache.redis] job dispatched queue=render attempt=4
2026-08-25 03:18:12,853 ERROR [db.pool] health check ok uptime=752675s rps=844.5
2026-08-25 03:24:02,853 WARN  [scheduler.core] cache miss key_hash=9dcc01ca backing=db
2026-08-25 03:24:42,511 DEBUG [queue.worker] job dispatched queue=email attempt=2
2026-08-25 03:31:06,256 ERROR [auth.service] job dispatched queue=export attempt=5
2026-08-25 03:33:57,603 DEBUG [scheduler.core] health check ok uptime=709460s rps=937.0
2026-08-25 03:40:20,557 WARN  [http.server] connection acquired pool_size=15 wait=302ms
2026-08-25 03:45:34,028 INFO  [http.server] connection acquired pool_size=15 wait=318ms
2026-08-25 03:51:02,109 DEBUG [http.server] job dispatched queue=email attempt=3
2026-08-25 03:53:27,739 ERROR [auth.service] request completed status=204 duration=2784ms
2026-08-25 03:57:28,137 INFO  [cache.redis] health check ok uptime=502062s rps=108.2
2026-08-25 04:02:21,312 INFO  [auth.service] cache miss key_hash=76841855 backing=db
2026-08-25 04:08:28,096 INFO  [db.pool] cache miss key_hash=78994ec5 backing=db
2026-08-25 04:11:48,287 INFO  [scheduler.core] user authenticated method=token latency=263ms
2026-08-25 04:15:21,070 INFO  [cache.redis] job dispatched queue=render attempt=4
2026-08-25 04:19:29,394 DEBUG [db.pool] health check ok uptime=41478s rps=416.9
2026-08-25 04:20:23,755 INFO  [auth.service] request completed status=500 duration=319ms
2026-08-25 04:21:00,416 INFO  [auth.service] user authenticated method=token latency=539ms
2026-08-25 04:21:50,232 INFO  [db.pool] user authenticated method=oauth2 latency=602ms
2026-08-25 04:22:51,791 DEBUG [cache.redis] job dispatched queue=render attempt=1
2026-08-25 04:25:55,113 INFO  [http.server] request completed status=204 duration=668ms
2026-08-26 04:26:20,753 INFO  [db.pool] request completed status=201 duration=1366ms
2026-08-26 04:29:04,782 WARN  [db.pool] connection acquired pool_size=7 wait=16ms
2026-08-26 04:33:10,602 INFO  [http.server] health check ok uptime=515339s rps=554.6
2026-08-26 04:38:25,734 INFO  [cache.redis] connection acquired pool_size=19 wait=493ms
2026-08-26 04:39:10,757 DEBUG [db.pool] user authenticated method=oauth2 latency=897ms
2026-08-26 04:41:06,982 WARN  [scheduler.core] connection acquired pool_size=24 wait=252ms
2026-08-26 04:44:56,544 INFO  [db.pool] cache miss key_hash=629e24bf backing=db
2026-08-26 04:49:05,202 DEBUG [cache.redis] user authenticated method=token latency=748ms
2026-08-26 04:50:40,297 ERROR [http.server] connection acquired pool_size=25 wait=281ms
2026-08-26 04:55:17,612 INFO  [http.server] user authenticated method=password latency=555ms
2026-08-26 04:57:23,120 ERROR [http.server] job dispatched queue=email attempt=3
2026-08-26 04:59:23,558 INFO  [queue.worker] health check ok uptime=74893s rps=902.6
2026-08-26 05:02:24,859 ERROR [cache.redis] request completed status=200 duration=3350ms
2026-08-26 05:08:57,514 ERROR [scheduler.core] request completed status=404 duration=2388ms
2026-08-26 05:13:54,707 DEBUG [db.pool] health check ok uptime=981804s rps=744.3
2026-08-26 05:15:34,474 INFO  [cache.redis] user authenticated method=password latency=866ms
2026-08-26 05:21:04,583 ERROR [auth.service] job dispatched queue=export attempt=3
2026-08-26 05:25:48,205 INFO  [queue.worker] health check ok uptime=257361s rps=477.0
2026-08-26 05:29:07,936 INFO  [db.pool] cache miss key_hash=433baaa9 backing=db
2026-08-26 05:29:43,820 INFO  [scheduler.core] cache miss key_hash=5cd72c0a backing=db
2026-08-26 05:33:56,264 INFO  [db.pool] user authenticated method=password latency=721ms
2026-08-26 05:36:52,053 ERROR [db.pool] cache miss key_hash=c053e310 backing=db
2026-08-26 05:39:30,300 ERROR [http.server] job dispatched queue=render attempt=1
2026-08-26 05:43:11,143 DEBUG [queue.worker] job dispatched queue=billing attempt=5
2026-08-27 05:47:33,831 INFO  [db.pool] connection acquired pool_size=31 wait=449ms
2026-08-27 05:49:39,289 ERROR [cache.redis] job dispatched queue=export attempt=1
2026-08-27 05:50:42,705 WARN  [scheduler.core] connection acquired pool_size=3 wait=493ms
2026-08-27 05:52:07,359 INFO  [http.server] user authenticated method=password latency=134ms
2026-08-27 05:58:06,022 INFO  [cache.redis] connection acquired pool_size=37 wait=131ms
2026-08-27 06:04:22,268 INFO  [db.pool] cache miss key_hash=036ef346 backing=db
2026-08-27 06:04:35,366 INFO  [db.pool] cache miss key_hash=74f005a8 backing=db
2026-08-27 06:06:52,184 INFO  [http.server] health check ok uptime=353846s rps=316.2
2026-08-27 06:10:45,507 DEBUG [scheduler.core] user authenticated method=password latency=575ms
2026-08-27 06:12:31,670 INFO  [cache.redis] health check ok uptime=44203s rps=939.8
2026-08-27 06:18:41,601 ERROR [db.pool] job dispatched queue=export attempt=4
2026-08-27 06:25:14,409 ERROR [cache.redis] health check ok uptime=816414s rps=443.1
2026-08-27 06:28:16,235 DEBUG [db.pool] cache miss key_hash=578ddd60 backing=db
2026-08-27 06:30:29,754 WARN  [db.pool] job dispatched queue=export attempt=1
2026-08-27 06:35:51,108 INFO  [cache.redis] request completed status=301 duration=4862ms
2026-08-27 06:41:10,065 INFO  [http.server] job dispatched queue=billing attempt=1
2026-08-27 06:42:00,456 INFO  [auth.service] health check ok uptime=302674s rps=27.5
2026-08-27 06:47:32,856 INFO  [queue.worker] health check ok uptime=925437s rps=751.1
2026-08-27 06:49:35,807 INFO  [db.pool] health check ok uptime=775763s rps=923.5
2026-08-27 06:54:49,518 ERROR [auth.service] job dispatched queue=export attempt=2
2026-08-27 06:55:44,135 DEBUG [auth.service] cache miss key_hash=45b7d3dd backing=db
2026-08-27 07:01:33,582 ERROR [scheduler.core] connection acquired pool_size=43 wait=6ms
2026-08-27 07:05:59,578 DEBUG [auth.service] cache miss key_hash=5292401a backing=db
2026-08-27 07:09:07,322 INFO  [auth.service] job dispatched queue=render attempt=4
2026-08-28 07:15:27,737 ERROR [cache.redis] health check ok uptime=21342s rps=395.3
2026-08-28 07:16:19,030 ERROR [cache.redis] job dispatched queue=email attempt=4
2026-08-28 07:17:40,914 INFO  [auth.service] job dispatched queue=render attempt=4
2026-08-28 07:17:55,711 DEBUG [http.server] request completed status=404 duration=2279ms
2026-08-28 07:19:01,566 INFO  [scheduler.core] job dispatched queue=billing attempt=1
2026-08-28 07:24:54,844 ERROR [auth.service] health check ok uptime=815270s rps=534.0
2026-08-28 07:25:52,009 DEBUG [queue.worker] request completed status=301 duration=1580ms
2026-08-28 07:30:01,104 INFO  [auth.service] cache miss key_hash=7b6837c8 backing=db
2026-08-28 07:35:26,153 INFO  [db.pool] request completed status=404 duration=2057ms
2026-08-28 07:40:55,012 INFO  [scheduler.core] connection acquired pool_size=14 wait=248ms
2026-08-28 07:43:38,212 INFO  [http.server] cache miss key_hash=a4714df7 backing=db
2026-08-28 07:44:42,705 INFO  [queue.worker] health check ok uptime=705104s rps=437.4
2026-08-28 07:46:53,619 INFO  [db.pool] health check ok uptime=533118s rps=293.8
2026-08-28 07:52:16,871 DEBUG [queue.worker] request completed status=301 duration=3342ms
2026-08-28 07:55:52,745 INFO  [cache.redis] request completed status=204 duration=1822ms
2026-08-28 07:56:53,208 ERROR [queue.worker] request completed status=404 duration=2826ms
2026-08-28 07:57:10,943 ERROR [scheduler.core] job dispatched queue=email attempt=2
2026-08-28 08:00:19,039 DEBUG [auth.service] request completed status=301 duration=119ms
2026-08-28 08:05:42,797 WARN  [queue.worker] cache miss key_hash=92fdcde7 backing=db
2026-08-28 08:09:53,604 WARN  [auth.service] job dispatched queue=email attempt=1
2026-08-28 08:12:32,617 INFO  [auth.service] cache miss key_hash=84b1fc3d backing=db
2026-08-28 08:15:19,924 INFO  [auth.service] user authenticated method=token latency=10ms
2026-08-28 08:18:53,970 ERROR [queue.worker] health check ok uptime=956445s rps=699.5
2026-08-28 08:21:14,807 INFO  [cache.redis] user authenticated method=token latency=540ms
2026-08-01 08:22:35,322 INFO  [auth.service] cache miss key_hash=55cd865a backing=db
2026-08-01 08:26:43,840 DEBUG [queue.worker] cache miss key_hash=b52aeef9 backing=db
2026-08-01 08:27:28,883 INFO  [cache.redis] user authenticated method=oauth2 latency=854ms
2026-08-01 08:30:38,031 INFO  [db.pool] request completed status=204 duration=2176ms
2026-08-01 08:35:25,146 INFO  [scheduler.core] user authenticated method=oauth2 latency=864ms
2026-08-01 08:38:16,757 ERROR [http.server] job dispatched queue=render attempt=3
2026-08-01 08:42:49,240 INFO  [cache.redis] health check ok uptime=627144s rps=373.7
2026-08-01 08:45:59,157 INFO  [http.server] request completed status=301 duration=750ms
2026-08-01 08:52:07,657 INFO  [http.server] user authenticated method=token latency=356ms
2026-08-01 08:56:51,559 INFO  [db.pool] health check ok uptime=945576s rps=627.9
2026-08-01 09:02:41,083 ERROR [http.server] connection acquired pool_size=15 wait=353ms
2026-08-01 09:06:23,017 INFO  [queue.worker] job dispatched queue=render attempt=4
2026-08-01 09:12:45,601 DEBUG [scheduler.core] connection acquired pool_size=60 wait=400ms
2026-08-01 09:13:12,059 INFO  [queue.worker] connection acquired pool_size=55 wait=126ms
2026-08-01 09:14:04,451 WARN  [cache.redis] cache miss key_hash=3f93236c backing=db
2026-08-01 09:14:35,906 ERROR [auth.service] user authenticated method=token latency=617ms
2026-08-01 09:21:09,456 INFO  [auth.service] request completed status=404 duration=3633ms
2026-08-01 09:26:46,157 INFO  [cache.redis] request completed status=404 duration=3242ms
2026-08-01 09:27:26,112 INFO  [auth.service] request completed status=500 duration=2433ms
2026-08-01 09:31:59,697 ERROR [cache.redis] cache miss key_hash=f8541dc7 backing=db
2026-08-01 09:33:45,604 INFO  [queue.worker] cache miss key_hash=44ce058d backing=db
2026-08-01 09:37:35,103 DEBUG [http.server] cache miss key_hash=6af4adc7 backing=db
2026-08-01 09:43:51,739 INFO  [http.server] cache miss key_hash=0180bd15 backing=db
2026-08-01 09:49:51,373 INFO  [cache.redis] request completed status=204 duration=734ms
2026-08-02 09:52:12,833 DEBUG [scheduler.core] cache miss key_hash=084470fd backing=db
2026-08-02 09:56:04,310 INFO  [db.pool] cache miss key_hash=3f247872 backing=db
2026-08-02 10:01:12,163 INFO  [auth.service] connection acquired pool_size=15 wait=23ms
2026-08-02 10:05:21,616 INFO  [scheduler.core] user authenticated method=token latency=776ms
2026-08-02 10:09:07,967 INFO  [cache.redis] connection acquired pool_size=33 wait=494ms
2026-08-02 10:11:40,406 INFO  [queue.worker] user authenticated method=oauth2 latency=885ms
2026-08-02 10:12:39,580 DEBUG [scheduler.core] cache miss key_hash=915f95a8 backing=db
2026-08-02 10:18:10,283 WARN  [cache.redis] request completed status=301 duration=1159ms
2026-08-02 10:22:51,913 DEBUG [db.pool] cache miss key_hash=e409caa7 backing=db
2026-08-02 10:29:26,697 INFO  [http.server] job dispatched queue=export attempt=2
2026-08-02 10:35:54,405 WARN  [auth.service] connection acquired pool_size=42 wait=301ms
2026-08-02 10:39:09,029 INFO  [db.pool] health check ok uptime=110717s rps=388.1
2026-08-02 10:42:59,340 ERROR [http.server] connection acquired pool_size=37 wait=165ms
2026-08-02 10:44:18,998 WARN  [db.pool] connection acquired pool_size=33 wait=316ms
2026-08-02 10:47:50,553 WARN  [http.server] cache miss key_hash=5bbcc056 backing=db
2026-08-02 10:51:06,340 INFO  [cache.redis] health check ok uptime=622663s rps=876.1
2026-08-02 10:53:08,274 ERROR [cache.redis] user authenticated method=oauth2 latency=768ms
2026-08-02 10:54:19,585 INFO  [cache.redis] user authenticated method=token latency=643ms
2026-08-02 10:56:28,522 INFO  [db.pool] job dispatched queue=render attempt=4
2026-08-02 11:02:37,857 WARN  [http.server] job dispatched queue=billing attempt=2
2026-08-02 11:07:55,589 DEBUG [queue.worker] cache miss key_hash=b6302523 backing=db
2026-08-02 11:11:19,555 ERROR [db.pool] cache miss key_hash=5b2f708c backing=db
2026-08-02 11:17:59,675 INFO  [cache.redis] cache miss key_hash=91d7e199 backing=db
2026-08-02 11:24:27,893 INFO  [scheduler.core] job dispatched queue=export attempt=1
2026-08-03 11:31:01,371 DEBUG [cache.redis] request completed status=404 duration=1376ms
2026-08-03 11:31:19,320 INFO  [http.server] cache miss key_hash=e41637b0 backing=db
2026-08-03 11:34:52,066 ERROR [queue.worker] health check ok uptime=921364s rps=583.0
2026-08-03 11:38:13,268 ERROR [scheduler.core] request completed status=201 duration=1312ms
2026-08-03 11:41:47,821 ERROR [http.server] connection acquired pool_size=47 wait=102ms
2026-08-03 11:47:44,210 INFO  [auth.service] connection acquired pool_size=16 wait=406ms
2026-08-03 11:52:20,366 INFO  [scheduler.core] request completed status=500 duration=1288ms
2026-08-03 11:57:09,323 INFO  [scheduler.core] health check ok uptime=920610s rps=25.6
2026-08-03 12:01:46,019 WARN  [http.server] job dispatched queue=billing attempt=1
2026-08-03 12:07:26,180 INFO  [auth.service] job dispatched queue=email attempt=3
2026-08-03 12:13:19,118 INFO  [scheduler.core] job dispatched queue=billing attempt=4
2026-08-03 12:18:49,993 DEBUG [cache.redis] connection acquired pool_size=62 wait=450ms
2026-08-03 12:24:36,030 INFO  [scheduler.core] cache miss key_hash=bf6c6309 backing=db
2026-08-03 12:26:31,178 INFO  [auth.service] connection acquired pool_size=24 wait=420ms
2026-08-03 12:28:47,501 INFO  [db.pool] cache miss key_hash=146a7420 backing=db
2026-08-03 12:29:46,057 ERROR [db.pool] user authenticated method=password latency=888ms
2026-08-03 12:36:12,000 DEBUG [queue.worker] user authenticated method=password latency=105ms
2026-08-03 12:36:40,460 INFO  [scheduler.core] user authenticated method=password latency=354ms
2026-08-03 12:38:14,763 ERROR [scheduler.core] user authenticated method=oauth2 latency=305ms
2026-08-03 12:41:56,974 INFO  [scheduler.core] cache miss key_hash=25761113 backing=db
2026-08-03 12:48:05,212 INFO  [db.pool] cache miss key_hash=23df16e5 backing=db
2026-08-03 12:49:29,548 INFO  [http.server] job dispatched queue=billing attempt=2
2026-08-03 12:50:20,900 DEBUG [auth.service] request completed status=301 duration=2968ms
2026-08-03 12:54:43,314 INFO  [http.server] user authenticated method=password latency=844ms
2026-08-04 12:57:16,553 ERROR [cache.redis] job dispatched queue=render attempt=1
2026-08-04 12:59:40,247 DEBUG [auth.service] connection acquired pool_size=62 wait=401ms
2026-08-04 13:01:26,902 INFO  [http.server] request completed status=301 duration=4625ms
2026-08-04 13:04:31,855 DEBUG [auth.service] request completed status=404 duration=2713ms
2026-08-04 13:10:20,857 INFO  [db.pool] cache miss key_hash=ffc045ba backing=db
2026-08-04 13:10:49,931 DEBUG [db.pool] cache miss key_hash=51bb532c backing=db
2026-08-04 13:13:49,628 DEBUG [cache.redis] cache miss key_hash=7eb9694c backing=db
2026-08-04 13:15:18,173 ERROR [cache.redis] health check ok uptime=535208s rps=182.5
2026-08-04 13:20:11,651 INFO  [auth.service] cache miss key_hash=2c6defc7 backing=db
2026-08-04 13:22:07,157 DEBUG [cache.redis] connection acquired pool_size=4 wait=462ms
2026-08-04 13:26:19,815 ERROR [http.server] request completed status=201 duration=544ms
2026-08-04 13:31:48,798 DEBUG [cache.redis] request completed status=201 duration=1206ms
2026-08-04 13:34:01,584 INFO  [queue.worker] cache miss key_hash=63a0df81 backing=db
2026-08-04 13:34:17,296 INFO  [cache.redis] job dispatched queue=render attempt=2
2026-08-04 13:35:07,870 INFO  [auth.service] job dispatched queue=email attempt=1
2026-08-04 13:40:18,658 INFO  [scheduler.core] health check ok uptime=132280s rps=233.1
2026-08-04 13:43:18,678 WARN  [auth.service] health check ok uptime=573260s rps=968.6
2026-08-04 13:47:35,960 WARN  [http.server] user authenticated method=password latency=451ms
2026-08-04 13:51:45,487 INFO  [cache.redis] request completed status=301 duration=248ms
2026-08-04 13:52:48,138 ERROR [http.server] health check ok uptime=652105s rps=422.1
2026-08-04 13:55:29,959 DEBUG [scheduler.core] job dispatched queue=email attempt=1
2026-08-04 13:57:04,928 INFO  [scheduler.core] job dispatched queue=render attempt=3
2026-08-04 13:59:40,109 DEBUG [db.pool] health check ok uptime=127390s rps=176.0
2026-08-04 14:01:16,450 INFO  [cache.redis] request completed status=204 duration=3571ms
2026-08-05 14:06:39,225 INFO  [queue.worker] cache miss key_hash=1ce8be7e backing=db
2026-08-05 14:11:12,827 INFO  [http.server] health check ok uptime=281075s rps=763.4
2026-08-05 14:12:11,796 INFO  [db.pool] health check ok uptime=16033s rps=554.5
2026-08-05 14:13:21,833 INFO  [cache.redis] user authenticated method=oauth2 latency=728ms
2026-08-05 14:17:25,576 INFO  [http.server] health check ok uptime=70518s rps=36.4
2026-08-05 14:19:08,653 INFO  [queue.worker] request completed status=301 duration=4876ms
2026-08-05 14:22:08,656 INFO  [http.server] connection acquired pool_size=51 wait=34ms
2026-08-05 14:27:16,661 INFO  [scheduler.core] health check ok uptime=658982s rps=233.2
2026-08-05 14:28:08,456 INFO  [scheduler.core] cache miss key_hash=a2285840 backing=db
2026-08-05 14:29:55,103 DEBUG [http.server] job dispatched queue=email attempt=2
2026-08-05 14:31:01,581 DEBUG [queue.worker] job dispatched queue=email attempt=3
2026-08-05 14:36:03,716 ERROR [auth.service] connection acquired pool_size=61 wait=44ms
2026-08-05 14:41:23,587 WARN  [cache.redis] health check ok uptime=919710s rps=99.6
2026-08-05 14:44:11,540 DEBUG [queue.worker] connection acquired pool_size=13 wait=191ms
2026-08-05 14:48:47,297 DEBUG [auth.service] health check ok uptime=86381s rps=303.2
2026-08-05 14:52:28,903 DEBUG [db.pool] connection acquired pool_size=55 wait=458ms
2026-08-05 14:58:25,029 ERROR [auth.service] cache miss key_hash=ef4636e5 backing=db
2026-08-05 14:59:25,509 DEBUG [db.pool] job dispatched queue=export attempt=5
2026-08-05 15:00:24,976 ERROR [queue.worker] job dispatched queue=render attempt=3
2026-08-05 15:04:05,634 ERROR [http.server] user authenticated method=token latency=490ms
2026-08-05 15:09:10,024 INFO  [http.server] job dispatched queue=render attempt=4
2026-08-05 15:10:47,738 DEBUG [queue.worker] request completed status=201 duration=2460ms
2026-08-05 15:12:46,924 INFO  [queue.worker] health check ok uptime=908650s rps=144.8
2026-08-05 15:13:07,038 INFO  [cache.redis] user authenticated method=token latency=501ms
2026-08-06 15:16:55,248 INFO  [cache.redis] cache miss key_hash=26db7213 backing=db
2026-08-06 15:21:43,418 INFO  [db.pool] job dispatched queue=billing attempt=4
2026-08-06 15:24:33,165 WARN  [http.server] connection acquired pool_size=22 wait=390ms
2026-08-06 15:26:30,857 INFO  [db.pool] job dispatched queue=email attempt=1
2026-08-06 15:29:20,035 INFO  [auth.service] health check ok uptime=834113s rps=623.9
2026-08-06 15:30:27,650 INFO  [http.server] cache miss key_hash=1c6e0578 backing=db
2026-08-06 15:34:49,494 INFO  [auth.service] health check ok uptime=451327s rps=986.4
2026-08-06 15:40:58,901 WARN  [queue.worker] health check ok uptime=667579s rps=18.1
2026-08-06 15:47:01,962 WARN  [cache.redis] request completed status=201 duration=1138ms
2026-08-06 15:53:04,508 INFO  [auth.service] cache miss key_hash=7098860f backing=db
2026-08-06 15:54:35,727 INFO  [scheduler.core] job dispatched queue=export attempt=1
2026-08-06 15:57:06,793 DEBUG [scheduler.core] connection acquired pool_size=32 wait=43ms
2026-08-06 16:02:02,933 DEBUG [http.server] user authenticated method=password latency=86ms
2026-08-06 16:07:06,540 INFO  [cache.redis] request completed status=301 duration=3920ms
2026-08-06 16:08:18,638 INFO  [cache.redis] request completed status=200 duration=1530ms
2026-08-06 16:12:20,783 INFO  [cache.redis] connection acquired pool_size=10 wait=306ms
2026-08-06 16:13:01,173 INFO  [http.server] connection acquired pool_size=41 wait=446ms
2026-08-06 16:15:53,606 ERROR [auth.service] user authenticated method=token latency=539ms
2026-08-06 16:19:57,978 ERROR [cache.redis] user authenticated method=token latency=516ms
2026-08-06 16:20:12,461 INFO  [scheduler.core] job dispatched queue=billing attempt=4
2026-08-06 16:25:59,153 INFO  [cache.redis] health check ok uptime=372974s rps=933.3
2026-08-06 16:28:18,376 WARN  [http.server] user authenticated method=token latency=189ms
2026-08-06 16:33:56,545 ERROR [scheduler.core] health check ok uptime=268629s rps=820.2
2026-08-06 16:39:33,207 INFO  [queue.worker] cache miss key_hash=ef7e564e backing=db
2026-08-07 16:44:06,702 INFO  [scheduler.core] job dispatched queue=export attempt=2
2026-08-07 16:50:20,004 INFO  [auth.service] health check ok uptime=925690s rps=940.9
2026-08-07 16:54:46,245 INFO  [scheduler.core] job dispatched queue=export attempt=2
2026-08-07 16:57:57,282 INFO  [cache.redis] user authenticated method=oauth2 latency=606ms
2026-08-07 17:02:21,669 INFO  [http.server] user authenticated method=token latency=785ms
2026-08-07 17:03:41,530 INFO  [queue.worker] request completed status=200 duration=626ms
2026-08-07 17:05:30,164 WARN  [queue.worker] connection acquired pool_size=10 wait=67ms
2026-08-07 17:08:20,524 ERROR [db.pool] user authenticated method=oauth2 latency=711ms
2026-08-07 17:14:27,332 INFO  [auth.service] cache miss key_hash=2369ac21 backing=db
2026-08-07 17:17:13,474 WARN  [db.pool] connection acquired pool_size=63 wait=226ms
2026-08-07 17:20:12,929 ERROR [http.server] connection acquired pool_size=41 wait=163ms
2026-08-07 17:25:27,570 INFO  [scheduler.core] health check ok uptime=892739s rps=332.9
2026-08-07 17:27:21,644 DEBUG [scheduler.core] request completed status=500 duration=4724ms
2026-08-07 17:30:08,705 WARN  [scheduler.core] job dispatched queue=email attempt=4
2026-08-07 17:35:52,739 INFO  [scheduler.core] cache miss key_hash=537e4589 backing=db
2026-08-07 17:36:41,705 INFO  [auth.service] user authenticated method=token latency=147ms
2026-08-07 17:37:18,357 ERROR [http.server] connection acquired pool_size=50 wait=444ms
2026-08-07 17:40:58,454 WARN  [auth.service] job dispatched queue=render attempt=1
2026-08-07 17:44:01,416 INFO  [http.server] health check ok uptime=465s rps=888.9
2026-08-07 17:45:30,370 WARN  [auth.service] health check ok uptime=873627s rps=183.4
2026-08-07 17:48:33,232 DEBUG [scheduler.core] connection acquired pool_size=20 wait=275ms
2026-08-07 17:51:00,526 INFO  [cache.redis] cache miss key_hash=6d681091 backing=db
2026-08-07 17:57:17,329 INFO  [http.server] health check ok uptime=846538s rps=562.4
2026-08-07 18:03:22,078 WARN  [auth.service] cache miss key_hash=b16f1463 backing=db
2026-08-08 18:05:20,770 WARN  [cache.redis] cache miss key_hash=2963aefc backing=db
2026-08-08 18:05:44,539 DEBUG [auth.service] connection acquired pool_size=57 wait=389ms
2026-08-08 18:06:51,932 DEBUG [cache.redis] request completed status=201 duration=4431ms
2026-08-08 18:07:48,907 INFO  [cache.redis] health check ok uptime=487436s rps=140.0
2026-08-08 18:11:22,153 DEBUG [auth.service] connection acquired pool_size=55 wait=176ms
2026-08-08 18:17:20,087 INFO  [cache.redis] cache miss key_hash=9531fc75 backing=db
2026-08-08 18:20:12,645 INFO  [db.pool] cache miss key_hash=d9c16a0c backing=db
2026-08-08 18:24:05,406 INFO  [cache.redis] cache miss key_hash=cda5731c backing=db
2026-08-08 18:30:17,015 DEBUG [http.server] health check ok uptime=307187s rps=521.2
2026-08-08 18:31:29,646 WARN  [auth.service] connection acquired pool_size=57 wait=406ms
2026-08-08 18:34:50,331 ERROR [queue.worker] connection acquired pool_size=43 wait=169ms
2026-08-08 18:35:29,972 INFO  [scheduler.core] cache miss key_hash=f9cc938f backing=db
2026-08-08 18:40:17,902 WARN  [queue.worker] connection acquired pool_size=55 wait=477ms
2026-08-08 18:41:04,259 DEBUG [db.pool] job dispatched queue=email attempt=1
2026-08-08 18:43:03,504 INFO  [queue.worker] cache miss key_hash=cafd2925 backing=db
2026-08-08 18:48:41,070 ERROR [queue.worker] job dispatched queue=billing attempt=2
2026-08-08 18:53:43,028 DEBUG [db.pool] connection acquired pool_size=37 wait=163ms
2026-08-08 18:57:43,424 INFO  [db.pool] health check ok uptime=530858s rps=997.9
2026-08-08 19:01:34,625 ERROR [db.pool] request completed status=204 duration=1396ms
2026-08-08 19:08:02,623 INFO  [queue.worker] job dispatched queue=export attempt=1
2026-08-08 19:12:54,720 DEBUG [db.pool] connection acquired pool_size=17 wait=93ms
2026-08-08 19:15:58,772 INFO  [db.pool] job dispatched queue=email attempt=1
2026-08-08 19:19:03,640 DEBUG [auth.service] cache miss key_hash=a7010be0 backing=db
2026-08-08 19:24:42,594 DEBUG [db.pool] health check ok uptime=524206s rps=533.4
2026-08-09 19:27:18,710 WARN  [queue.worker] health check ok uptime=859143s rps=26.0
2026-08-09 19:33:16,089 INFO  [scheduler.core] request completed status=204 duration=2438ms
2026-08-09 19:36:28,616 INFO  [http.server] connection acquired pool_size=36 wait=165ms
2026-08-09 19:40:53,798 WARN  [cache.redis] job dispatched queue=export attempt=4
2026-08-09 19:46:28,923 WARN  [auth.service] request completed status=500 duration=4674ms
2026-08-09 19:47:32,524 INFO  [auth.service] connection acquired pool_size=19 wait=152ms
2026-08-09 19:48:28,512 INFO  [cache.redis] cache miss key_hash=23215e86 backing=db
2026-08-09 19:54:37,485 INFO  [scheduler.core] request completed status=204 duration=2047ms
2026-08-09 19:57:15,109 ERROR [cache.redis] connection acquired pool_size=25 wait=379ms
2026-08-09 20:03:23,620 WARN  [scheduler.core] health check ok uptime=473151s rps=452.9
2026-08-09 20:06:47,635 INFO  [cache.redis] health check ok uptime=618247s rps=678.5
2026-08-09 20:09:24,761 INFO  [cache.redis] health check ok uptime=836215s rps=420.2
2026-08-09 20:11:03,459 WARN  [auth.service] user authenticated method=token latency=321ms
2026-08-09 20:17:03,297 WARN  [queue.worker] health check ok uptime=217498s rps=566.2
2026-08-09 20:22:10,480 ERROR [queue.worker] request completed status=404 duration=580ms
2026-08-09 20:22:20,764 INFO  [http.server] request completed status=404 duration=3355ms
2026-08-09 20:22:49,168 ERROR [auth.service] user authenticated method=token latency=626ms
2026-08-09 20:24:21,113 INFO  [db.pool] connection acquired pool_size=54 wait=455ms
2026-08-09 20:29:32,502 DEBUG [scheduler.core] health check ok uptime=14251s rps=190.2
2026-08-09 20:33:53,457 INFO  [queue.worker] health check ok uptime=265349s rps=78.7
2026-08-09 20:40:07,941 DEBUG [queue.worker] request completed status=500 duration=2135ms
2026-08-09 20:42:52,333 ERROR [http.server] job dispatched queue=render attempt=3
2026-08-09 20:48:16,815 INFO  [queue.worker] request completed status=200 duration=4217ms
2026-08-09 20:51:12,744 INFO  [queue.worker] request completed status=500 duration=4316ms
2026-08-10 20:54:00,415 INFO  [auth.service] request completed status=201 duration=1269ms
2026-08-10 20:54:21,236 INFO  [scheduler.core] user authenticated method=oauth2 latency=502ms
2026-08-10 20:56:15,490 INFO  [cache.redis] connection acquired pool_size=1 wait=475ms
2026-08-10 21:00:50,476 WARN  [cache.redis] request completed status=200 duration=2889ms
2026-08-10 21:01:53,416 WARN  [cache.redis] health check ok uptime=486354s rps=377.1
2026-08-10 21:03:22,045 ERROR [auth.service] user authenticated method=token latency=763ms
2026-08-10 21:04:40,397 ERROR [scheduler.core] request completed status=201 duration=732ms
2026-08-10 21:05:48,775 WARN  [cache.redis] connection acquired pool_size=22 wait=164ms
2026-08-10 21:10:24,744 WARN  [cache.redis] cache miss key_hash=5924b7e3 backing=db
2026-08-10 21:15:42,050 WARN  [auth.service] cache miss key_hash=d44e863c backing=db
2026-08-10 21:21:53,493 INFO  [http.server] request completed status=200 duration=4074ms
2026-08-10 21:24:49,971 INFO  [auth.service] user authenticated method=password latency=101ms
2026-08-10 21:29:36,313 INFO  [scheduler.core] health check ok uptime=477287s rps=509.5
2026-08-10 21:33:29,011 DEBUG [db.pool] request completed status=204 duration=3684ms
2026-08-10 21:33:58,818 INFO  [db.pool] request completed status=500 duration=1358ms
2026-08-10 21:39:54,884 INFO  [scheduler.core] cache miss key_hash=23e14cdc backing=db
2026-08-10 21:40:15,455 DEBUG [http.server] request completed status=404 duration=915ms
2026-08-10 21:40:35,407 INFO  [queue.worker] user authenticated method=token latency=200ms
2026-08-10 21:41:50,859 INFO  [auth.service] request completed status=201 duration=406ms
2026-08-10 21:45:36,906 ERROR [scheduler.core] request completed status=404 duration=4873ms
2026-08-10 21:49:16,710 INFO  [cache.redis] cache miss key_hash=d6d34a9f backing=db
2026-08-10 21:54:50,467 INFO  [db.pool] cache miss key_hash=d81bcf2d backing=db
2026-08-10 21:55:17,820 WARN  [http.server] job dispatched queue=export attempt=5
2026-08-10 22:00:37,769 INFO  [auth.service] user authenticated method=password latency=874ms
2026-08-11 22:05:25,375 INFO  [queue.worker] health check ok uptime=822652s rps=717.5
2026-08-11 22:08:00,805 WARN  [db.pool] cache miss key_hash=045d920a backing=db
2026-08-11 22:10:17,998 INFO  [cache.redis] request completed status=500 duration=1037ms
2026-08-11 22:13:41,993 INFO  [http.server] cache miss key_hash=041fd02d backing=db
2026-08-11 22:19:53,789 INFO  [auth.service] request completed status=201 duration=4987ms
2026-08-11 22:21:28,189 INFO  [cache.redis] cache miss key_hash=ddc6e04d backing=db
2026-08-11 22:24:18,349 INFO  [http.server] request completed status=500 duration=693ms
2026-08-11 22:30:24,921 INFO  [queue.worker] connection acquired pool_size=47 wait=48ms
2026-08-11 22:35:44,141 DEBUG [auth.service] request completed status=500 duration=1564ms
2026-08-11 22:37:59,837 INFO  [cache.redis] user authenticated method=password latency=122ms
2026-08-11 22:43:42,247 ERROR [cache.redis] request completed status=201 duration=2764ms
2026-08-11 22:49:35,541 INFO  [db.pool] connection acquired pool_size=15 wait=204ms
2026-08-11 22:49:56,835 INFO  [auth.service] request completed status=301 duration=2455ms
2026-08-11 22:56:07,844 INFO  [queue.worker] request completed status=500 duration=702ms
2026-08-11 22:59:43,548 ERROR [db.pool] cache miss key_hash=b34b5c85 backing=db
2026-08-11 23:06:15,042 INFO  [db.pool] cache miss key_hash=7b1951ec backing=db
2026-08-11 23:12:48,612 INFO  [http.server] request completed status=404 duration=409ms
2026-08-11 23:17:39,981 INFO  [cache.redis] request completed status=301 duration=1137ms
2026-08-11 23:22:48,806 INFO  [auth.service] connection acquired pool_size=27 wait=236ms
2026-08-11 23:27:24,682 INFO  [http.server] connection acquired pool_size=18 wait=226ms
2026-08-11 23:32:17,020 DEBUG [auth.service] job dispatched queue=render attempt=2
2026-08-11 23:38:31,454 WARN  [cache.redis] cache miss key_hash=0f75cbf4 backing=db
2026-08-11 23:44:07,040 INFO  [auth.service] connection acquired pool_size=20 wait=484ms
2026-08-11 23:45:43,986 ERROR [queue.worker] job dispatched queue=billing attempt=2
2026-08-12 23:50:51,289 WARN  [db.pool] health check ok uptime=964483s rps=722.1
2026-08-12 23:51:09,168 WARN  [queue.worker] user authenticated method=password latency=551ms
2026-08-12 23:57:28,777 INFO  [queue.worker] user authenticated method=oauth2 latency=329ms
2026-08-12 00:01:37,533 WARN  [http.server] job dispatched queue=email attempt=3
2026-08-12 00:03:56,857 INFO  [http.server] health check ok uptime=700716s rps=281.4
2026-08-12 00:08:51,747 ERROR [db.pool] health check ok uptime=761374s rps=737.0
2026-08-12 00:12:54,761 INFO  [cache.redis] job dispatched queue=email attempt=2
2026-08-12 00:14:46,314 INFO  [scheduler.core] connection acquired pool_size=37 wait=117ms
2026-08-12 00:19:05,555 DEBUG [auth.service] connection acquired pool_size=37 wait=53ms
2026-08-12 00:20:24,269 INFO  [http.server] user authenticated method=password latency=581ms
2026-08-12 00:23:35,540 DEBUG [http.server] cache miss key_hash=34c893ae backing=db
2026-08-12 00:28:38,250 INFO  [queue.worker] user authenticated method=token latency=419ms
2026-08-12 00:32:16,696 INFO  [cache.redis] health check ok uptime=67602s rps=392.0
2026-08-12 00:33:18,455 WARN  [cache.redis] health check ok uptime=942347s rps=535.3
2026-08-12 00:35:12,297 INFO  [auth.service] health check ok uptime=497663s rps=136.9
2026-08-12 00:37:27,684 ERROR [http.server] job dispatched queue=render attempt=5
2026-08-12 00:41:48,266 INFO  [cache.redis] connection acquired pool_size=39 wait=277ms
2026-08-12 00:46:32,762 INFO  [auth.service] health check ok uptime=450071s rps=364.3
2026-08-12 00:52:16,995 ERROR [http.server] cache miss key_hash=8c7b7f69 backing=db
2026-08-12 00:55:37,015 INFO  [cache.redis] request completed status=201 duration=1676ms
2026-08-12 00:58:46,360 DEBUG [cache.redis] user authenticated method=oauth2 latency=450ms
2026-08-12 01:05:23,470 INFO  [queue.worker] cache miss key_hash=030f4b97 backing=db
2026-08-12 01:09:49,644 DEBUG [db.pool] user authenticated method=oauth2 latency=579ms
2026-08-12 01:13:56,402 INFO  [scheduler.core] connection acquired pool_size=37 wait=114ms
2026-08-13 01:14:35,631 INFO  [auth.service] job dispatched queue=export attempt=3
2026-08-13 01:20:09,400 INFO  [http.server] job dispatched queue=export attempt=5
2026-08-13 01:24:51,445 ERROR [http.server] connection acquired pool_size=15 wait=134ms
2026-08-13 01:29:12,387 INFO  [cache.redis] request completed status=500 duration=2193ms
2026-08-13 01:32:48,923 WARN  [cache.redis] cache miss key_hash=0fb5f911 backing=db
2026-08-13 01:36:12,392 INFO  [http.server] request completed status=200 duration=3828ms
2026-08-13 01:37:17,139 INFO  [auth.service] request completed status=404 duration=1586ms
2026-08-13 01:43:47,204 INFO  [scheduler.core] health check ok uptime=538706s rps=702.8
2026-08-13 01:49:01,239 INFO  [db.pool] user authenticated method=token latency=306ms
2026-08-13 01:55:01,290 WARN  [queue.worker] health check ok uptime=837315s rps=165.3
2026-08-13 02:00:03,019 ERROR [db.pool] job dispatched queue=billing attempt=1
2026-08-13 02:03:19,988 WARN  [queue.worker] user authenticated method=password latency=793ms
2026-08-13 02:08:08,253 INFO  [scheduler.core] user authenticated method=token latency=647ms
2026-08-13 02:13:27,303 ERROR [http.server] health check ok uptime=621638s rps=541.1
2026-08-13 02:15:46,512 DEBUG [auth.service] request completed status=204 duration=1813ms
2026-08-13 02:21:20,424 WARN  [auth.service] connection acquired pool_size=8 wait=315ms
2026-08-13 02:24:32,235 ERROR [db.pool] connection acquired pool_size=24 wait=363ms
2026-08-13 02:26:22,598 INFO  [db.pool] health check ok uptime=644956s rps=865.5
2026-08-13 02:28:00,700 WARN  [cache.redis] health check ok uptime=925969s rps=723.2
2026-08-13 02:34:37,742 INFO  [http.server] user authenticated method=password latency=380ms
2026-08-13 02:39:19,790 WARN  [http.server] health check ok uptime=63742s rps=727.4
2026-08-13 02:43:24,686 DEBUG [http.server] job dispatched queue=billing attempt=4
2026-08-13 02:46:18,600 WARN  [db.pool] user authenticated method=password latency=354ms
2026-08-13 02:51:32,302 INFO  [scheduler.core] user authenticated method=token latency=106ms
2026-08-14 02:57:14,365 INFO  [queue.worker] connection acquired pool_size=62 wait=174ms
2026-08-14 03:02:42,162 INFO  [cache.redis] cache miss key_hash=64a9a1aa backing=db
2026-08-14 03:04:49,755 WARN  [cache.redis] connection acquired pool_size=34 wait=255ms
2026-08-14 03:08:29,819 INFO  [auth.service] job dispatched queue=render attempt=5
2026-08-14 03:11:46,799 ERROR [queue.worker] health check ok uptime=374292s rps=497.3
2026-08-14 03:12:10,468 INFO  [db.pool] connection acquired pool_size=61 wait=115ms
2026-08-14 03:16:14,644 DEBUG [cache.redis] connection acquired pool_size=12 wait=144ms
2026-08-14 03:18:29,409 DEBUG [queue.worker] cache miss key_hash=50834b0f backing=db
2026-08-14 03:21:12,323 INFO  [queue.worker] cache miss key_hash=e45e482c backing=db
2026-08-14 03:22:53,584 INFO  [cache.redis] health check ok uptime=71866s rps=601.9
2026-08-14 03:25:01,816 INFO  [queue.worker] cache miss key_hash=1add1f94 backing=db
2026-08-14 03:26:02,388 ERROR [db.pool] health check ok uptime=687019s rps=354.0
2026-08-14 03:28:34,500 INFO  [http.server] health check ok uptime=780293s rps=837.5
2026-08-14 03:33:05,578 DEBUG [auth.service] health check ok uptime=523913s rps=39.0
2026-08-14 03:39:33,739 INFO  [http.server] cache miss key_hash=12329520 backing=db
2026-08-14 03:41:28,218 INFO  [queue.worker] job dispatched queue=email attempt=3
2026-08-14 03:47:35,882 WARN  [db.pool] request completed status=204 duration=4773ms
2026-08-14 03:48:33,890 INFO  [auth.service] cache miss key_hash=cb463a23 backing=db
2026-08-14 03:54:35,427 INFO  [scheduler.core] cache miss key_hash=7da880cc backing=db
2026-08-14 03:56:41,309 INFO  [auth.service] cache miss key_hash=7499eb48 backing=db
2026-08-14 04:02:50,702 DEBUG [db.pool] connection acquired pool_size=27 wait=450ms
2026-08-14 04:09:07,292 INFO  [queue.worker] connection acquired pool_size=51 wait=91ms
2026-08-14 04:12:36,754 INFO  [http.server] user authenticated method=token latency=611ms
2026-08-14 04:19:10,858 WARN  [cache.redis] health check ok uptime=886673s rps=740.8
2026-08-15 04:22:22,789 WARN  [cache.redis] job dispatched queue=render attempt=3
2026-08-15 04:28:14,201 ERROR [scheduler.core] health check ok uptime=51160s rps=170.0
2026-08-15 04:28:41,943 DEBUG [auth.service] job dispatched queue=email attempt=4
2026-08-15 04:32:43,672 DEBUG [auth.service] request completed status=201 duration=1545ms
2026-08-15 04:35:46,753 DEBUG [http.server] user authenticated method=token latency=312ms
2026-08-15 04:38:22,614 INFO  [db.pool] cache miss key_hash=08118944 backing=db
2026-08-15 04:40:01,414 ERROR [auth.service] health check ok uptime=143609s rps=787.6
2026-08-15 04:42:46,752 INFO  [queue.worker] health check ok uptime=243159s rps=874.7
2026-08-15 04:44:43,322 INFO  [db.pool] connection acquired pool_size=29 wait=110ms
2026-08-15 04:46:21,597 WARN  [http.server] cache miss key_hash=c8819670 backing=db
2026-08-15 04:51:12,547 WARN  [http.server] connection acquired pool_size=34 wait=185ms
2026-08-15 04:53:45,275 DEBUG [cache.redis] health check ok uptime=431250s rps=495.8
2026-08-15 04:57:18,552 DEBUG [http.server] health check ok uptime=530974s rps=604.8
2026-08-15 05:01:01,261 DEBUG [db.pool] job dispatched queue=email attempt=3
2026-08-15 05:06:45,029 ERROR [cache.redis] connection acquired pool_size=45 wait=116ms
2026-08-15 05:09:58,691 ERROR [queue.worker] request completed status=204 duration=4893ms
2026-08-15 05:10:25,173 INFO  [queue.worker] connection acquired pool_size=57 wait=40ms
2026-08-15 05:16:09,451 ERROR [queue.worker] connection acquired pool_size=53 wait=203ms
2026-08-15 05:18:53,213 INFO  [http.server] connection acquired pool_size=48 wait=166ms
2026-08-15 05:21:10,621 WARN  [db.pool] job dispatched queue=render attempt=4
2026-08-15 05:24:10,180 INFO  [auth.service] job dispatched queue=billing attempt=1
2026-08-15 05:25:15,672 DEBUG [queue.worker] health check ok uptime=884679s rps=351.1
2026-08-15 05:27:28,371 DEBUG [http.server] request completed status=204 duration=449ms
2026-08-15 05:33:51,965 INFO  [db.pool] health check ok uptime=446007s rps=301.3
2026-08-16 05:36:09,238 INFO  [http.server] connection acquired pool_size=29 wait=362ms
2026-08-16 05:38:16,372 DEBUG [auth.service] user authenticated method=token latency=402ms
2026-08-16 05:38:35,956 DEBUG [queue.worker] health check ok uptime=361770s rps=419.3
2026-08-16 05:45:13,055 ERROR [auth.service] health check ok uptime=12170s rps=903.0
2026-08-16 05:46:18,733 INFO  [http.server] request completed status=204 duration=4582ms
2026-08-16 05:52:02,450 INFO  [queue.worker] cache miss key_hash=23fffcc0 backing=db
2026-08-16 05:56:21,059 INFO  [auth.service] user authenticated method=token latency=396ms
2026-08-16 05:58:30,131 ERROR [cache.redis] user authenticated method=oauth2 latency=188ms
2026-08-16 06:00:20,561 INFO  [cache.redis] job dispatched queue=export attempt=3
2026-08-16 06:06:20,896 INFO  [queue.worker] request completed status=404 duration=4886ms
2026-08-16 06:11:22,278 INFO  [cache.redis] user authenticated method=password latency=755ms
2026-08-16 06:14:18,053 DEBUG [auth.service] connection acquired pool_size=14 wait=40ms
2026-08-16 06:18:05,074 WARN  [queue.worker] health check ok uptime=232112s rps=397.9
2026-08-16 06:18:52,317 INFO  [http.server] request completed status=204 duration=1518ms
2026-08-16 06:23:38,216 INFO  [http.server] connection acquired pool_size=46 wait=240ms
2026-08-16 06:29:21,104 INFO  [http.server] job dispatched queue=export attempt=5
2026-08-16 06:30:33,472 INFO  [queue.worker] user authenticated method=oauth2 latency=440ms
2026-08-16 06:32:17,479 INFO  [auth.service] cache miss key_hash=bcf7c5c7 backing=db
2026-08-16 06:37:01,866 WARN  [queue.worker] request completed status=204 duration=1776ms
2026-08-16 06:38:28,057 WARN  [cache.redis] connection acquired pool_size=40 wait=187ms
2026-08-16 06:43:24,970 INFO  [http.server] cache miss key_hash=389f7680 backing=db
2026-08-16 06:46:24,080 INFO  [db.pool] user authenticated method=password latency=126ms
2026-08-16 06:47:34,914 INFO  [scheduler.core] job dispatched queue=export attempt=2
2026-08-16 06:50:22,112 INFO  [cache.redis] job dispatched queue=render attempt=4
2026-08-17 06:56:22,097 INFO  [cache.redis] request completed status=500 duration=2603ms
2026-08-17 06:58:54,140 ERROR [scheduler.core] health check ok uptime=241584s rps=680.9
2026-08-17 07:01:26,806 INFO  [cache.redis] request completed status=204 duration=3658ms
2026-08-17 07:04:04,316 INFO  [http.server] request completed status=404 duration=2109ms
2026-08-17 07:07:52,480 INFO  [queue.worker] job dispatched queue=render attempt=4
2026-08-17 07:09:01,665 INFO  [cache.redis] health check ok uptime=783988s rps=98.2
2026-08-17 07:12:10,242 INFO  [db.pool] user authenticated method=password latency=123ms
2026-08-17 07:16:49,044 ERROR [scheduler.core] connection acquired pool_size=52 wait=108ms
2026-08-17 07:21:56,735 INFO  [cache.redis] cache miss key_hash=5056ea9e backing=db
2026-08-17 07:22:35,946 WARN  [cache.redis] request completed status=404 duration=3922ms
2026-08-17 07:26:11,997 INFO  [http.server] job dispatched queue=export attempt=3
2026-08-17 07:30:41,454 WARN  [db.pool] health check ok uptime=189735s rps=228.4
2026-08-17 07:31:45,371 INFO  [cache.redis] request completed status=404 duration=4188ms
2026-08-17 07:35:50,065 ERROR [queue.worker] job dispatched queue=billing attempt=2
2026-08-17 07:36:08,277 INFO  [auth.service] user authenticated method=token latency=647ms
2026-08-17 07:37:18,224 INFO  [http.server] job dispatched queue=render attempt=3
2026-08-17 07:40:19,704 WARN  [auth.service] health check ok uptime=231351s rps=339.4
2026-08-17 07:41:38,616 INFO  [queue.worker] connection acquired pool_size=21 wait=332ms
2026-08-17 07:47:24,067 DEBUG [queue.worker] cache miss key_hash=0a683ada backing=db
2026-08-17 07:53:18,672 INFO  [http.server] cache miss key_hash=3d49aa3d backing=db
2026-08-17 07:53:46,878 ERROR [scheduler.core] connection acquired pool_size=25 wait=309ms
2026-08-17 08:00:07,875 WARN  [db.pool] request completed status=500 duration=4373ms
2026-08-17 08:06:39,928 WARN  [http.server] cache miss key_hash=67fe4faf backing=db
2026-08-17 08:07:13,474 DEBUG [scheduler.core] health check ok uptime=906087s rps=600.0
2026-08-18 08:13:12,607 WARN  [auth.service] cache miss key_hash=01c7fe0c backing=db
2026-08-18 08:15:11,938 WARN  [cache.redis] request completed status=500 duration=1409ms
2026-08-18 08:21:43,254 ERROR [http.server] job dispatched queue=render attempt=4
2026-08-18 08:22:13,683 INFO  [db.pool] user authenticated method=password latency=625ms
2026-08-18 08:26:30,124 ERROR [cache.redis] connection acquired pool_size=35 wait=245ms
2026-08-18 08:30:12,049 WARN  [auth.service] user authenticated method=token latency=790ms
2026-08-18 08:34:30,271 DEBUG [auth.service] user authenticated method=oauth2 latency=218ms
2026-08-18 08:37:31,483 INFO  [scheduler.core] health check ok uptime=384901s rps=803.8
2026-08-18 08:43:44,481 ERROR [queue.worker] connection acquired pool_size=40 wait=350ms
2026-08-18 08:46:17,211 INFO  [auth.service] request completed status=404 duration=101ms
2026-08-18 08:51:57,323 INFO  [http.server] health check ok uptime=388259s rps=766.2
2026-08-18 08:58:35,128 INFO  [scheduler.core] connection acquired pool_size=6 wait=59ms
2026-08-18 09:04:36,128 INFO  [cache.redis] user authenticated method=token latency=21ms
2026-08-18 09:05:13,836 ERROR [queue.worker] request completed status=301 duration=4422ms
2026-08-18 09:08:42,115 ERROR [scheduler.core] job dispatched queue=render attempt=3
2026-08-18 09:08:59,601 INFO  [db.pool] request completed status=201 duration=4688ms
2026-08-18 09:10:14,583 INFO  [http.server] cache miss key_hash=824959f8 backing=db
2026-08-18 09:15:17,496 INFO  [scheduler.core] request completed status=404 duration=4619ms
2026-08-18 09:21:32,253 INFO  [db.pool] user authenticated method=password latency=486ms
2026-08-18 09:23:00,634 WARN  [queue.worker] health check ok uptime=114151s rps=657.6
2026-08-18 09:29:39,206 DEBUG [http.server] request completed status=201 duration=1587ms
2026-08-18 09:32:53,095 WARN  [scheduler.core] user authenticated method=token latency=415ms
2026-08-18 09:37:15,050 INFO  [db.pool] health check ok uptime=528642s rps=62.8
2026-08-18 09:37:31,823 INFO  [queue.worker] job dispatched queue=email attempt=5
2026-08-19 09:42:42,462 INFO  [http.server] job dispatched queue=export attempt=3
2026-08-19 09:46:08,299 INFO  [db.pool] health check ok uptime=586685s rps=26.8
2026-08-19 09:48:11,262 ERROR [db.pool] request completed status=200 duration=3290ms
2026-08-19 09:51:43,781 DEBUG [queue.worker] request completed status=201 duration=1757ms
2026-08-19 09:55:42,982 ERROR [cache.redis] user authenticated method=oauth2 latency=563ms
2026-08-19 09:58:40,645 ERROR [http.server] user authenticated method=oauth2 latency=162ms
2026-08-19 10:02:49,765 DEBUG [queue.worker] health check ok uptime=887450s rps=785.8
2026-08-19 10:03:40,126 DEBUG [http.server] cache miss key_hash=ddbadb81 backing=db
2026-08-19 10:04:43,882 ERROR [db.pool] health check ok uptime=29515s rps=781.7
2026-08-19 10:05:49,636 INFO  [db.pool] job dispatched queue=email attempt=3
2026-08-19 10:10:06,334 DEBUG [cache.redis] user authenticated method=password latency=570ms
2026-08-19 10:15:49,885 INFO  [auth.service] job dispatched queue=billing attempt=4
2026-08-19 10:20:57,843 ERROR [db.pool] job dispatched queue=render attempt=5
2026-08-19 10:25:18,619 INFO  [http.server] cache miss key_hash=69d718b4 backing=db
2026-08-19 10:27:26,854 INFO  [db.pool] cache miss key_hash=6bbc8abd backing=db
2026-08-19 10:32:37,373 ERROR [queue.worker] job dispatched queue=export attempt=4
2026-08-19 10:33:07,325 INFO  [auth.service] cache miss key_hash=c515e546 backing=db
2026-08-19 10:38:46,112 INFO  [cache.redis] cache miss key_hash=e0d1feea backing=db
2026-08-19 10:45:22,913 INFO  [auth.service] user authenticated method=oauth2 latency=382ms
2026-08-19 10:49:05,791 INFO  [cache.redis] connection acquired pool_size=3 wait=434ms
2026-08-19 10:49:49,846 DEBUG [db.pool] request completed status=201 duration=1740ms
2026-08-19 10:52:07,449 WARN  [queue.worker] user authenticated method=token latency=749ms
2026-08-19 10:57:11,635 INFO  [cache.redis] request completed status=200 duration=4510ms
2026-08-19 11:02:48,886 INFO  [queue.worker] cache miss key_hash=de0aec99 backing=db
2026-08-20 11:07:50,904 ERROR [http.server] cache miss key_hash=adb26040 backing=db
2026-08-20 11:11:10,759 INFO  [scheduler.core] user authenticated method=token latency=345ms
2026-08-20 11:16:20,575 INFO  [auth.service] cache miss key_hash=692a7109 backing=db
2026-08-20 11:18:06,119 WARN  [auth.service] request completed status=500 duration=3832ms
2026-08-20 11:24:43,109 INFO  [http.server] job dispatched queue=render attempt=3
2026-08-20 11:29:18,115 DEBUG [cache.redis] health check ok uptime=284968s rps=949.4
2026-08-20 11:33:33,450 INFO  [http.server] health check ok uptime=308650s rps=42.0
2026-08-20 11:35:28,676 INFO  [scheduler.core] job dispatched queue=billing attempt=1
2026-08-20 11:36:52,602 INFO  [db.pool] user authenticated method=oauth2 latency=811ms
2026-08-20 11:39:49,875 INFO  [http.server] cache miss key_hash=0f833c29 backing=db
2026-08-20 11:45:13,078 INFO  [queue.worker] job dispatched queue=render attempt=5
2026-08-20 11:47:28,668 ERROR [queue.worker] user authenticated method=password latency=726ms
2026-08-20 11:49:24,335 INFO  [queue.worker] connection acquired pool_size=24 wait=86ms
2026-08-20 11:51:59,749 INFO  [db.pool] health check ok uptime=846882s rps=716.7
2026-08-20 11:55:33,955 INFO  [cache.redis] request completed status=404 duration=3563ms
2026-08-20 12:00:16,769 ERROR [db.pool] job dispatched queue=billing attempt=1
2026-08-20 12:02:26,286 ERROR [cache.redis] cache miss key_hash=9c5d3255 backing=db
2026-08-20 12:03:03,098 WARN  [cache.redis] request completed status=200 duration=880ms
2026-08-20 12:05:36,502 DEBUG [http.server] connection acquired pool_size=25 wait=230ms
2026-08-20 12:08:51,176 INFO  [http.server] connection acquired pool_size=3 wait=122ms
2026-08-20 12:13:23,850 WARN  [scheduler.core] connection acquired pool_size=55 wait=51ms
2026-08-20 12:13:50,119 INFO  [db.pool] health check ok uptime=607039s rps=336.0
2026-08-20 12:14:14,814 INFO  [queue.worker] job dispatched queue=export attempt=3
2026-08-20 12:14:49,001 ERROR [queue.worker] job dispatched queue=render attempt=3
2026-08-21 12:20:47,833 INFO  [queue.worker] health check ok uptime=231289s rps=754.5
2026-08-21 12:25:58,344 INFO  [scheduler.core] cache miss key_hash=86769bf4 backing=db
2026-08-21 12:28:33,941 INFO  [http.server] connection acquired pool_size=5 wait=445ms
2026-08-21 12:31:57,893 INFO  [cache.redis] request completed status=201 duration=1982ms
2026-08-21 12:32:41,313 INFO  [auth.service] user authenticated method=oauth2 latency=442ms
2026-08-21 12:34:13,004 INFO  [queue.worker] job dispatched queue=billing attempt=3
2026-08-21 12:40:24,349 WARN  [scheduler.core] cache miss key_hash=4a9cd88e backing=db
2026-08-21 12:45:57,919 INFO  [scheduler.core] connection acquired pool_size=56 wait=99ms
2026-08-21 12:50:56,814 ERROR [db.pool] connection acquired pool_size=13 wait=39ms
2026-08-21 12:56:13,762 DEBUG [scheduler.core] user authenticated method=token latency=782ms
2026-08-21 12:59:12,778 ERROR [db.pool] connection acquired pool_size=36 wait=452ms
2026-08-21 13:00:09,538 WARN  [auth.service] job dispatched queue=email attempt=4
2026-08-21 13:04:53,595 INFO  [db.pool] job dispatched queue=export attempt=4
2026-08-21 13:08:56,224 INFO  [http.server] request completed status=500 duration=12ms
2026-08-21 13:14:35,304 WARN  [scheduler.core] job dispatched queue=email attempt=1
2026-08-21 13:19:18,390 DEBUG [cache.redis] cache miss key_hash=43d4b02b backing=db
2026-08-21 13:20:50,090 WARN  [auth.service] cache miss key_hash=ff82bfc6 backing=db
2026-08-21 13:24:01,551 DEBUG [auth.service] connection acquired pool_size=24 wait=312ms
2026-08-21 13:27:00,334 INFO  [auth.service] job dispatched queue=email attempt=3
2026-08-21 13:29:56,520 DEBUG [cache.redis] connection acquired pool_size=15 wait=429ms
2026-08-21 13:32:09,637 ERROR [scheduler.core] cache miss key_hash=f7dff125 backing=db
2026-08-21 13:37:44,522 DEBUG [db.pool] cache miss key_hash=d4c1d20a backing=db
2026-08-21 13:43:38,960 DEBUG [http.server] connection acquired pool_size=62 wait=438ms
2026-08-21 13:43:49,118 WARN  [cache.redis] request completed status=404 duration=3641ms
2026-08-22 13:46:45,332 ERROR [http.server] cache miss key_hash=8738c6e8 backing=db
2026-08-22 13:50:31,536 WARN  [http.server] connection acquired pool_size=18 wait=180ms
2026-08-22 13:52:43,439 WARN  [auth.service] request completed status=200 duration=1060ms
2026-08-22 13:54:19,518 WARN  [cache.redis] cache miss key_hash=0322973d backing=db
2026-08-22 13:59:03,166 INFO  [db.pool] connection acquired pool_size=25 wait=315ms
2026-08-22 14:01:47,332 INFO  [auth.service] connection acquired pool_size=49 wait=214ms
2026-08-22 14:06:15,513 WARN  [http.server] health check ok uptime=428495s rps=729.8
2026-08-22 14:06:36,865 INFO  [scheduler.core] cache miss key_hash=f9982ffa backing=db
2026-08-22 14:09:28,571 INFO  [auth.service] job dispatched queue=email attempt=1
2026-08-22 14:15:18,744 ERROR [queue.worker] connection acquired pool_size=6 wait=279ms
2026-08-22 14:16:11,039 DEBUG [db.pool] job dispatched queue=export attempt=1
2026-08-22 14:18:31,879 DEBUG [http.server] user authenticated method=password latency=710ms
2026-08-22 14:24:39,128 INFO  [db.pool] health check ok uptime=391080s rps=338.5
2026-08-22 14:30:01,685 INFO  [scheduler.core] job dispatched queue=export attempt=3
2026-08-22 14:34:48,524 WARN  [http.server] request completed status=301 duration=4220ms
2026-08-22 14:41:21,899 DEBUG [db.pool] cache miss key_hash=743b588d backing=db
2026-08-22 14:46:04,880 INFO  [cache.redis] request completed status=204 duration=3840ms
2026-08-22 14:46:25,849 INFO  [queue.worker] connection acquired pool_size=54 wait=429ms
2026-08-22 14:49:08,498 WARN  [auth.service] connection acquired pool_size=51 wait=222ms
2026-08-22 14:55:28,045 ERROR [cache.redis] health check ok uptime=688550s rps=938.1
2026-08-22 15:01:43,779 INFO  [queue.worker] connection acquired pool_size=3 wait=189ms
2026-08-22 15:04:53,562 WARN  [http.server] connection acquired pool_size=27 wait=444ms
2026-08-22 15:06:08,475 INFO  [queue.worker] cache miss key_hash=01fde6d1 backing=db
2026-08-22 15:12:19,270 DEBUG [auth.service] cache miss key_hash=cb68c552 backing=db
2026-08-23 15:14:24,142 WARN  [http.server] connection acquired pool_size=35 wait=78ms
2026-08-23 15:20:23,271 INFO  [queue.worker] cache miss key_hash=e7c3bc42 backing=db
2026-08-23 15:26:31,585 INFO  [db.pool] connection acquired pool_size=45 wait=139ms
2026-08-23 15:30:02,467 ERROR [auth.service] request completed status=200 duration=4325ms
2026-08-23 15:35:37,955 INFO  [auth.service] connection acquired pool_size=14 wait=134ms
2026-08-23 15:36:39,983 INFO  [http.server] request completed status=500 duration=3425ms
2026-08-23 15:39:00,725 DEBUG [queue.worker] cache miss key_hash=8d3538a5 backing=db
2026-08-23 15:43:31,617 ERROR [scheduler.core] connection acquired pool_size=20 wait=361ms
2026-08-23 15:49:32,428 INFO  [queue.worker] connection acquired pool_size=51 wait=101ms
2026-08-23 15:51:23,222 INFO  [queue.worker] health check ok uptime=284685s rps=655.6
2026-08-23 15:56:20,088 DEBUG [auth.service] user authenticated method=oauth2 latency=426ms
2026-08-23 16:02:00,427 INFO  [http.server] request completed status=301 duration=4642ms
2026-08-23 16:08:08,664 DEBUG [http.server] request completed status=404 duration=1218ms
2026-08-23 16:11:28,052 INFO  [auth.service] cache miss key_hash=b8fae964 backing=db
2026-08-23 16:17:53,302 ERROR [cache.redis] request completed status=201 duration=2444ms
2026-08-23 16:18:30,403 INFO  [scheduler.core] cache miss key_hash=aea00c5a backing=db
2026-08-23 16:24:59,913 INFO  [queue.worker] job dispatched queue=export attempt=1
2026-08-23 16:31:13,718 INFO  [auth.service] job dispatched queue=export attempt=4
2026-08-23 16:33:12,853 INFO  [http.server] connection acquired pool_size=2 wait=369ms
2026-08-23 16:34:08,484 WARN  [queue.worker] request completed status=204 duration=3756ms
2026-08-23 16:38:03,145 ERROR [queue.worker] cache miss key_hash=b1e05611 backing=db
2026-08-23 16:40:08,730 DEBUG [scheduler.core] health check ok uptime=505055s rps=345.7
2026-08-23 16:45:34,067 WARN  [http.server] job dispatched queue=billing attempt=2
2026-08-23 16:49:29,034 WARN  [cache.redis] job dispatched queue=billing attempt=3
2026-08-24 16:53:28,065 INFO  [http.server] health check ok uptime=347768s rps=852.9
2026-08-24 16:56:58,384 WARN  [db.pool] user authenticated method=token latency=347ms
2026-08-24 17:01:05,485 WARN  [db.pool] health check ok uptime=945396s rps=641.5
2026-08-24 17:06:14,668 WARN  [cache.redis] cache miss key_hash=c3ec711d backing=db
2026-08-24 17:06:51,664 INFO  [scheduler.core] request completed status=200 duration=1172ms
2026-08-24 17:08:53,832 WARN  [cache.redis] job dispatched queue=billing attempt=2
2026-08-24 17:10:29,388 ERROR [http.server] request completed status=200 duration=875ms
2026-08-24 17:14:30,400 INFO  [http.server] health check ok uptime=791297s rps=640.7
2026-08-24 17:18:05,582 INFO  [db.pool] connection acquired pool_size=23 wait=479ms
2026-08-24 17:18:44,497 DEBUG [auth.service] request completed status=201 duration=1828ms
2026-08-24 17:23:21,413 INFO  [cache.redis] user authenticated method=token latency=441ms
2026-08-24 17:27:53,329 INFO  [queue.worker] user authenticated method=password latency=316ms
2026-08-24 17:33:33,758 INFO  [scheduler.core] health check ok uptime=339818s rps=105.6
2026-08-24 17:39:35,203 ERROR [scheduler.core] health check ok uptime=143095s rps=599.9
2026-08-24 17:41:55,524 ERROR [queue.worker] connection acquired pool_size=23 wait=103ms
2026-08-24 17:43:22,050 DEBUG [db.pool] user authenticated method=oauth2 latency=150ms
2026-08-24 17:49:25,886 DEBUG [scheduler.core] connection acquired pool_size=54 wait=244ms
2026-08-24 17:52:20,098 WARN  [auth.service] cache miss key_hash=3f43f481 backing=db
2026-08-24 17:57:46,307 INFO  [cache.redis] cache miss key_hash=e7043c37 backing=db
2026-08-24 18:00:15,104 INFO  [queue.worker] cache miss key_hash=a677e51d backing=db
2026-08-24 18:03:40,502 ERROR [auth.service] health check ok uptime=919341s rps=344.6
2026-08-24 18:08:31,690 ERROR [auth.service] cache miss key_hash=56d69070 backing=db
2026-08-24 18:11:51,447 WARN  [auth.service] request completed status=500 duration=1392ms
2026-08-24 18:18:31,777 WARN  [db.pool] user authenticated method=oauth2 latency=677ms
2026-08-25 18:23:55,874 INFO  [auth.service] connection acquired pool_size=28 wait=428ms
2026-08-25 18:24:35,634 ERROR [cache.redis] request completed status=204 duration=2853ms
2026-08-25 18:28:45,828 DEBUG [scheduler.core] job dispatched queue=billing attempt=3
2026-08-25 18:29:42,718 INFO  [scheduler.core] connection acquired pool_size=46 wait=186ms
2026-08-25 18:33:36,732 ERROR [scheduler.core] connection acquired pool_size=45 wait=440ms
2026-08-25 18:34:18,767 INFO  [http.server] cache miss key_hash=940bbf94 backing=db
2026-08-25 18:40:33,212 ERROR [cache.redis] health check ok uptime=340509s rps=342.0
2026-08-25 18:45:57,196 INFO  [queue.worker] user authenticated method=oauth2 latency=734ms
2026-08-25 18:49:39,738 INFO  [db.pool] connection acquired pool_size=16 wait=95ms
2026-08-25 18:54:31,959 DEBUG [cache.redis] user authenticated method=oauth2 latency=349ms
2026-08-25 18:58:09,026 INFO  [db.pool] cache miss key_hash=c611b123 backing=db
2026-08-25 19:00:18,678 ERROR [db.pool] cache miss key_hash=eb69bc12 backing=db
2026-08-25 19:01:54,225 INFO  [auth.service] health check ok uptime=902120s rps=901.9
2026-08-25 19:05:18,630 ERROR [cache.redis] user authenticated method=token latency=225ms
2026-08-25 19:08:30,706 INFO  [scheduler.core] request completed status=201 duration=4731ms
2026-08-25 19:10:51,232 INFO  [cache.redis] cache miss key_hash=13f749d7 backing=db
2026-08-25 19:12:37,006 INFO  [cache.redis] health check ok uptime=861842s rps=303.3
2026-08-25 19:16:06,322 INFO  [auth.service] health check ok uptime=478993s rps=306.1
2026-08-25 19:17:40,114 INFO  [http.server] user authenticated method=password latency=75ms
2026-08-25 19:24:00,135 INFO  [cache.redis] health check ok uptime=531963s rps=235.9
2026-08-25 19:28:55,715 WARN  [queue.worker] cache miss key_hash=e4e85851 backing=db
2026-08-25 19:31:21,590 INFO  [db.pool] user authenticated method=password latency=655ms
2026-08-25 19:37:06,111 INFO  [cache.redis] job dispatched queue=render attempt=3
2026-08-25 19:38:43,302 DEBUG [queue.worker] user authenticated method=password latency=813ms
2026-08-26 19:41:02,029 DEBUG [db.pool] cache miss key_hash=67eec87e backing=db
2026-08-26 19:47:01,581 INFO  [scheduler.core] request completed status=404 duration=2864ms
2026-08-26 19:47:23,869 ERROR [db.pool] health check ok uptime=590257s rps=686.6
2026-08-26 19:48:52,468 ERROR [http.server] job dispatched queue=export attempt=4
2026-08-26 19:50:42,423 ERROR [cache.redis] connection acquired pool_size=5 wait=137ms
2026-08-26 19:51:32,047 INFO  [queue.worker] cache miss key_hash=b40438fe backing=db
2026-08-26 19:53:32,059 INFO  [queue.worker] cache miss key_hash=b363210e backing=db
2026-08-26 19:53:58,815 DEBUG [cache.redis] job dispatched queue=billing attempt=5
2026-08-26 19:58:01,347 WARN  [auth.service] connection acquired pool_size=27 wait=269ms
2026-08-26 20:01:22,051 INFO  [cache.redis] cache miss key_hash=309b27ec backing=db
2026-08-26 20:03:12,201 WARN  [db.pool] health check ok uptime=967357s rps=264.3
2026-08-26 20:03:46,936 INFO  [cache.redis] job dispatched queue=render attempt=4
2026-08-26 20:07:17,329 INFO  [db.pool] request completed status=500 duration=1011ms
2026-08-26 20:08:32,618 INFO  [scheduler.core] cache miss key_hash=460396d3 backing=db
2026-08-26 20:08:45,151 INFO  [auth.service] job dispatched queue=render attempt=5
2026-08-26 20:09:24,045 INFO  [scheduler.core] connection acquired pool_size=61 wait=261ms
2026-08-26 20:13:54,675 INFO  [db.pool] health check ok uptime=538420s rps=94.3
2026-08-26 20:14:41,841 DEBUG [db.pool] cache miss key_hash=c6c6cc39 backing=db
2026-08-26 20:19:38,030 DEBUG [http.server] user authenticated method=password latency=732ms
2026-08-26 20:22:42,709 INFO  [db.pool] request completed status=404 duration=3286ms
2026-08-26 20:28:45,986 ERROR [queue.worker] health check ok uptime=495862s rps=25.9
2026-08-26 20:34:47,141 INFO  [queue.worker] cache miss key_hash=db14a37b backing=db
2026-08-26 20:36:44,864 DEBUG [db.pool] cache miss key_hash=e7fa3b9a backing=db
2026-08-26 20:39:57,945 INFO  [queue.worker] user authenticated method=token latency=820ms
2026-08-27 20:42:53,561 ERROR [auth.service] job dispatched queue=email attempt=5
2026-08-27 20:45:12,011 ERROR [scheduler.core] connection acquired pool_size=36 wait=374ms
2026-08-27 20:48:20,925 INFO  [db.pool] health check ok uptime=826614s rps=729.8
2026-08-27 20:52:14,488 INFO  [db.pool] cache miss key_hash=3071abf9 backing=db
2026-08-27 20:56:44,372 INFO  [auth.service] request completed status=204 duration=3969ms
2026-08-27 21:00:40,282 INFO  [db.pool] cache miss key_hash=3954509a backing=db
2026-08-27 21:07:17,203 INFO  [auth.service] request completed status=301 duration=203ms
2026-08-27 21:08:58,848 ERROR [db.pool] job dispatched queue=billing attempt=2
2026-08-27 21:11:33,281 DEBUG [scheduler.core] user authenticated method=token latency=736ms
2026-08-27 21:14:28,256 WARN  [scheduler.core] user authenticated method=oauth2 latency=307ms
2026-08-27 21:15:21,058 INFO  [db.pool] health check ok uptime=825452s rps=259.0
2026-08-27 21:19:30,967 WARN  [db.pool] health check ok uptime=743569s rps=315.5
2026-08-27 21:22:21,472 ERROR [cache.redis] health check ok uptime=720226s rps=794.9
2026-08-27 21:28:22,298 DEBUG [scheduler.core] user authenticated method=token latency=642ms
2026-08-27 21:29:01,170 INFO  [queue.worker] user authenticated method=token latency=226ms
2026-08-27 21:32:21,146 ERROR [scheduler.core] user authenticated method=password latency=463ms
2026-08-27 21:36:52,871 ERROR [auth.service] connection acquired pool_size=3 wait=118ms
2026-08-27 21:42:52,238 INFO  [db.pool] job dispatched queue=email attempt=3
2026-08-27 21:47:22,760 ERROR [scheduler.core] job dispatched queue=export attempt=2
2026-08-27 21:53:20,058 WARN  [http.server] cache miss key_hash=f6bf69d7 backing=db
2026-08-27 21:56:56,252 DEBUG [http.server] connection acquired pool_size=1 wait=378ms
2026-08-27 22:00:46,303 DEBUG [cache.redis] health check ok uptime=479902s rps=113.7
2026-08-27 22:03:05,341 ERROR [db.pool] connection acquired pool_size=21 wait=160ms
2026-08-27 22:04:47,365 INFO  [queue.worker] request completed status=200 duration=928ms
2026-08-28 22:05:56,772 INFO  [auth.service] request completed status=301 duration=2030ms
2026-08-28 22:07:30,839 ERROR [auth.service] cache miss key_hash=80a53e33 backing=db
2026-08-28 22:14:09,220 INFO  [scheduler.core] job dispatched queue=render attempt=1
2026-08-28 22:17:22,994 ERROR [scheduler.core] connection acquired pool_size=35 wait=386ms
2026-08-28 22:23:10,086 INFO  [http.server] health check ok uptime=576140s rps=158.0
2026-08-28 22:24:04,656 ERROR [db.pool] connection acquired pool_size=48 wait=78ms
2026-08-28 22:25:44,449 INFO  [db.pool] cache miss key_hash=9e12b7ef backing=db
2026-08-28 22:27:23,532 INFO  [http.server] health check ok uptime=635306s rps=403.2
2026-08-28 22:28:02,418 INFO  [db.pool] job dispatched queue=billing attempt=1
2026-08-28 22:32:12,686 ERROR [queue.worker] cache miss key_hash=a53e4239 backing=db
2026-08-28 22:38:17,324 INFO  [auth.service] job dispatched queue=export attempt=5
2026-08-28 22:39:20,323 INFO  [http.server] request completed status=200 duration=2455ms
2026-08-28 22:40:52,869 INFO  [scheduler.core] job dispatched queue=export attempt=2
2026-08-28 22:42:19,205 INFO  [cache.redis] job dispatched queue=billing attempt=1
2026-08-28 22:46:00,404 ERROR [queue.worker] cache miss key_hash=a70f66e2 backing=db
2026-08-28 22:46:42,744 INFO  [db.pool] health check ok uptime=981116s rps=304.9
2026-08-28 22:52:57,939 WARN  [db.pool] user authenticated method=token latency=556ms
2026-08-28 22:55:37,127 INFO  [queue.worker] request completed status=201 duration=3685ms
2026-08-28 22:56:20,855 ERROR [http.server] request completed status=500 duration=4733ms
2026-08-28 23:00:56,156 INFO  [auth.service] user authenticated method=password latency=618ms
2026-08-28 23:01:16,892 WARN  [auth.service] job dispatched queue=billing attempt=3
2026-08-28 23:03:24,384 INFO  [auth.service] health check ok uptime=977852s rps=469.3
2026-08-28 23:04:42,674 WARN  [db.pool] request completed status=500 duration=4718ms
2026-08-28 23:11:05,996 INFO  [auth.service] request completed status=404 duration=4453ms
2026-08-01 23:14:59,905 DEBUG [cache.redis] connection acquired pool_size=21 wait=446ms
2026-08-01 23:19:00,369 ERROR [scheduler.core] health check ok uptime=332895s rps=900.5
2026-08-01 23:20:47,672 ERROR [http.server] user authenticated method=oauth2 latency=165ms
2026-08-01 23:25:45,811 INFO  [auth.service] user authenticated method=token latency=231ms
2026-08-01 23:28:53,766 DEBUG [queue.worker] connection acquired pool_size=40 wait=286ms
2026-08-01 23:30:06,586 INFO  [http.server] user authenticated method=password latency=475ms
2026-08-01 23:35:28,044 INFO  [cache.redis] connection acquired pool_size=44 wait=155ms
2026-08-01 23:39:41,733 INFO  [db.pool] cache miss key_hash=44b29cc5 backing=db
2026-08-01 23:40:31,487 INFO  [http.server] request completed status=204 duration=3373ms
2026-08-01 23:42:04,674 ERROR [db.pool] connection acquired pool_size=44 wait=439ms
2026-08-01 23:48:04,954 INFO  [http.server] request completed status=200 duration=2787ms
2026-08-01 23:54:04,175 ERROR [queue.worker] job dispatched queue=email attempt=5
2026-08-01 00:00:41,522 INFO  [scheduler.core] cache miss key_hash=707983dd backing=db
2026-08-01 00:06:16,741 WARN  [cache.redis] job dispatched queue=render attempt=3
2026-08-01 00:12:06,371 WARN  [queue.worker] connection acquired pool_size=3 wait=493ms
2026-08-01 00:14:50,056 INFO  [queue.worker] job dispatched queue=render attempt=4
2026-08-01 00:17:46,652 INFO  [queue.worker] cache miss key_hash=d5c04e02 backing=db
2026-08-01 00:18:11,045 INFO  [auth.service] job dispatched queue=email attempt=3
2026-08-01 00:22:25,634 WARN  [queue.worker] connection acquired pool_size=26 wait=292ms
2026-08-01 00:22:54,749 WARN  [db.pool] health check ok uptime=86730s rps=630.0
2026-08-01 00:26:25,454 WARN  [db.pool] user authenticated method=oauth2 latency=159ms
2026-08-01 00:32:37,510 INFO  [cache.redis] connection acquired pool_size=61 wait=91ms
2026-08-01 00:36:36,431 WARN  [cache.redis] health check ok uptime=875666s rps=879.1
2026-08-01 00:37:02,818 WARN  [auth.service] request completed status=204 duration=4187ms
2026-08-02 00:42:56,771 INFO  [auth.service] job dispatched queue=email attempt=1
2026-08-02 00:43:54,818 WARN  [scheduler.core] health check ok uptime=127040s rps=855.1
2026-08-02 00:47:22,758 INFO  [auth.service] health check ok uptime=267960s rps=303.6
2026-08-02 00:50:11,419 INFO  [auth.service] request completed status=204 duration=3611ms
2026-08-02 00:53:22,751 INFO  [db.pool] health check ok uptime=704865s rps=974.4
2026-08-02 00:58:54,331 INFO  [auth.service] job dispatched queue=email attempt=2
2026-08-02 00:59:15,931 INFO  [cache.redis] cache miss key_hash=931d3517 backing=db
2026-08-02 01:03:12,811 INFO  [auth.service] job dispatched queue=email attempt=1
2026-08-02 01:04:17,777 ERROR [cache.redis] health check ok uptime=292799s rps=817.5
2026-08-02 01:07:44,594 ERROR [http.server] cache miss key_hash=1566ae99 backing=db
2026-08-02 01:08:11,503 ERROR [cache.redis] job dispatched queue=billing attempt=1
2026-08-02 01:12:47,644 WARN  [queue.worker] connection acquired pool_size=49 wait=182ms
2026-08-02 01:17:03,253 INFO  [scheduler.core] request completed status=404 duration=4649ms
2026-08-02 01:22:37,071 INFO  [queue.worker] request completed status=301 duration=3114ms
2026-08-02 01:25:59,220 INFO  [scheduler.core] job dispatched queue=export attempt=1
2026-08-02 01:30:56,407 INFO  [auth.service] job dispatched queue=render attempt=3
2026-08-02 01:33:17,567 DEBUG [db.pool] cache miss key_hash=c587bcb5 backing=db
2026-08-02 01:38:59,282 INFO  [cache.redis] connection acquired pool_size=43 wait=226ms
2026-08-02 01:42:28,351 ERROR [cache.redis] job dispatched queue=email attempt=1
2026-08-02 01:46:22,870 WARN  [scheduler.core] connection acquired pool_size=19 wait=185ms
2026-08-02 01:52:12,595 INFO  [db.pool] health check ok uptime=241221s rps=524.2
2026-08-02 01:56:36,988 DEBUG [scheduler.core] connection acquired pool_size=62 wait=260ms
2026-08-02 01:58:53,524 INFO  [http.server] user authenticated method=oauth2 latency=230ms
2026-08-02 02:03:53,077 INFO  [scheduler.core] cache miss key_hash=0b373f1a backing=db
2026-08-03 02:06:11,037 ERROR [auth.service] health check ok uptime=783383s rps=717.3
2026-08-03 02:09:10,129 INFO  [cache.redis] connection acquired pool_size=1 wait=378ms
2026-08-03 02:13:11,712 INFO  [scheduler.core] job dispatched queue=export attempt=2
2026-08-03 02:18:37,630 INFO  [cache.redis] cache miss key_hash=3ab5cd1f backing=db
2026-08-03 02:19:58,049 DEBUG [queue.worker] health check ok uptime=218472s rps=780.5
2026-08-03 02:22:20,408 INFO  [auth.service] connection acquired pool_size=42 wait=374ms
2026-08-03 02:25:03,650 ERROR [db.pool] request completed status=500 duration=1175ms
2026-08-03 02:26:36,308 WARN  [cache.redis] job dispatched queue=billing attempt=3
2026-08-03 02:27:01,834 WARN  [http.server] user authenticated method=password latency=733ms
2026-08-03 02:33:28,347 ERROR [queue.worker] cache miss key_hash=4acfc0c4 backing=db
2026-08-03 02:39:10,277 ERROR [cache.redis] request completed status=204 duration=830ms
2026-08-03 02:40:07,146 WARN  [queue.worker] health check ok uptime=258026s rps=605.1
2026-08-03 02:44:01,264 INFO  [http.server] health check ok uptime=580772s rps=186.4
2026-08-03 02:47:53,485 ERROR [cache.redis] user authenticated method=token latency=466ms
2026-08-03 02:51:52,355 INFO  [queue.worker] cache miss key_hash=2660a7fe backing=db
2026-08-03 02:57:55,510 DEBUG [cache.redis] health check ok uptime=812915s rps=161.3
2026-08-03 02:59:48,428 DEBUG [auth.service] job dispatched queue=email attempt=1
2026-08-03 03:00:51,199 INFO  [db.pool] connection acquired pool_size=17 wait=277ms
2026-08-03 03:01:55,787 INFO  [cache.redis] cache miss key_hash=1a551fde backing=db
2026-08-03 03:02:26,544 DEBUG [queue.worker] user authenticated method=oauth2 latency=514ms
2026-08-03 03:05:48,337 WARN  [db.pool] cache miss key_hash=1002af0a backing=db
2026-08-03 03:10:05,190 DEBUG [cache.redis] user authenticated method=token latency=360ms
2026-08-03 03:13:03,137 INFO  [db.pool] job dispatched queue=email attempt=5
2026-08-03 03:15:41,812 INFO  [db.pool] user authenticated method=oauth2 latency=887ms
2026-08-04 03:17:13,106 INFO  [db.pool] connection acquired pool_size=30 wait=20ms
2026-08-04 03:19:53,763 INFO  [http.server] job dispatched queue=billing attempt=4
2026-08-04 03:24:39,350 WARN  [http.server] job dispatched queue=render attempt=2
2026-08-04 03:25:18,777 INFO  [http.server] connection acquired pool_size=27 wait=281ms
2026-08-04 03:28:37,503 WARN  [db.pool] job dispatched queue=email attempt=5
2026-08-04 03:30:13,713 INFO  [cache.redis] connection acquired pool_size=21 wait=136ms
2026-08-04 03:34:34,605 ERROR [http.server] request completed status=201 duration=1602ms
2026-08-04 03:35:15,960 INFO  [cache.redis] request completed status=204 duration=4185ms
2026-08-04 03:40:52,826 INFO  [queue.worker] request completed status=204 duration=4239ms
2026-08-04 03:42:41,938 INFO  [http.server] cache miss key_hash=de1fb800 backing=db
2026-08-04 03:47:15,206 INFO  [http.server] health check ok uptime=168436s rps=216.0
2026-08-04 03:53:37,006 ERROR [auth.service] cache miss key_hash=605b7127 backing=db
2026-08-04 03:57:09,891 INFO  [cache.redis] user authenticated method=password latency=558ms
2026-08-04 03:58:27,288 INFO  [http.server] cache miss key_hash=ff22ac1a backing=db
2026-08-04 04:02:51,157 ERROR [queue.worker] connection acquired pool_size=26 wait=101ms
2026-08-04 04:08:21,528 INFO  [db.pool] connection acquired pool_size=13 wait=277ms
2026-08-04 04:12:21,335 DEBUG [queue.worker] request completed status=404 duration=2784ms
2026-08-04 04:18:26,828 WARN  [scheduler.core] user authenticated method=password latency=464ms
2026-08-04 04:20:02,008 INFO  [queue.worker] cache miss key_hash=b044811d backing=db
2026-08-04 04:25:33,002 DEBUG [auth.service] request completed status=201 duration=4716ms
2026-08-04 04:28:05,042 INFO  [cache.redis] health check ok uptime=481573s rps=377.5
2026-08-04 04:28:52,958 DEBUG [auth.service] connection acquired pool_size=23 wait=469ms
2026-08-04 04:34:13,483 DEBUG [scheduler.core] job dispatched queue=billing attempt=4
2026-08-04 04:37:21,422 INFO  [queue.worker] connection acquired pool_size=41 wait=222ms
2026-08-05 04:39:13,449 INFO  [scheduler.core] job dispatched queue=render attempt=4
2026-08-05 04:43:15,278 DEBUG [auth.service] connection acquired pool_size=10 wait=241ms
2026-08-05 04:43:48,362 WARN  [http.server] user authenticated method=token latency=725ms
2026-08-05 04:49:08,768 INFO  [cache.redis] health check ok uptime=765718s rps=824.4
2026-08-05 04:53:08,984 ERROR [scheduler.core] connection acquired pool_size=8 wait=350ms
2026-08-05 04:54:08,404 WARN  [http.server] job dispatched queue=export attempt=1
2026-08-05 04:56:04,582 INFO  [http.server] health check ok uptime=550226s rps=509.9
2026-08-05 05:01:06,701 DEBUG [auth.service] health check ok uptime=308162s rps=28.4
2026-08-05 05:04:43,630 ERROR [scheduler.core] request completed status=404 duration=2265ms
2026-08-05 05:05:34,666 ERROR [auth.service] user authenticated method=password latency=865ms
2026-08-05 05:08:55,142 INFO  [queue.worker] user authenticated method=oauth2 latency=621ms
2026-08-05 05:13:50,270 INFO  [db.pool] health check ok uptime=630529s rps=44.0
2026-08-05 05:14:26,511 WARN  [cache.redis] cache miss key_hash=b6def74a backing=db
2026-08-05 05:20:28,954 WARN  [auth.service] cache miss key_hash=ed5c4bae backing=db
2026-08-05 05:26:03,399 WARN  [auth.service] connection acquired pool_size=56 wait=69ms
2026-08-05 05:29:50,869 INFO  [http.server] request completed status=201 duration=2867ms
2026-08-05 05:31:01,845 INFO  [db.pool] cache miss key_hash=ae7e616c backing=db
2026-08-05 05:36:37,684 INFO  [cache.redis] connection acquired pool_size=44 wait=20ms
2026-08-05 05:40:33,066 DEBUG [cache.redis] user authenticated method=oauth2 latency=231ms
2026-08-05 05:42:07,825 DEBUG [db.pool] job dispatched queue=email attempt=5
2026-08-05 05:43:35,406 ERROR [http.server] job dispatched queue=export attempt=2
2026-08-05 05:43:53,550 WARN  [auth.service] connection acquired pool_size=21 wait=168ms
2026-08-05 05:48:42,083 INFO  [http.server] cache miss key_hash=575d0b6e backing=db
2026-08-05 05:50:55,712 INFO  [queue.worker] user authenticated method=password latency=830ms
2026-08-06 05:56:22,483 INFO  [queue.worker] health check ok uptime=270335s rps=947.2
2026-08-06 06:00:14,387 INFO  [auth.service] connection acquired pool_size=44 wait=486ms
2026-08-06 06:06:31,128 ERROR [db.pool] cache miss key_hash=cb8dd597 backing=db
2026-08-06 06:07:02,133 WARN  [db.pool] request completed status=200 duration=3434ms
2026-08-06 06:10:36,705 DEBUG [scheduler.core] job dispatched queue=billing attempt=2
2026-08-06 06:16:54,951 INFO  [queue.worker] health check ok uptime=478182s rps=666.4
2026-08-06 06:20:26,750 DEBUG [http.server] job dispatched queue=export attempt=4
2026-08-06 06:25:06,185 INFO  [cache.redis] health check ok uptime=934247s rps=312.9
2026-08-06 06:31:01,880 DEBUG [auth.service] job dispatched queue=render attempt=1
2026-08-06 06:37:21,271 INFO  [auth.service] connection acquired pool_size=16 wait=377ms
2026-08-06 06:38:04,012 INFO  [scheduler.core] health check ok uptime=761770s rps=255.5
2026-08-06 06:40:10,851 INFO  [queue.worker] cache miss key_hash=4cd9ff87 backing=db
2026-08-06 06:44:41,049 INFO  [db.pool] connection acquired pool_size=17 wait=131ms
2026-08-06 06:45:05,131 DEBUG [scheduler.core] cache miss key_hash=cc166d89 backing=db
2026-08-06 06:48:33,365 INFO  [db.pool] user authenticated method=token latency=192ms
2026-08-06 06:53:14,988 DEBUG [queue.worker] cache miss key_hash=e641bffc backing=db
2026-08-06 06:55:03,880 WARN  [scheduler.core] health check ok uptime=745216s rps=410.2
2026-08-06 07:01:30,655 INFO  [queue.worker] user authenticated method=token latency=419ms
2026-08-06 07:06:32,462 INFO  [http.server] job dispatched queue=export attempt=4
2026-08-06 07:09:53,073 INFO  [auth.service] user authenticated method=password latency=621ms
2026-08-06 07:10:46,245 WARN  [db.pool] user authenticated method=token latency=817ms
2026-08-06 07:13:41,517 ERROR [db.pool] user authenticated method=token latency=224ms
2026-08-06 07:18:47,008 WARN  [auth.service] health check ok uptime=626852s rps=544.6
2026-08-06 07:25:14,688 INFO  [db.pool] job dispatched queue=render attempt=4
2026-08-07 07:27:39,963 INFO  [scheduler.core] job dispatched queue=email attempt=2
2026-08-07 07:29:21,230 ERROR [http.server] job dispatched queue=billing attempt=1
2026-08-07 07:30:41,982 INFO  [queue.worker] connection acquired pool_size=47 wait=49ms
2026-08-07 07:34:37,943 DEBUG [auth.service] connection acquired pool_size=53 wait=494ms
2026-08-07 07:39:25,888 INFO  [cache.redis] request completed status=404 duration=4291ms
2026-08-07 07:40:47,800 WARN  [cache.redis] job dispatched queue=billing attempt=5
2026-08-07 07:44:17,612 WARN  [scheduler.core] user authenticated method=oauth2 latency=580ms
2026-08-07 07:45:24,029 ERROR [cache.redis] request completed status=200 duration=526ms
2026-08-07 07:50:04,114 ERROR [cache.redis] user authenticated method=password latency=448ms
2026-08-07 07:52:55,719 INFO  [scheduler.core] user authenticated method=password latency=58ms
2026-08-07 07:58:16,503 INFO  [http.server] user authenticated method=oauth2 latency=450ms
2026-08-07 08:04:17,025 DEBUG [db.pool] job dispatched queue=export attempt=1
2026-08-07 08:08:00,754 INFO  [db.pool] health check ok uptime=625251s rps=832.7
2026-08-07 08:09:42,794 ERROR [http.server] cache miss key_hash=23dc1cc0 backing=db
2026-08-07 08:15:49,498 INFO  [queue.worker] cache miss key_hash=451995ea backing=db
2026-08-07 08:19:24,532 WARN  [scheduler.core] user authenticated method=token latency=599ms
2026-08-07 08:24:35,226 INFO  [auth.service] request completed status=200 duration=73ms
2026-08-07 08:28:10,237 ERROR [auth.service] health check ok uptime=198832s rps=816.5
2026-08-07 08:28:56,941 INFO  [queue.worker] cache miss key_hash=630479bf backing=db
2026-08-07 08:34:48,728 DEBUG [http.server] request completed status=200 duration=4197ms
2026-08-07 08:39:56,413 INFO  [queue.worker] user authenticated method=oauth2 latency=265ms
2026-08-07 08:41:40,628 INFO  [db.pool] request completed status=201 duration=982ms
2026-08-07 08:44:43,764 INFO  [http.server] user authenticated method=password latency=900ms
2026-08-07 08:46:59,043 ERROR [queue.worker] user authenticated method=oauth2 latency=87ms
2026-08-08 08:53:13,780 INFO  [queue.worker] cache miss key_hash=34430fdb backing=db
2026-08-08 08:57:48,707 ERROR [auth.service] user authenticated method=password latency=693ms
2026-08-08 09:03:23,978 WARN  [db.pool] cache miss key_hash=254a53b8 backing=db
2026-08-08 09:03:40,173 WARN  [db.pool] job dispatched queue=export attempt=3
2026-08-08 09:09:24,629 DEBUG [auth.service] user authenticated method=token latency=158ms
2026-08-08 09:11:18,767 ERROR [queue.worker] cache miss key_hash=131f1924 backing=db
2026-08-08 09:16:16,405 INFO  [db.pool] health check ok uptime=427603s rps=429.1
2026-08-08 09:21:03,329 DEBUG [auth.service] health check ok uptime=89290s rps=306.2
2026-08-08 09:26:35,188 DEBUG [queue.worker] job dispatched queue=email attempt=3
2026-08-08 09:27:19,514 INFO  [scheduler.core] cache miss key_hash=0389b16d backing=db
2026-08-08 09:31:51,237 INFO  [http.server] user authenticated method=password latency=762ms
2026-08-08 09:36:04,281 ERROR [auth.service] cache miss key_hash=b6e935df backing=db
2026-08-08 09:41:51,547 ERROR [queue.worker] job dispatched queue=email attempt=1
2026-08-08 09:45:54,763 INFO  [auth.service] health check ok uptime=170003s rps=759.6
2026-08-08 09:48:10,446 ERROR [db.pool] health check ok uptime=804409s rps=950.1
2026-08-08 09:54:38,347 DEBUG [db.pool] user authenticated method=password latency=535ms
2026-08-08 09:59:51,369 ERROR [auth.service] request completed status=301 duration=1478ms
2026-08-08 10:02:31,025 WARN  [auth.service] user authenticated method=oauth2 latency=342ms
2026-08-08 10:07:30,358 WARN  [db.pool] request completed status=204 duration=463ms
2026-08-08 10:07:47,927 WARN  [auth.service] connection acquired pool_size=48 wait=162ms
2026-08-08 10:10:11,872 INFO  [http.server] job dispatched queue=render attempt=5
2026-08-08 10:12:07,528 ERROR [auth.service] job dispatched queue=billing attempt=5
2026-08-08 10:18:32,656 WARN  [db.pool] cache miss key_hash=6c156f37 backing=db
2026-08-08 10:22:53,012 INFO  [db.pool] user authenticated method=password latency=891ms
2026-08-09 10:24:39,672 ERROR [cache.redis] user authenticated method=oauth2 latency=634ms
2026-08-09 10:30:16,281 ERROR [auth.service] connection acquired pool_size=51 wait=405ms
2026-08-09 10:32:25,275 ERROR [scheduler.core] connection acquired pool_size=32 wait=87ms
2026-08-09 10:36:27,880 ERROR [queue.worker] user authenticated method=password latency=486ms
2026-08-09 10:37:51,212 ERROR [scheduler.core] request completed status=200 duration=458ms
2026-08-09 10:39:43,186 INFO  [queue.worker] connection acquired pool_size=33 wait=500ms
2026-08-09 10:46:08,263 INFO  [scheduler.core] request completed status=500 duration=2645ms
2026-08-09 10:52:25,762 DEBUG [scheduler.core] health check ok uptime=97145s rps=531.3
2026-08-09 10:53:24,881 INFO  [scheduler.core] connection acquired pool_size=60 wait=273ms
2026-08-09 10:58:16,054 INFO  [db.pool] connection acquired pool_size=35 wait=62ms
2026-08-09 11:03:31,151 INFO  [http.server] health check ok uptime=116726s rps=70.0
2026-08-09 11:09:39,654 INFO  [auth.service] health check ok uptime=843724s rps=437.5
2026-08-09 11:13:29,177 INFO  [http.server] job dispatched queue=render attempt=5
2026-08-09 11:17:44,098 ERROR [cache.redis] cache miss key_hash=9a52ed61 backing=db
2026-08-09 11:22:14,157 INFO  [db.pool] connection acquired pool_size=40 wait=86ms
2026-08-09 11:22:39,186 WARN  [cache.redis] cache miss key_hash=9de26fad backing=db
2026-08-09 11:27:08,559 INFO  [auth.service] cache miss key_hash=30e9e83e backing=db
2026-08-09 11:32:16,278 WARN  [http.server] user authenticated method=password latency=87ms
2026-08-09 11:34:50,076 INFO  [http.server] connection acquired pool_size=14 wait=13ms
2026-08-09 11:36:04,640 INFO  [cache.redis] health check ok uptime=570748s rps=869.3
2026-08-09 11:38:23,477 WARN  [queue.worker] user authenticated method=token latency=463ms
2026-08-09 11:43:17,065 INFO  [http.server] request completed status=404 duration=2925ms
2026-08-09 11:44:57,162 WARN  [scheduler.core] connection acquired pool_size=27 wait=500ms
2026-08-09 11:50:04,364 INFO  [http.server] cache miss key_hash=a441fee3 backing=db
2026-08-10 11:54:16,236 WARN  [auth.service] health check ok uptime=467214s rps=290.1
2026-08-10 11:57:07,191 INFO  [http.server] request completed status=201 duration=4035ms
2026-08-10 12:03:12,665 INFO  [cache.redis] cache miss key_hash=27157b7e backing=db
2026-08-10 12:07:46,496 INFO  [http.server] connection acquired pool_size=46 wait=30ms
2026-08-10 12:10:50,067 DEBUG [scheduler.core] cache miss key_hash=8efa1a67 backing=db
2026-08-10 12:16:16,972 INFO  [auth.service] user authenticated method=oauth2 latency=499ms
2026-08-10 12:21:44,573 INFO  [queue.worker] job dispatched queue=export attempt=5
2026-08-10 12:25:36,776 DEBUG [http.server] user authenticated method=oauth2 latency=486ms
2026-08-10 12:29:36,595 DEBUG [db.pool] job dispatched queue=render attempt=5
2026-08-10 12:35:17,485 DEBUG [db.pool] user authenticated method=password latency=619ms
2026-08-10 12:36:10,490 INFO  [db.pool] user authenticated method=password latency=290ms
2026-08-10 12:42:09,061 DEBUG [db.pool] user authenticated method=password latency=530ms
2026-08-10 12:44:29,592 WARN  [http.server] cache miss key_hash=81866bda backing=db
2026-08-10 12:49:40,670 INFO  [http.server] user authenticated method=oauth2 latency=568ms
2026-08-10 12:53:22,287 INFO  [queue.worker] job dispatched queue=email attempt=2
2026-08-10 12:53:38,322 DEBUG [db.pool] cache miss key_hash=c7e32799 backing=db
2026-08-10 12:57:19,331 DEBUG [http.server] request completed status=200 duration=262ms
2026-08-10 13:03:25,981 INFO  [http.server] cache miss key_hash=1a3eb2c1 backing=db
2026-08-10 13:05:30,143 ERROR [http.server] cache miss key_hash=890ff459 backing=db
2026-08-10 13:10:59,551 WARN  [db.pool] user authenticated method=token latency=145ms
2026-08-10 13:16:59,904 INFO  [scheduler.core] health check ok uptime=126804s rps=605.9
2026-08-10 13:20:37,466 ERROR [auth.service] health check ok uptime=103709s rps=559.5
2026-08-10 13:21:06,534 WARN  [db.pool] connection acquired pool_size=23 wait=48ms
2026-08-10 13:23:12,317 ERROR [db.pool] job dispatched queue=billing attempt=1
2026-08-11 13:29:14,306 INFO  [queue.worker] connection acquired pool_size=4 wait=92ms
2026-08-11 13:29:53,799 INFO  [http.server] user authenticated method=password latency=752ms
2026-08-11 13:36:23,616 WARN  [db.pool] health check ok uptime=114961s rps=836.3
2026-08-11 13:40:51,568 ERROR [cache.redis] user authenticated method=token latency=172ms
2026-08-11 13:43:27,003 DEBUG [auth.service] cache miss key_hash=f470f934 backing=db
2026-08-11 13:47:32,165 ERROR [scheduler.core] job dispatched queue=render attempt=1
2026-08-11 13:50:04,708 INFO  [http.server] connection acquired pool_size=14 wait=1ms
2026-08-11 13:52:37,697 ERROR [http.server] request completed status=500 duration=2298ms
2026-08-11 13:58:04,482 INFO  [cache.redis] cache miss key_hash=75255b09 backing=db
2026-08-11 13:59:43,672 WARN  [http.server] connection acquired pool_size=13 wait=9ms
2026-08-11 14:03:00,019 INFO  [auth.service] cache miss key_hash=44f2dc11 backing=db
2026-08-11 14:05:17,942 DEBUG [scheduler.core] user authenticated method=token latency=509ms
2026-08-11 14:06:35,906 ERROR [http.server] cache miss key_hash=0f64e753 backing=db
2026-08-11 14:13:09,130 ERROR [auth.service] connection acquired pool_size=59 wait=320ms
2026-08-11 14:18:34,353 INFO  [queue.worker] user authenticated method=oauth2 latency=709ms
2026-08-11 14:20:17,705 DEBUG [auth.service] request completed status=500 duration=1565ms
2026-08-11 14:21:53,715 INFO  [db.pool] connection acquired pool_size=28 wait=303ms
2026-08-11 14:25:59,957 INFO  [cache.redis] job dispatched queue=render attempt=3
2026-08-11 14:29:00,415 DEBUG [auth.service] health check ok uptime=569178s rps=533.0
2026-08-11 14:32:50,556 INFO  [auth.service] connection acquired pool_size=25 wait=383ms
2026-08-11 14:34:12,747 INFO  [queue.worker] user authenticated method=token latency=684ms
2026-08-11 14:39:40,898 DEBUG [db.pool] job dispatched queue=email attempt=2
2026-08-11 14:43:22,472 DEBUG [auth.service] user authenticated method=oauth2 latency=503ms
2026-08-11 14:43:35,080 INFO  [cache.redis] user authenticated method=token latency=542ms
2026-08-12 14:45:48,595 INFO  [auth.service] cache miss key_hash=0f2746ec backing=db
2026-08-12 14:50:11,720 INFO  [queue.worker] health check ok uptime=468594s rps=767.6
2026-08-12 14:55:40,505 WARN  [http.server] request completed status=404 duration=3436ms
2026-08-12 14:59:32,811 WARN  [http.server] cache miss key_hash=0ecb0260 backing=db
2026-08-12 15:04:22,191 INFO  [cache.redis] cache miss key_hash=cd30d6da backing=db
2026-08-12 15:11:01,054 INFO  [http.server] job dispatched queue=email attempt=3
2026-08-12 15:13:15,085 INFO  [queue.worker] cache miss key_hash=e4f81dcb backing=db
2026-08-12 15:13:56,646 INFO  [auth.service] health check ok uptime=289731s rps=845.9
2026-08-12 15:15:24,772 ERROR [cache.redis] connection acquired pool_size=22 wait=91ms
2026-08-12 15:20:03,219 ERROR [db.pool] cache miss key_hash=d4fb3f38 backing=db
2026-08-12 15:21:24,310 ERROR [scheduler.core] health check ok uptime=890805s rps=572.7
2026-08-12 15:25:26,039 DEBUG [scheduler.core] health check ok uptime=896178s rps=288.1
2026-08-12 15:29:59,147 ERROR [auth.service] cache miss key_hash=d77cf5ac backing=db
2026-08-12 15:30:29,869 ERROR [auth.service] job dispatched queue=email attempt=1
2026-08-12 15:35:41,619 INFO  [http.server] cache miss key_hash=0ea8a0e4 backing=db
2026-08-12 15:40:01,039 INFO  [scheduler.core] health check ok uptime=655842s rps=256.8
2026-08-12 15:46:32,935 INFO  [queue.worker] connection acquired pool_size=31 wait=160ms
2026-08-12 15:52:55,295 ERROR [scheduler.core] cache miss key_hash=42bdafb2 backing=db
2026-08-12 15:55:56,112 INFO  [cache.redis] cache miss key_hash=d05e1278 backing=db
2026-08-12 15:57:45,631 ERROR [cache.redis] cache miss key_hash=3f343c30 backing=db
2026-08-12 16:03:03,869 INFO  [scheduler.core] job dispatched queue=render attempt=1
2026-08-12 16:05:56,015 DEBUG [auth.service] user authenticated method=oauth2 latency=486ms
2026-08-12 16:11:52,534 DEBUG [auth.service] health check ok uptime=140822s rps=755.5
2026-08-12 16:15:47,594 INFO  [http.server] health check ok uptime=207391s rps=277.9
2026-08-13 16:20:57,325 ERROR [queue.worker] cache miss key_hash=e8573d85 backing=db
2026-08-13 16:25:46,122 INFO  [http.server] health check ok uptime=371859s rps=391.2
2026-08-13 16:30:21,231 ERROR [db.pool] cache miss key_hash=00a7e443 backing=db
2026-08-13 16:35:32,097 ERROR [auth.service] health check ok uptime=883725s rps=533.4
2026-08-13 16:38:16,464 INFO  [auth.service] job dispatched queue=billing attempt=3
2026-08-13 16:40:37,795 WARN  [scheduler.core] connection acquired pool_size=10 wait=195ms
2026-08-13 16:41:09,425 WARN  [queue.worker] health check ok uptime=35244s rps=545.6
2026-08-13 16:42:18,167 INFO  [scheduler.core] request completed status=201 duration=4326ms
2026-08-13 16:44:56,730 INFO  [http.server] cache miss key_hash=90d2af35 backing=db
2026-08-13 16:46:14,078 INFO  [http.server] connection acquired pool_size=55 wait=279ms
2026-08-13 16:47:48,283 ERROR [db.pool] user authenticated method=password latency=96ms
2026-08-13 16:50:15,012 INFO  [queue.worker] connection acquired pool_size=13 wait=480ms
2026-08-13 16:53:02,367 DEBUG [scheduler.core] user authenticated method=oauth2 latency=272ms
2026-08-13 16:54:29,722 WARN  [db.pool] request completed status=201 duration=4728ms
2026-08-13 16:57:59,756 ERROR [scheduler.core] user authenticated method=token latency=167ms
2026-08-13 17:01:05,820 INFO  [auth.service] request completed status=500 duration=2053ms
2026-08-13 17:02:28,219 DEBUG [cache.redis] request completed status=204 duration=551ms
2026-08-13 17:08:05,158 INFO  [scheduler.core] user authenticated method=password latency=708ms
2026-08-13 17:12:49,080 INFO  [http.server] cache miss key_hash=5d736188 backing=db
2026-08-13 17:18:44,469 INFO  [http.server] request completed status=301 duration=4523ms
2026-08-13 17:20:39,074 INFO  [queue.worker] cache miss key_hash=2adaa7d7 backing=db
2026-08-13 17:20:51,922 INFO  [cache.redis] cache miss key_hash=391115e2 backing=db
2026-08-13 17:21:32,415 INFO  [db.pool] request completed status=500 duration=3414ms
2026-08-13 17:21:43,647 ERROR [auth.service] request completed status=301 duration=4016ms
2026-08-14 17:22:05,674 INFO  [http.server] request completed status=201 duration=1704ms
2026-08-14 17:24:27,578 INFO  [queue.worker] job dispatched queue=render attempt=5
2026-08-14 17:28:48,731 WARN  [queue.worker] request completed status=500 duration=1062ms
2026-08-14 17:31:15,532 INFO  [cache.redis] health check ok uptime=969575s rps=34.9
2026-08-14 17:35:18,682 WARN  [db.pool] job dispatched queue=export attempt=5
2026-08-14 17:35:53,342 INFO  [cache.redis] job dispatched queue=render attempt=3
2026-08-14 17:40:07,293 ERROR [db.pool] user authenticated method=token latency=773ms
2026-08-14 17:45:04,624 INFO  [auth.service] job dispatched queue=render attempt=4
2026-08-14 17:50:40,920 INFO  [auth.service] request completed status=200 duration=1082ms
2026-08-14 17:56:58,180 WARN  [auth.service] connection acquired pool_size=11 wait=214ms
2026-08-14 18:00:11,966 WARN  [auth.service] job dispatched queue=export attempt=5
2026-08-14 18:01:14,760 WARN  [auth.service] request completed status=500 duration=4947ms
2026-08-14 18:02:03,576 INFO  [scheduler.core] cache miss key_hash=95490eac backing=db
2026-08-14 18:06:01,647 ERROR [cache.redis] user authenticated method=token latency=162ms
2026-08-14 18:10:11,884 INFO  [db.pool] job dispatched queue=email attempt=2
2026-08-14 18:11:44,690 INFO  [cache.redis] cache miss key_hash=2f6ece5a backing=db
2026-08-14 18:15:13,305 DEBUG [auth.service] job dispatched queue=billing attempt=1
2026-08-14 18:21:01,288 ERROR [auth.service] user authenticated method=password latency=895ms
2026-08-14 18:22:43,094 INFO  [cache.redis] user authenticated method=password latency=21ms
2026-08-14 18:23:10,608 INFO  [auth.service] user authenticated method=token latency=672ms
2026-08-14 18:25:25,221 INFO  [scheduler.core] request completed status=201 duration=4103ms
2026-08-14 18:30:09,885 INFO  [db.pool] health check ok uptime=334277s rps=602.8
2026-08-14 18:31:59,883 DEBUG [queue.worker] user authenticated method=oauth2 latency=54ms
2026-08-14 18:36:35,333 WARN  [db.pool] health check ok uptime=274118s rps=826.0
2026-08-15 18:41:26,370 INFO  [scheduler.core] job dispatched queue=render attempt=2
2026-08-15 18:48:00,577 INFO  [http.server] user authenticated method=oauth2 latency=733ms
2026-08-15 18:50:08,547 DEBUG [cache.redis] user authenticated method=token latency=12ms
2026-08-15 18:54:00,675 INFO  [db.pool] job dispatched queue=export attempt=1
2026-08-15 18:57:31,652 ERROR [queue.worker] job dispatched queue=export attempt=1
2026-08-15 18:59:25,459 INFO  [auth.service] connection acquired pool_size=42 wait=37ms
2026-08-15 19:04:45,073 INFO  [cache.redis] user authenticated method=oauth2 latency=818ms
2026-08-15 19:10:00,235 INFO  [db.pool] connection acquired pool_size=61 wait=419ms
2026-08-15 19:11:31,637 INFO  [http.server] user authenticated method=oauth2 latency=261ms
2026-08-15 19:12:09,761 DEBUG [cache.redis] connection acquired pool_size=60 wait=61ms
2026-08-15 19:15:56,868 INFO  [cache.redis] health check ok uptime=659533s rps=463.7
2026-08-15 19:18:04,750 DEBUG [http.server] connection acquired pool_size=33 wait=81ms
2026-08-15 19:20:03,597 INFO  [db.pool] cache miss key_hash=414022f7 backing=db
2026-08-15 19:25:10,285 INFO  [cache.redis] cache miss key_hash=a2bc7d07 backing=db
2026-08-15 19:27:28,505 DEBUG [db.pool] health check ok uptime=857361s rps=979.6
2026-08-15 19:29:08,672 INFO  [db.pool] cache miss key_hash=0a8328f8 backing=db
2026-08-15 19:35:45,272 DEBUG [scheduler.core] cache miss key_hash=c56932e7 backing=db
2026-08-15 19:40:36,168 INFO  [auth.service] connection acquired pool_size=18 wait=165ms
2026-08-15 19:46:45,762 WARN  [http.server] user authenticated method=password latency=549ms
2026-08-15 19:51:42,136 ERROR [queue.worker] user authenticated method=token latency=450ms
2026-08-15 19:54:51,405 INFO  [auth.service] user authenticated method=token latency=580ms
2026-08-15 19:59:08,769 DEBUG [http.server] user authenticated method=token latency=376ms
2026-08-15 20:05:23,500 INFO  [cache.redis] connection acquired pool_size=11 wait=256ms
2026-08-15 20:06:22,830 ERROR [http.server] health check ok uptime=595458s rps=870.0
2026-08-16 20:08:37,356 ERROR [cache.redis] request completed status=500 duration=2344ms
2026-08-16 20:14:25,240 ERROR [db.pool] user authenticated method=oauth2 latency=579ms
2026-08-16 20:17:18,631 INFO  [cache.redis] request completed status=301 duration=4338ms
2026-08-16 20:18:53,067 INFO  [cache.redis] connection acquired pool_size=27 wait=433ms
2026-08-16 20:22:17,178 INFO  [auth.service] user authenticated method=token latency=144ms
2026-08-16 20:28:10,364 INFO  [queue.worker] connection acquired pool_size=55 wait=487ms
2026-08-16 20:32:26,722 DEBUG [cache.redis] user authenticated method=password latency=287ms
2026-08-16 20:37:44,626 INFO  [queue.worker] connection acquired pool_size=12 wait=171ms
2026-08-16 20:39:13,592 DEBUG [db.pool] job dispatched queue=export attempt=5
2026-08-16 20:39:58,734 INFO  [cache.redis] connection acquired pool_size=4 wait=270ms
2026-08-16 20:44:00,668 DEBUG [scheduler.core] job dispatched queue=export attempt=4
2026-08-16 20:47:21,818 INFO  [scheduler.core] user authenticated method=oauth2 latency=215ms
2026-08-16 20:51:22,502 INFO  [db.pool] job dispatched queue=export attempt=4
2026-08-16 20:57:54,362 INFO  [db.pool] request completed status=301 duration=1032ms
2026-08-16 21:02:57,388 INFO  [auth.service] cache miss key_hash=de411961 backing=db
2026-08-16 21:04:33,369 INFO  [cache.redis] connection acquired pool_size=22 wait=5ms
2026-08-16 21:06:54,815 WARN  [scheduler.core] job dispatched queue=email attempt=5
2026-08-16 21:10:19,864 WARN  [db.pool] health check ok uptime=464047s rps=368.6
2026-08-16 21:14:52,859 DEBUG [scheduler.core] connection acquired pool_size=13 wait=301ms
2026-08-16 21:15:12,123 INFO  [auth.service] job dispatched queue=email attempt=5
2026-08-16 21:16:39,928 INFO  [db.pool] user authenticated method=oauth2 latency=296ms
2026-08-16 21:21:55,058 INFO  [scheduler.core] job dispatched queue=billing attempt=1
2026-08-16 21:28:34,840 INFO  [cache.redis] job dispatched queue=render attempt=2
2026-08-16 21:34:52,724 WARN  [auth.service] health check ok uptime=146781s rps=161.1
2026-08-17 21:39:10,004 INFO  [cache.redis] job dispatched queue=email attempt=3
2026-08-17 21:42:03,520 WARN  [queue.worker] job dispatched queue=billing attempt=3
2026-08-17 21:46:30,759 INFO  [cache.redis] connection acquired pool_size=46 wait=325ms
2026-08-17 21:47:46,942 WARN  [cache.redis] connection acquired pool_size=24 wait=74ms
2026-08-17 21:50:06,045 INFO  [cache.redis] request completed status=204 duration=2970ms
2026-08-17 21:50:20,267 DEBUG [auth.service] cache miss key_hash=13e9841a backing=db
2026-08-17 21:54:23,474 INFO  [http.server] job dispatched queue=render attempt=3
2026-08-17 21:56:27,535 INFO  [scheduler.core] connection acquired pool_size=59 wait=396ms
2026-08-17 21:59:07,497 INFO  [scheduler.core] cache miss key_hash=db59632a backing=db
2026-08-17 22:00:51,832 INFO  [queue.worker] job dispatched queue=email attempt=2
2026-08-17 22:02:27,240 INFO  [auth.service] cache miss key_hash=84bcb13b backing=db
2026-08-17 22:07:38,831 INFO  [queue.worker] user authenticated method=oauth2 latency=766ms
2026-08-17 22:08:32,173 DEBUG [queue.worker] user authenticated method=password latency=273ms
2026-08-17 22:13:16,285 ERROR [queue.worker] user authenticated method=password latency=202ms
2026-08-17 22:17:47,380 DEBUG [queue.worker] connection acquired pool_size=34 wait=461ms
2026-08-17 22:24:26,025 INFO  [auth.service] connection acquired pool_size=52 wait=166ms
2026-08-17 22:28:46,298 INFO  [queue.worker] health check ok uptime=398110s rps=324.4
2026-08-17 22:33:54,288 INFO  [scheduler.core] request completed status=500 duration=125ms
2026-08-17 22:37:30,587 WARN  [http.server] connection acquired pool_size=10 wait=77ms
2026-08-17 22:38:07,890 DEBUG [queue.worker] connection acquired pool_size=42 wait=423ms
2026-08-17 22:42:58,214 INFO  [auth.service] cache miss key_hash=556fecbd backing=db
2026-08-17 22:45:38,940 WARN  [queue.worker] request completed status=200 duration=1654ms
2026-08-17 22:48:22,388 INFO  [http.server] user authenticated method=password latency=71ms
2026-08-17 22:52:03,526 WARN  [auth.service] connection acquired pool_size=7 wait=225ms
2026-08-18 22:55:43,739 INFO  [queue.worker] job dispatched queue=billing attempt=4
2026-08-18 22:59:53,576 INFO  [auth.service] request completed status=204 duration=2201ms
2026-08-18 23:01:15,706 INFO  [db.pool] cache miss key_hash=bf907bbc backing=db
2026-08-18 23:07:54,689 WARN  [auth.service] health check ok uptime=618664s rps=452.2
2026-08-18 23:10:59,917 WARN  [queue.worker] user authenticated method=token latency=248ms
2026-08-18 23:16:21,624 INFO  [cache.redis] connection acquired pool_size=19 wait=453ms
2026-08-18 23:17:33,911 INFO  [scheduler.core] request completed status=201 duration=1831ms
2026-08-18 23:20:08,301 INFO  [queue.worker] request completed status=301 duration=2312ms
2026-08-18 23:25:19,180 INFO  [cache.redis] user authenticated method=oauth2 latency=665ms
2026-08-18 23:26:27,607 INFO  [http.server] connection acquired pool_size=32 wait=243ms
2026-08-18 23:26:59,989 INFO  [queue.worker] cache miss key_hash=4043e604 backing=db
2026-08-18 23:33:14,522 WARN  [http.server] request completed status=204 duration=4812ms
2026-08-18 23:38:15,037 WARN  [http.server] user authenticated method=password latency=547ms
2026-08-18 23:39:31,832 INFO  [auth.service] cache miss key_hash=02bac094 backing=db
2026-08-18 23:43:11,494 DEBUG [auth.service] request completed status=500 duration=1778ms
2026-08-18 23:49:36,729 INFO  [cache.redis] user authenticated method=password latency=792ms
2026-08-18 23:51:11,080 ERROR [cache.redis] user authenticated method=password latency=320ms
2026-08-18 23:53:16,595 ERROR [db.pool] health check ok uptime=8753s rps=949.6
2026-08-18 23:58:44,013 INFO  [cache.redis] request completed status=200 duration=1948ms
2026-08-18 00:02:10,723 INFO  [auth.service] user authenticated method=password latency=59ms
2026-08-18 00:06:00,195 WARN  [scheduler.core] request completed status=201 duration=3842ms
2026-08-18 00:10:33,826 INFO  [queue.worker] user authenticated method=token latency=455ms
2026-08-18 00:16:10,125 WARN  [scheduler.core] cache miss key_hash=4c51a1e9 backing=db
2026-08-18 00:16:46,951 INFO  [auth.service] connection acquired pool_size=5 wait=108ms
2026-08-19 00:20:30,427 WARN  [scheduler.core] job dispatched queue=render attempt=4
2026-08-19 00:22:14,243 WARN  [cache.redis] health check ok uptime=231578s rps=107.5
2026-08-19 00:22:38,523 ERROR [http.server] request completed status=404 duration=664ms
2026-08-19 00:25:12,745 WARN  [http.server] cache miss key_hash=922c15f9 backing=db
2026-08-19 00:27:07,144 ERROR [auth.service] user authenticated method=oauth2 latency=561ms
2026-08-19 00:29:49,007 INFO  [scheduler.core] job dispatched queue=render attempt=4
2026-08-19 00:31:58,043 INFO  [auth.service] user authenticated method=oauth2 latency=451ms
2026-08-19 00:32:28,148 WARN  [auth.service] job dispatched queue=export attempt=5
2026-08-19 00:38:37,247 DEBUG [cache.redis] user authenticated method=password latency=37ms
2026-08-19 00:38:49,492 INFO  [cache.redis] user authenticated method=password latency=735ms
2026-08-19 00:43:39,841 ERROR [http.server] job dispatched queue=render attempt=4
2026-08-19 00:47:37,210 DEBUG [auth.service] connection acquired pool_size=29 wait=168ms
2026-08-19 00:49:50,555 INFO  [http.server] user authenticated method=oauth2 latency=711ms
2026-08-19 00:53:14,185 WARN  [queue.worker] health check ok uptime=515971s rps=779.1
2026-08-19 00:54:29,309 INFO  [http.server] user authenticated method=token latency=417ms
2026-08-19 00:57:53,025 INFO  [queue.worker] cache miss key_hash=ab705582 backing=db
2026-08-19 00:59:04,598 WARN  [http.server] request completed status=200 duration=4451ms
2026-08-19 01:01:47,380 INFO  [auth.service] request completed status=301 duration=3681ms
2026-08-19 01:06:48,596 DEBUG [scheduler.core] connection acquired pool_size=29 wait=56ms
2026-08-19 01:08:31,360 INFO  [http.server] connection acquired pool_size=13 wait=30ms
2026-08-19 01:09:22,568 DEBUG [queue.worker] cache miss key_hash=4b5138b7 backing=db
2026-08-19 01:15:33,715 INFO  [http.server] cache miss key_hash=37554232 backing=db
2026-08-19 01:18:47,221 DEBUG [http.server] user authenticated method=token latency=832ms
2026-08-19 01:19:31,330 ERROR [cache.redis] connection acquired pool_size=39 wait=137ms
2026-08-20 01:23:44,357 INFO  [cache.redis] job dispatched queue=billing attempt=2
2026-08-20 01:28:00,458 INFO  [queue.worker] health check ok uptime=933834s rps=612.8
2026-08-20 01:29:28,369 INFO  [cache.redis] cache miss key_hash=2f84feef backing=db
2026-08-20 01:31:57,664 DEBUG [db.pool] cache miss key_hash=94936bae backing=db
2026-08-20 01:33:21,003 INFO  [scheduler.core] request completed status=301 duration=422ms
2026-08-20 01:35:18,740 ERROR [http.server] connection acquired pool_size=39 wait=409ms
2026-08-20 01:38:33,156 DEBUG [cache.redis] connection acquired pool_size=60 wait=224ms
2026-08-20 01:40:40,647 DEBUG [cache.redis] job dispatched queue=export attempt=5
2026-08-20 01:43:55,067 INFO  [db.pool] health check ok uptime=777740s rps=633.1
2026-08-20 01:44:26,100 INFO  [auth.service] job dispatched queue=render attempt=4
2026-08-20 01:47:39,454 ERROR [auth.service] request completed status=200 duration=971ms
2026-08-20 01:51:19,126 WARN  [queue.worker] health check ok uptime=333189s rps=245.9
2026-08-20 01:56:13,905 WARN  [auth.service] cache miss key_hash=d8d300de backing=db
2026-08-20 01:58:30,432 INFO  [auth.service] job dispatched queue=email attempt=1
2026-08-20 02:00:20,318 INFO  [cache.redis] cache miss key_hash=2bd214ca backing=db
2026-08-20 02:03:28,443 DEBUG [queue.worker] connection acquired pool_size=35 wait=423ms
2026-08-20 02:05:16,326 INFO  [cache.redis] health check ok uptime=884236s rps=293.9
2026-08-20 02:09:03,051 ERROR [scheduler.core] health check ok uptime=204903s rps=228.3
2026-08-20 02:09:57,758 DEBUG [db.pool] job dispatched queue=billing attempt=4
2026-08-20 02:10:23,656 INFO  [scheduler.core] health check ok uptime=856776s rps=520.9
2026-08-20 02:16:49,551 ERROR [http.server] job dispatched queue=billing attempt=1
2026-08-20 02:17:47,109 INFO  [cache.redis] health check ok uptime=156690s rps=598.1
2026-08-20 02:22:39,091 INFO  [http.server] connection acquired pool_size=15 wait=376ms
2026-08-20 02:26:47,427 INFO  [cache.redis] request completed status=200 duration=3256ms
2026-08-21 02:31:22,749 DEBUG [scheduler.core] request completed status=200 duration=3711ms
2026-08-21 02:34:57,327 INFO  [auth.service] health check ok uptime=364662s rps=546.0
2026-08-21 02:37:25,846 INFO  [cache.redis] cache miss key_hash=e11528ad backing=db
2026-08-21 02:42:39,970 DEBUG [auth.service] cache miss key_hash=ed74d3b8 backing=db
2026-08-21 02:44:01,783 INFO  [auth.service] cache miss key_hash=9a0c2d5b backing=db
2026-08-21 02:49:39,137 INFO  [db.pool] cache miss key_hash=aff882f8 backing=db
2026-08-21 02:53:57,380 ERROR [queue.worker] user authenticated method=password latency=234ms
2026-08-21 02:56:54,693 ERROR [queue.worker] connection acquired pool_size=43 wait=313ms
2026-08-21 03:02:13,858 DEBUG [queue.worker] connection acquired pool_size=54 wait=182ms
2026-08-21 03:08:14,730 INFO  [auth.service] request completed status=500 duration=3724ms
2026-08-21 03:09:31,004 INFO  [http.server] health check ok uptime=284424s rps=607.3
2026-08-21 03:09:53,461 INFO  [http.server] request completed status=200 duration=4655ms
2026-08-21 03:13:22,223 INFO  [auth.service] connection acquired pool_size=36 wait=455ms
2026-08-21 03:15:11,643 WARN  [queue.worker] connection acquired pool_size=28 wait=45ms
2026-08-21 03:19:44,695 INFO  [http.server] user authenticated method=password latency=381ms
2026-08-21 03:21:30,443 INFO  [auth.service] health check ok uptime=739350s rps=164.1
2026-08-21 03:27:02,668 INFO  [http.server] cache miss key_hash=8b669719 backing=db
2026-08-21 03:29:06,866 WARN  [db.pool] user authenticated method=password latency=763ms
2026-08-21 03:30:20,333 ERROR [db.pool] user authenticated method=oauth2 latency=226ms
2026-08-21 03:33:49,498 INFO  [queue.worker] health check ok uptime=303114s rps=432.2
2026-08-21 03:38:30,679 WARN  [db.pool] user authenticated method=password latency=300ms
2026-08-21 03:40:21,236 INFO  [http.server] cache miss key_hash=de6e6c6f backing=db
2026-08-21 03:44:32,352 INFO  [auth.service] health check ok uptime=216844s rps=228.5
2026-08-21 03:46:11,257 DEBUG [http.server] health check ok uptime=614479s rps=162.2
2026-08-22 03:50:46,893 INFO  [queue.worker] request completed status=201 duration=4227ms
2026-08-22 03:56:00,650 DEBUG [auth.service] job dispatched queue=billing attempt=2
2026-08-22 03:56:55,424 INFO  [cache.redis] connection acquired pool_size=5 wait=11ms
2026-08-22 03:58:50,839 DEBUG [cache.redis] request completed status=404 duration=3261ms
2026-08-22 04:03:19,533 DEBUG [auth.service] request completed status=500 duration=1705ms
2026-08-22 04:07:06,662 INFO  [queue.worker] health check ok uptime=878241s rps=150.7
2026-08-22 04:11:42,177 DEBUG [cache.redis] cache miss key_hash=bcf6fc2d backing=db
2026-08-22 04:15:10,804 INFO  [db.pool] job dispatched queue=render attempt=4
2026-08-22 04:17:04,025 INFO  [scheduler.core] health check ok uptime=915711s rps=843.0
2026-08-22 04:18:08,764 INFO  [queue.worker] request completed status=204 duration=1046ms
2026-08-22 04:18:25,023 DEBUG [cache.redis] cache miss key_hash=fb98e8c9 backing=db
2026-08-22 04:22:05,943 INFO  [scheduler.core] request completed status=201 duration=346ms
2026-08-22 04:27:28,763 INFO  [http.server] user authenticated method=oauth2 latency=401ms
2026-08-22 04:30:06,949 INFO  [scheduler.core] connection acquired pool_size=21 wait=134ms
2026-08-22 04:31:29,306 INFO  [http.server] cache miss key_hash=090ab8e4 backing=db
2026-08-22 04:33:28,441 INFO  [scheduler.core] job dispatched queue=export attempt=3
2026-08-22 04:37:42,510 ERROR [queue.worker] cache miss key_hash=2c986987 backing=db
2026-08-22 04:39:39,769 WARN  [http.server] cache miss key_hash=fff52f82 backing=db
2026-08-22 04:44:07,564 INFO  [cache.redis] connection acquired pool_size=36 wait=419ms
2026-08-22 04:46:54,202 WARN  [scheduler.core] request completed status=200 duration=1230ms
2026-08-22 04:48:44,292 INFO  [auth.service] cache miss key_hash=69e7fe6c backing=db
2026-08-22 04:53:54,103 DEBUG [auth.service] health check ok uptime=903289s rps=641.4
2026-08-22 04:55:40,602 INFO  [scheduler.core] cache miss key_hash=bb436999 backing=db
2026-08-22 05:00:29,624 INFO  [cache.redis] user authenticated method=password latency=790ms
2026-08-23 05:04:11,641 ERROR [http.server] request completed status=404 duration=3829ms
2026-08-23 05:07:39,704 WARN  [cache.redis] connection acquired pool_size=60 wait=212ms
2026-08-23 05:10:35,628 WARN  [http.server] user authenticated method=oauth2 latency=696ms
2026-08-23 05:13:26,310 INFO  [db.pool] job dispatched queue=email attempt=5
2026-08-23 05:16:20,606 WARN  [http.server] connection acquired pool_size=52 wait=289ms
2026-08-23 05:19:22,685 INFO  [db.pool] health check ok uptime=527088s rps=330.4
2026-08-23 05:21:14,968 WARN  [queue.worker] job dispatched queue=render attempt=3
2026-08-23 05:23:56,864 INFO  [scheduler.core] user authenticated method=password latency=474ms
2026-08-23 05:25:56,925 INFO  [db.pool] user authenticated method=password latency=589ms
2026-08-23 05:29:26,804 ERROR [cache.redis] request completed status=201 duration=3181ms
2026-08-23 05:35:08,697 ERROR [http.server] connection acquired pool_size=7 wait=164ms
2026-08-23 05:41:07,584 INFO  [scheduler.core] request completed status=301 duration=1093ms
2026-08-23 05:44:15,266 WARN  [db.pool] health check ok uptime=485392s rps=962.9
2026-08-23 05:47:39,904 INFO  [db.pool] request completed status=200 duration=2812ms
2026-08-23 05:52:02,622 WARN  [auth.service] request completed status=200 duration=199ms
2026-08-23 05:54:08,881 DEBUG [queue.worker] cache miss key_hash=b95fcc35 backing=db
2026-08-23 05:57:32,129 DEBUG [queue.worker] health check ok uptime=231618s rps=396.3
2026-08-23 06:01:27,034 ERROR [auth.service] cache miss key_hash=fd900fe0 backing=db
2026-08-23 06:07:48,826 WARN  [scheduler.core] connection acquired pool_size=47 wait=185ms
2026-08-23 06:10:54,894 INFO  [db.pool] request completed status=200 duration=2031ms
2026-08-23 06:15:50,006 WARN  [auth.service] health check ok uptime=163856s rps=800.3
2026-08-23 06:18:09,744 DEBUG [auth.service] health check ok uptime=606227s rps=227.6
2026-08-23 06:19:02,343 INFO  [cache.redis] request completed status=200 duration=2342ms
2026-08-23 06:24:40,115 DEBUG [queue.worker] request completed status=404 duration=3258ms
2026-08-24 06:28:27,184 INFO  [queue.worker] health check ok uptime=824377s rps=477.9
2026-08-24 06:31:22,281 WARN  [scheduler.core] request completed status=204 duration=2261ms
2026-08-24 06:31:59,780 ERROR [scheduler.core] connection acquired pool_size=2 wait=152ms
2026-08-24 06:34:30,053 INFO  [auth.service] request completed status=404 duration=3205ms
2026-08-24 06:38:47,331 INFO  [cache.redis] cache miss key_hash=289da7d1 backing=db
2026-08-24 06:40:33,327 ERROR [db.pool] health check ok uptime=64003s rps=704.3
2026-08-24 06:42:10,987 DEBUG [http.server] request completed status=201 duration=3110ms
2026-08-24 06:48:27,423 DEBUG [scheduler.core] job dispatched queue=render attempt=2
2026-08-24 06:55:07,239 INFO  [auth.service] job dispatched queue=billing attempt=4
2026-08-24 06:57:18,779 DEBUG [db.pool] connection acquired pool_size=63 wait=476ms
2026-08-24 07:00:47,666 INFO  [auth.service] health check ok uptime=119316s rps=642.4
2026-08-24 07:02:39,825 DEBUG [db.pool] cache miss key_hash=8bf92689 backing=db
2026-08-24 07:03:10,930 DEBUG [scheduler.core] health check ok uptime=987401s rps=324.2
2026-08-24 07:03:32,167 INFO  [auth.service] health check ok uptime=941937s rps=665.3
2026-08-24 07:06:10,526 INFO  [queue.worker] connection acquired pool_size=31 wait=267ms
2026-08-24 07:11:20,798 INFO  [cache.redis] job dispatched queue=export attempt=4
2026-08-24 07:12:48,241 DEBUG [http.server] connection acquired pool_size=30 wait=224ms
2026-08-24 07:16:19,282 INFO  [auth.service] user authenticated method=password latency=642ms
2026-08-24 07:21:54,767 INFO  [db.pool] request completed status=500 duration=230ms
2026-08-24 07:24:27,779 ERROR [queue.worker] user authenticated method=token latency=226ms
2026-08-24 07:30:04,761 ERROR [scheduler.core] cache miss key_hash=2b6dc039 backing=db
2026-08-24 07:31:28,981 WARN  [http.server] health check ok uptime=585273s rps=984.5
2026-08-24 07:32:12,612 DEBUG [auth.service] cache miss key_hash=0fbf7a45 backing=db
2026-08-24 07:36:54,462 DEBUG [queue.worker] job dispatched queue=billing attempt=5
2026-08-25 07:40:05,789 INFO  [cache.redis] job dispatched queue=render attempt=3
2026-08-25 07:42:00,886 DEBUG [cache.redis] user authenticated method=password latency=14ms
2026-08-25 07:44:07,238 INFO  [auth.service] health check ok uptime=26894s rps=672.9
2026-08-25 07:47:14,110 WARN  [http.server] connection acquired pool_size=55 wait=277ms
2026-08-25 07:50:31,818 INFO  [cache.redis] request completed status=500 duration=1784ms
2026-08-25 07:56:37,363 INFO  [http.server] job dispatched queue=render attempt=4
2026-08-25 08:02:55,778 INFO  [scheduler.core] user authenticated method=oauth2 latency=226ms
2026-08-25 08:06:03,411 INFO  [auth.service] health check ok uptime=17700s rps=386.8
2026-08-25 08:10:41,196 INFO  [scheduler.core] connection acquired pool_size=22 wait=242ms
2026-08-25 08:16:51,516 WARN  [auth.service] health check ok uptime=90639s rps=278.3
2026-08-25 08:21:38,728 INFO  [db.pool] request completed status=201 duration=3039ms
2026-08-25 08:26:44,541 DEBUG [queue.worker] connection acquired pool_size=62 wait=301ms
2026-08-25 08:33:10,753 INFO  [scheduler.core] cache miss key_hash=c4821742 backing=db
2026-08-25 08:38:51,581 WARN  [auth.service] user authenticated method=oauth2 latency=539ms
2026-08-25 08:40:08,034 INFO  [auth.service] cache miss key_hash=3c1a7857 backing=db
2026-08-25 08:43:10,330 INFO  [queue.worker] connection acquired pool_size=4 wait=256ms
2026-08-25 08:48:14,887 DEBUG [http.server] job dispatched queue=email attempt=1
2026-08-25 08:53:40,430 ERROR [queue.worker] cache miss key_hash=83902825 backing=db
2026-08-25 08:55:01,250 INFO  [db.pool] cache miss key_hash=b8258835 backing=db
2026-08-25 08:56:45,938 INFO  [http.server] job dispatched queue=export attempt=4
2026-08-25 08:59:57,737 ERROR [db.pool] user authenticated method=token latency=13ms
2026-08-25 09:02:17,879 INFO  [queue.worker] health check ok uptime=745890s rps=12.7
2026-08-25 09:07:04,545 ERROR [db.pool] user authenticated method=password latency=350ms
2026-08-25 09:13:00,957 ERROR [scheduler.core] cache miss key_hash=09010419 backing=db
2026-08-26 09:16:15,990 ERROR [cache.redis] job dispatched queue=email attempt=5
2026-08-26 09:19:34,340 INFO  [db.pool] health check ok uptime=835330s rps=57.3
2026-08-26 09:24:52,502 DEBUG [cache.redis] cache miss key_hash=812febf6 backing=db
2026-08-26 09:30:18,403 DEBUG [http.server] health check ok uptime=674703s rps=595.9
2026-08-26 09:33:02,731 INFO  [cache.redis] user authenticated method=oauth2 latency=820ms
2026-08-26 09:37:25,300 INFO  [cache.redis] job dispatched queue=billing attempt=1
2026-08-26 09:38:57,162 INFO  [cache.redis] health check ok uptime=41408s rps=954.3
2026-08-26 09:42:09,098 INFO  [scheduler.core] job dispatched queue=email attempt=5
2026-08-26 09:46:25,427 DEBUG [db.pool] user authenticated method=token latency=638ms
2026-08-26 09:50:32,632 ERROR [queue.worker] job dispatched queue=email attempt=5
2026-08-26 09:50:48,224 WARN  [db.pool] connection acquired pool_size=14 wait=381ms
2026-08-26 09:54:42,453 INFO  [cache.redis] cache miss key_hash=b72701b8 backing=db
2026-08-26 09:59:41,851 INFO  [scheduler.core] user authenticated method=password latency=26ms
2026-08-26 10:05:48,714 INFO  [queue.worker] job dispatched queue=render attempt=1
2026-08-26 10:09:55,140 INFO  [scheduler.core] request completed status=404 duration=3491ms
2026-08-26 10:15:25,879 INFO  [http.server] health check ok uptime=301020s rps=889.7
2026-08-26 10:18:30,505 ERROR [cache.redis] health check ok uptime=108633s rps=0.0
2026-08-26 10:18:47,535 DEBUG [auth.service] request completed status=200 duration=1725ms
2026-08-26 10:20:34,145 ERROR [queue.worker] cache miss key_hash=6a3096e7 backing=db
2026-08-26 10:21:21,197 INFO  [http.server] health check ok uptime=15165s rps=313.2
2026-08-26 10:24:11,931 ERROR [http.server] job dispatched queue=email attempt=5
2026-08-26 10:28:14,525 INFO  [scheduler.core] user authenticated method=token latency=627ms
2026-08-26 10:30:58,231 ERROR [scheduler.core] user authenticated method=token latency=685ms
2026-08-26 10:37:28,174 INFO  [http.server] user authenticated method=password latency=532ms
2026-08-27 10:38:50,957 DEBUG [queue.worker] job dispatched queue=email attempt=1
2026-08-27 10:44:43,954 DEBUG [db.pool] connection acquired pool_size=45 wait=437ms
2026-08-27 10:49:51,237 WARN  [queue.worker] connection acquired pool_size=26 wait=149ms
2026-08-27 10:56:16,803 INFO  [cache.redis] job dispatched queue=render attempt=5
2026-08-27 11:01:25,499 ERROR [db.pool] user authenticated method=token latency=292ms
2026-08-27 11:01:45,465 INFO  [cache.redis] connection acquired pool_size=20 wait=481ms
2026-08-27 11:08:01,880 ERROR [db.pool] job dispatched queue=render attempt=5
2026-08-27 11:14:07,005 WARN  [db.pool] health check ok uptime=870558s rps=35.7
2026-08-27 11:16:59,099 INFO  [scheduler.core] health check ok uptime=583576s rps=974.4
2026-08-27 11:19:22,295 INFO  [db.pool] job dispatched queue=email attempt=5
2026-08-27 11:19:59,778 INFO  [scheduler.core] cache miss key_hash=8083badb backing=db
2026-08-27 11:22:33,179 DEBUG [scheduler.core] job dispatched queue=render attempt=5
2026-08-27 11:29:07,113 DEBUG [http.server] cache miss key_hash=d5751559 backing=db
2026-08-27 11:31:53,441 WARN  [cache.redis] user authenticated method=oauth2 latency=600ms
2026-08-27 11:33:09,335 INFO  [http.server] user authenticated method=password latency=154ms
2026-08-27 11:39:24,892 INFO  [auth.service] request completed status=301 duration=956ms
2026-08-27 11:39:36,219 WARN  [scheduler.core] user authenticated method=oauth2 latency=543ms
2026-08-27 11:42:50,661 INFO  [queue.worker] user authenticated method=password latency=586ms
2026-08-27 11:46:02,697 INFO  [http.server] health check ok uptime=478270s rps=641.6
2026-08-27 11:50:26,319 WARN  [db.pool] health check ok uptime=368022s rps=532.2
2026-08-27 11:54:25,022 WARN  [queue.worker] health check ok uptime=658622s rps=625.3
2026-08-27 11:59:32,979 INFO  [http.server] connection acquired pool_size=19 wait=126ms
2026-08-27 11:59:52,482 INFO  [db.pool] user authenticated method=oauth2 latency=697ms
2026-08-27 12:01:09,939 ERROR [db.pool] connection acquired pool_size=52 wait=219ms
2026-08-28 12:07:30,036 ERROR [scheduler.core] cache miss key_hash=59b67986 backing=db
2026-08-28 12:13:51,022 INFO  [scheduler.core] user authenticated method=password latency=45ms
2026-08-28 12:14:30,991 INFO  [auth.service] job dispatched queue=billing attempt=1
2026-08-28 12:17:23,973 WARN  [queue.worker] connection acquired pool_size=51 wait=440ms
2026-08-28 12:21:09,290 INFO  [queue.worker] cache miss key_hash=6353b112 backing=db
2026-08-28 12:25:54,220 ERROR [scheduler.core] health check ok uptime=74573s rps=67.3
2026-08-28 12:30:16,437 DEBUG [cache.redis] user authenticated method=password latency=108ms
2026-08-28 12:34:13,971 INFO  [db.pool] job dispatched queue=billing attempt=3
2026-08-28 12:40:28,739 DEBUG [http.server] user authenticated method=oauth2 latency=320ms
2026-08-28 12:45:25,806 ERROR [db.pool] health check ok uptime=626395s rps=654.1
2026-08-28 12:48:58,570 DEBUG [http.server] health check ok uptime=121590s rps=181.7
2026-08-28 12:54:02,555 DEBUG [queue.worker] user authenticated method=oauth2 latency=307ms
2026-08-28 12:59:00,963 DEBUG [http.server] cache miss key_hash=15e99cd8 backing=db
2026-08-28 13:05:13,299 INFO  [db.pool] job dispatched queue=render attempt=1
2026-08-28 13:08:40,690 INFO  [http.server] cache miss key_hash=3dc2cb2a backing=db
2026-08-28 13:14:48,957 INFO  [queue.worker] health check ok uptime=518689s rps=10.7
2026-08-28 13:15:45,948 ERROR [queue.worker] connection acquired pool_size=45 wait=5ms
2026-08-28 13:17:33,097 INFO  [scheduler.core] request completed status=201 duration=148ms
2026-08-28 13:21:08,882 DEBUG [http.server] cache miss key_hash=4b8d5546 backing=db
2026-08-28 13:26:06,216 INFO  [queue.worker] connection acquired pool_size=34 wait=445ms
2026-08-28 13:29:26,078 INFO  [cache.redis] cache miss key_hash=d6e0d05d backing=db
2026-08-28 13:30:10,504 INFO  [db.pool] health check ok uptime=865215s rps=394.2
2026-08-28 13:30:41,876 ERROR [http.server] cache miss key_hash=530c6e5f backing=db
2026-08-28 13:34:58,377 ERROR [scheduler.core] health check ok uptime=15687s rps=288.0
2026-08-01 13:40:02,378 INFO  [queue.worker] health check ok uptime=624914s rps=477.2
2026-08-01 13:44:58,434 INFO  [http.server] user authenticated method=password latency=672ms
2026-08-01 13:51:34,376 ERROR [cache.redis] cache miss key_hash=82cf7192 backing=db
2026-08-01 13:56:30,860 INFO  [db.pool] request completed status=404 duration=1951ms
2026-08-01 14:01:49,988 INFO  [db.pool] request completed status=404 duration=3477ms
2026-08-01 14:07:25,067 INFO  [http.server] connection acquired pool_size=26 wait=151ms
2026-08-01 14:12:13,466 DEBUG [queue.worker] connection acquired pool_size=36 wait=425ms
2026-08-01 14:16:29,066 WARN  [http.server] health check ok uptime=930581s rps=13.1
2026-08-01 14:16:53,729 WARN  [cache.redis] cache miss key_hash=651aba48 backing=db
2026-08-01 14:22:22,136 WARN  [scheduler.core] job dispatched queue=render attempt=2
2026-08-01 14:26:20,859 INFO  [http.server] connection acquired pool_size=9 wait=339ms
2026-08-01 14:26:41,394 WARN  [queue.worker] request completed status=201 duration=4829ms
2026-08-01 14:31:42,013 INFO  [http.server] job dispatched queue=email attempt=1
2026-08-01 14:33:34,336 INFO  [scheduler.core] user authenticated method=token latency=14ms
2026-08-01 14:39:24,951 INFO  [scheduler.core] user authenticated method=oauth2 latency=685ms
2026-08-01 14:43:58,016 INFO  [cache.redis] job dispatched queue=billing attempt=1
2026-08-01 14:49:47,556 WARN  [auth.service] cache miss key_hash=3d2bd2a4 backing=db
2026-08-01 14:51:34,949 ERROR [queue.worker] health check ok uptime=787321s rps=173.6
2026-08-01 14:57:45,708 INFO  [cache.redis] user authenticated method=token latency=303ms
2026-08-01 14:58:32,891 DEBUG [db.pool] user authenticated method=oauth2 latency=616ms
2026-08-01 15:02:52,012 INFO  [queue.worker] health check ok uptime=56200s rps=622.2
2026-08-01 15:05:51,287 INFO  [db.pool] job dispatched queue=render attempt=3
2026-08-01 15:08:42,491 WARN  [scheduler.core] user authenticated method=oauth2 latency=589ms
2026-08-01 15:09:46,711 ERROR [http.server] job dispatched queue=billing attempt=4
2026-08-02 15:13:19,295 DEBUG [http.server] health check ok uptime=484093s rps=231.2
2026-08-02 15:17:19,876 ERROR [cache.redis] request completed status=204 duration=3820ms
2026-08-02 15:22:02,442 INFO  [db.pool] health check ok uptime=413834s rps=117.8
2026-08-02 15:22:39,853 INFO  [scheduler.core] health check ok uptime=560397s rps=380.7
2026-08-02 15:28:47,981 INFO  [http.server] job dispatched queue=render attempt=4
2026-08-02 15:29:22,068 ERROR [db.pool] user authenticated method=oauth2 latency=199ms
2026-08-02 15:29:53,277 INFO  [http.server] cache miss key_hash=e2fb13b5 backing=db
2026-08-02 15:31:05,023 INFO  [auth.service] cache miss key_hash=252e826e backing=db
2026-08-02 15:37:26,125 INFO  [scheduler.core] cache miss key_hash=4c2ee5f5 backing=db
2026-08-02 15:42:05,126 INFO  [cache.redis] cache miss key_hash=177c5132 backing=db
2026-08-02 15:45:45,876 INFO  [auth.service] user authenticated method=token latency=189ms
2026-08-02 15:52:11,818 INFO  [scheduler.core] job dispatched queue=export attempt=1
2026-08-02 15:53:16,757 WARN  [scheduler.core] cache miss key_hash=b64b3895 backing=db
2026-08-02 15:59:48,689 INFO  [db.pool] cache miss key_hash=701733ee backing=db
2026-08-02 16:00:28,572 DEBUG [http.server] connection acquired pool_size=34 wait=452ms
2026-08-02 16:06:03,442 INFO  [queue.worker] job dispatched queue=email attempt=2
2026-08-02 16:10:31,284 INFO  [scheduler.core] user authenticated method=password latency=574ms
2026-08-02 16:16:09,877 INFO  [queue.worker] user authenticated method=password latency=315ms
2026-08-02 16:19:22,413 INFO  [queue.worker] request completed status=200 duration=3109ms
2026-08-02 16:21:38,599 ERROR [http.server] cache miss key_hash=12ae7cb3 backing=db
2026-08-02 16:25:49,153 INFO  [scheduler.core] user authenticated method=token latency=889ms
2026-08-02 16:31:55,517 DEBUG [auth.service] connection acquired pool_size=2 wait=96ms
2026-08-02 16:35:57,831 ERROR [http.server] health check ok uptime=342063s rps=273.6
2026-08-02 16:42:30,125 DEBUG [db.pool] request completed status=500 duration=409ms
2026-08-03 16:48:09,806 WARN  [auth.service] job dispatched queue=billing attempt=1
2026-08-03 16:54:43,582 INFO  [scheduler.core] user authenticated method=token latency=761ms
2026-08-03 16:59:33,920 WARN  [db.pool] request completed status=404 duration=3ms
2026-08-03 17:05:30,115 INFO  [queue.worker] job dispatched queue=email attempt=4
2026-08-03 17:10:18,131 INFO  [db.pool] health check ok uptime=465993s rps=708.7
2026-08-03 17:16:28,947 WARN  [cache.redis] user authenticated method=oauth2 latency=27ms
2026-08-03 17:20:07,463 INFO  [http.server] cache miss key_hash=750f8e8f backing=db
2026-08-03 17:25:07,957 DEBUG [http.server] health check ok uptime=808172s rps=33.1
2026-08-03 17:30:17,575 WARN  [auth.service] health check ok uptime=71116s rps=921.5
2026-08-03 17:31:28,306 DEBUG [http.server] job dispatched queue=email attempt=5
2026-08-03 17:32:11,966 INFO  [http.server] user authenticated method=password latency=752ms
2026-08-03 17:34:25,758 DEBUG [auth.service] request completed status=201 duration=3222ms
2026-08-03 17:39:49,946 ERROR [db.pool] user authenticated method=oauth2 latency=544ms
2026-08-03 17:41:04,967 ERROR [http.server] request completed status=201 duration=219ms
2026-08-03 17:44:01,362 INFO  [db.pool] connection acquired pool_size=6 wait=481ms
2026-08-03 17:50:28,117 INFO  [scheduler.core] connection acquired pool_size=62 wait=321ms
2026-08-03 17:51:24,237 WARN  [cache.redis] health check ok uptime=942986s rps=14.0
2026-08-03 17:55:27,580 INFO  [auth.service] health check ok uptime=854269s rps=283.4
2026-08-03 18:00:31,352 INFO  [cache.redis] request completed status=204 duration=2621ms
2026-08-03 18:05:02,043 WARN  [queue.worker] connection acquired pool_size=20 wait=51ms
2026-08-03 18:11:35,363 DEBUG [http.server] user authenticated method=oauth2 latency=861ms
2026-08-03 18:12:34,161 INFO  [http.server] job dispatched queue=email attempt=3
2026-08-03 18:17:15,781 INFO  [queue.worker] user authenticated method=token latency=333ms
2026-08-03 18:19:02,027 INFO  [cache.redis] user authenticated method=password latency=242ms
2026-08-04 18:23:22,986 INFO  [db.pool] user authenticated method=password latency=836ms
2026-08-04 18:25:53,128 INFO  [scheduler.core] cache miss key_hash=e144a7b7 backing=db
2026-08-04 18:26:33,888 ERROR [auth.service] request completed status=500 duration=563ms
2026-08-04 18:27:29,544 WARN  [cache.redis] connection acquired pool_size=29 wait=291ms
2026-08-04 18:30:53,187 INFO  [scheduler.core] connection acquired pool_size=25 wait=43ms
2026-08-04 18:34:31,104 INFO  [scheduler.core] request completed status=201 duration=103ms
2026-08-04 18:40:17,326 INFO  [scheduler.core] connection acquired pool_size=50 wait=380ms
2026-08-04 18:41:48,806 DEBUG [scheduler.core] user authenticated method=password latency=300ms
2026-08-04 18:45:32,033 WARN  [cache.redis] job dispatched queue=render attempt=1
2026-08-04 18:47:44,316 INFO  [scheduler.core] user authenticated method=password latency=574ms
2026-08-04 18:51:55,900 INFO  [http.server] health check ok uptime=178865s rps=835.4
2026-08-04 18:58:06,274 INFO  [db.pool] cache miss key_hash=47021e00 backing=db
2026-08-04 18:59:07,741 INFO  [http.server] connection acquired pool_size=19 wait=39ms
2026-08-04 19:01:30,673 INFO  [db.pool] cache miss key_hash=39c5a422 backing=db
2026-08-04 19:07:56,252 ERROR [http.server] connection acquired pool_size=27 wait=404ms
2026-08-04 19:12:16,434 WARN  [auth.service] user authenticated method=token latency=899ms
2026-08-04 19:14:39,418 WARN  [auth.service] user authenticated method=password latency=852ms
2026-08-04 19:15:02,528 WARN  [auth.service] request completed status=404 duration=2016ms
2026-08-04 19:20:00,446 ERROR [http.server] request completed status=204 duration=1036ms
2026-08-04 19:24:59,018 INFO  [http.server] connection acquired pool_size=58 wait=438ms
2026-08-04 19:26:06,779 INFO  [http.server] health check ok uptime=508689s rps=185.3
2026-08-04 19:29:13,866 INFO  [auth.service] health check ok uptime=379227s rps=566.0
2026-08-04 19:35:04,434 INFO  [db.pool] user authenticated method=token latency=577ms
2026-08-04 19:40:23,776 DEBUG [db.pool] user authenticated method=password latency=289ms
2026-08-05 19:45:13,362 DEBUG [queue.worker] request completed status=204 duration=3199ms
2026-08-05 19:51:46,870 INFO  [queue.worker] job dispatched queue=email attempt=2
2026-08-05 19:56:20,936 DEBUG [queue.worker] connection acquired pool_size=18 wait=357ms
2026-08-05 19:57:15,645 INFO  [cache.redis] connection acquired pool_size=43 wait=359ms
2026-08-05 20:01:00,965 DEBUG [queue.worker] user authenticated method=token latency=544ms
2026-08-05 20:06:10,365 INFO  [db.pool] user authenticated method=token latency=106ms
2026-08-05 20:08:53,085 INFO  [scheduler.core] connection acquired pool_size=6 wait=416ms
2026-08-05 20:13:58,427 INFO  [cache.redis] health check ok uptime=268996s rps=511.2
2026-08-05 20:19:51,650 DEBUG [scheduler.core] user authenticated method=oauth2 latency=443ms
2026-08-05 20:22:56,988 INFO  [http.server] cache miss key_hash=d2d99bf9 backing=db
2026-08-05 20:28:13,820 DEBUG [auth.service] request completed status=404 duration=525ms
2026-08-05 20:31:22,081 INFO  [auth.service] connection acquired pool_size=50 wait=124ms
2026-08-05 20:35:47,513 INFO  [auth.service] connection acquired pool_size=55 wait=115ms
2026-08-05 20:39:01,243 WARN  [db.pool] connection acquired pool_size=6 wait=146ms
2026-08-05 20:41:10,732 INFO  [queue.worker] health check ok uptime=277860s rps=706.9
2026-08-05 20:45:58,160 ERROR [db.pool] job dispatched queue=export attempt=3
2026-08-05 20:46:24,240 ERROR [auth.service] connection acquired pool_size=10 wait=54ms
2026-08-05 20:51:34,294 INFO  [queue.worker] cache miss key_hash=874a133c backing=db
2026-08-05 20:54:28,257 INFO  [db.pool] user authenticated method=token latency=454ms
2026-08-05 20:58:09,314 INFO  [auth.service] cache miss key_hash=3af98b56 backing=db
2026-08-05 21:04:04,441 WARN  [db.pool] user authenticated method=oauth2 latency=678ms
2026-08-05 21:07:07,988 INFO  [http.server] connection acquired pool_size=15 wait=153ms
2026-08-05 21:07:28,193 ERROR [auth.service] health check ok uptime=721569s rps=733.8
2026-08-05 21:10:10,993 WARN  [http.server] user authenticated method=token latency=728ms
2026-08-06 21:16:37,691 DEBUG [auth.service] user authenticated method=token latency=694ms
2026-08-06 21:17:51,869 DEBUG [http.server] request completed status=404 duration=2335ms
2026-08-06 21:24:27,969 INFO  [queue.worker] connection acquired pool_size=54 wait=490ms
2026-08-06 21:31:07,536 DEBUG [queue.worker] connection acquired pool_size=48 wait=66ms
2026-08-06 21:32:16,241 INFO  [auth.service] request completed status=301 duration=3314ms
2026-08-06 21:38:01,299 DEBUG [queue.worker] health check ok uptime=503748s rps=122.3
2026-08-06 21:39:54,458 ERROR [cache.redis] request completed status=500 duration=2929ms
2026-08-06 21:41:54,269 INFO  [db.pool] job dispatched queue=render attempt=3
2026-08-06 21:45:10,752 INFO  [queue.worker] health check ok uptime=229704s rps=756.8
2026-08-06 21:51:20,637 ERROR [scheduler.core] connection acquired pool_size=15 wait=283ms
2026-08-06 21:56:55,160 WARN  [scheduler.core] connection acquired pool_size=46 wait=35ms
2026-08-06 21:58:15,263 DEBUG [queue.worker] job dispatched queue=export attempt=2
2026-08-06 22:00:29,806 INFO  [http.server] request completed status=200 duration=2943ms
2026-08-06 22:01:39,206 DEBUG [auth.service] health check ok uptime=869696s rps=963.9
2026-08-06 22:02:10,594 INFO  [http.server] user authenticated method=oauth2 latency=77ms
2026-08-06 22:03:00,391 INFO  [db.pool] cache miss key_hash=b5d7c01e backing=db
2026-08-06 22:06:41,238 ERROR [scheduler.core] health check ok uptime=921470s rps=871.2
2026-08-06 22:12:06,223 INFO  [db.pool] request completed status=204 duration=4589ms
2026-08-06 22:14:36,943 ERROR [db.pool] connection acquired pool_size=13 wait=358ms
2026-08-06 22:19:54,716 ERROR [cache.redis] health check ok uptime=263750s rps=701.3
2026-08-06 22:21:47,206 INFO  [http.server] user authenticated method=password latency=761ms
2026-08-06 22:23:43,120 DEBUG [scheduler.core] request completed status=500 duration=4350ms
2026-08-06 22:26:35,830 INFO  [queue.worker] connection acquired pool_size=58 wait=23ms
2026-08-06 22:29:37,324 ERROR [scheduler.core] user authenticated method=password latency=816ms
2026-08-07 22:35:16,576 INFO  [auth.service] request completed status=200 duration=3018ms
2026-08-07 22:41:12,243 WARN  [queue.worker] request completed status=404 duration=4744ms
2026-08-07 22:45:19,624 INFO  [cache.redis] health check ok uptime=239240s rps=228.6
2026-08-07 22:46:52,475 DEBUG [cache.redis] job dispatched queue=render attempt=3
2026-08-07 22:52:00,623 DEBUG [queue.worker] cache miss key_hash=48299376 backing=db
2026-08-07 22:57:19,577 INFO  [db.pool] connection acquired pool_size=60 wait=88ms
2026-08-07 22:59:59,128 INFO  [auth.service] request completed status=404 duration=330ms
2026-08-07 23:01:07,120 INFO  [http.server] job dispatched queue=billing attempt=2
2026-08-07 23:05:26,704 DEBUG [scheduler.core] user authenticated method=token latency=751ms
2026-08-07 23:06:03,397 ERROR [auth.service] request completed status=201 duration=3042ms
2026-08-07 23:09:04,467 INFO  [scheduler.core] connection acquired pool_size=49 wait=485ms
2026-08-07 23:11:17,984 WARN  [db.pool] cache miss key_hash=03e4b27e backing=db
2026-08-07 23:14:36,305 INFO  [db.pool] request completed status=404 duration=1865ms
2026-08-07 23:21:00,444 WARN  [queue.worker] job dispatched queue=export attempt=5
2026-08-07 23:26:26,877 DEBUG [auth.service] health check ok uptime=119817s rps=891.2
2026-08-07 23:31:41,982 DEBUG [db.pool] health check ok uptime=360929s rps=686.0
2026-08-07 23:35:41,835 INFO  [db.pool] request completed status=301 duration=3117ms
2026-08-07 23:39:41,635 INFO  [scheduler.core] user authenticated method=oauth2 latency=308ms
2026-08-07 23:45:43,249 INFO  [http.server] request completed status=404 duration=1330ms
2026-08-07 23:48:26,780 INFO  [cache.redis] user authenticated method=oauth2 latency=784ms
2026-08-07 23:52:39,503 ERROR [queue.worker] job dispatched queue=export attempt=5
2026-08-07 23:55:42,321 INFO  [scheduler.core] cache miss key_hash=ec4d0174 backing=db
2026-08-07 23:55:58,062 DEBUG [auth.service] job dispatched queue=export attempt=2
2026-08-07 23:57:17,085 DEBUG [cache.redis] health check ok uptime=474990s rps=735.4
2026-08-08 00:00:58,968 INFO  [scheduler.core] job dispatched queue=email attempt=5
2026-08-08 00:03:08,077 INFO  [auth.service] cache miss key_hash=b46d4ea4 backing=db
2026-08-08 00:06:29,111 ERROR [auth.service] user authenticated method=oauth2 latency=876ms
2026-08-08 00:12:16,526 INFO  [queue.worker] connection acquired pool_size=59 wait=147ms
2026-08-08 00:13:54,422 WARN  [scheduler.core] health check ok uptime=558719s rps=432.6
2026-08-08 00:19:57,138 ERROR [cache.redis] cache miss key_hash=4488baba backing=db
2026-08-08 00:21:20,903 INFO  [http.server] cache miss key_hash=93812d97 backing=db
2026-08-08 00:25:56,476 INFO  [scheduler.core] cache miss key_hash=2de252fb backing=db
2026-08-08 00:30:36,877 ERROR [http.server] cache miss key_hash=6a6951f1 backing=db
2026-08-08 00:35:47,210 INFO  [auth.service] connection acquired pool_size=32 wait=235ms
2026-08-08 00:41:28,988 INFO  [auth.service] health check ok uptime=353657s rps=173.7
2026-08-08 00:45:07,975 DEBUG [queue.worker] job dispatched queue=export attempt=3
2026-08-08 00:51:00,857 DEBUG [cache.redis] job dispatched queue=export attempt=4
2026-08-08 00:56:08,301 INFO  [http.server] connection acquired pool_size=55 wait=130ms
2026-08-08 00:58:49,439 WARN  [cache.redis] user authenticated method=token latency=106ms
2026-08-08 00:59:36,364 INFO  [auth.service] job dispatched queue=render attempt=5
2026-08-08 01:02:11,679 ERROR [queue.worker] health check ok uptime=161640s rps=740.5
2026-08-08 01:06:23,015 INFO  [cache.redis] user authenticated method=password latency=118ms
2026-08-08 01:10:26,116 DEBUG [cache.redis] cache miss key_hash=bdce2dfa backing=db
2026-08-08 01:16:48,967 INFO  [auth.service] request completed status=500 duration=828ms
2026-08-08 01:22:31,943 INFO  [scheduler.core] job dispatched queue=email attempt=5
2026-08-08 01:27:49,972 INFO  [scheduler.core] job dispatched queue=export attempt=5
2026-08-08 01:30:29,353 INFO  [queue.worker] connection acquired pool_size=7 wait=456ms
2026-08-08 01:33:22,418 DEBUG [http.server] connection acquired pool_size=41 wait=483ms
2026-08-09 01:39:03,527 WARN  [queue.worker] connection acquired pool_size=59 wait=98ms
2026-08-09 01:41:24,828 INFO  [scheduler.core] request completed status=500 duration=936ms
2026-08-09 01:44:32,695 DEBUG [db.pool] user authenticated method=oauth2 latency=494ms
2026-08-09 01:47:53,617 ERROR [db.pool] cache miss key_hash=a349d537 backing=db
2026-08-09 01:50:48,402 DEBUG [auth.service] connection acquired pool_size=15 wait=57ms
2026-08-09 01:53:15,522 DEBUG [db.pool] job dispatched queue=render attempt=4
2026-08-09 01:55:36,161 INFO  [http.server] connection acquired pool_size=59 wait=176ms
2026-08-09 01:59:45,246 INFO  [db.pool] health check ok uptime=643306s rps=799.0
2026-08-09 02:04:41,663 ERROR [db.pool] connection acquired pool_size=44 wait=369ms
2026-08-09 02:09:12,433 INFO  [cache.redis] request completed status=204 duration=579ms
2026-08-09 02:10:14,331 WARN  [cache.redis] connection acquired pool_size=29 wait=256ms
2026-08-09 02:16:16,888 DEBUG [http.server] connection acquired pool_size=59 wait=289ms
2026-08-09 02:18:36,326 INFO  [db.pool] health check ok uptime=430790s rps=259.4
2026-08-09 02:23:50,683 DEBUG [cache.redis] job dispatched queue=email attempt=4
2026-08-09 02:25:27,552 DEBUG [queue.worker] connection acquired pool_size=33 wait=136ms
2026-08-09 02:29:41,952 INFO  [scheduler.core] job dispatched queue=render attempt=5
2026-08-09 02:36:00,485 WARN  [scheduler.core] request completed status=201 duration=2592ms
2026-08-09 02:41:56,441 ERROR [scheduler.core] job dispatched queue=export attempt=5
2026-08-09 02:46:34,851 DEBUG [db.pool] user authenticated method=token latency=32ms
2026-08-09 02:52:44,676 INFO  [auth.service] health check ok uptime=184005s rps=181.2
2026-08-09 02:57:59,756 WARN  [queue.worker] cache miss key_hash=e95a3844 backing=db
2026-08-09 02:58:19,701 INFO  [cache.redis] cache miss key_hash=b5af0358 backing=db
2026-08-09 02:59:44,330 WARN  [scheduler.core] health check ok uptime=57088s rps=102.6
2026-08-09 03:05:17,479 INFO  [queue.worker] connection acquired pool_size=45 wait=52ms
2026-08-10 03:06:42,806 WARN  [scheduler.core] cache miss key_hash=3dd05970 backing=db
2026-08-10 03:12:31,666 INFO  [auth.service] request completed status=201 duration=3550ms
2026-08-10 03:15:22,044 INFO  [http.server] health check ok uptime=55232s rps=643.8
2026-08-10 03:17:18,121 DEBUG [queue.worker] job dispatched queue=email attempt=5
2026-08-10 03:20:01,687 WARN  [http.server] user authenticated method=password latency=680ms
2026-08-10 03:26:05,123 INFO  [db.pool] user authenticated method=oauth2 latency=176ms
2026-08-10 03:31:04,296 DEBUG [http.server] connection acquired pool_size=63 wait=470ms
2026-08-10 03:37:40,339 DEBUG [cache.redis] user authenticated method=token latency=119ms
2026-08-10 03:43:30,781 INFO  [scheduler.core] cache miss key_hash=90bad29b backing=db
2026-08-10 03:48:54,944 INFO  [scheduler.core] user authenticated method=password latency=752ms
2026-08-10 03:49:36,374 DEBUG [db.pool] job dispatched queue=billing attempt=4
2026-08-10 03:50:11,000 DEBUG [http.server] cache miss key_hash=6492cf7a backing=db
2026-08-10 03:52:10,829 INFO  [http.server] health check ok uptime=128715s rps=396.6
2026-08-10 03:58:42,178 INFO  [http.server] job dispatched queue=export attempt=5
2026-08-10 04:00:57,483 ERROR [http.server] health check ok uptime=206266s rps=816.0
2026-08-10 04:07:25,861 WARN  [cache.redis] health check ok uptime=772340s rps=99.2
2026-08-10 04:09:29,662 INFO  [cache.redis] job dispatched queue=export attempt=3
2026-08-10 04:12:06,269 ERROR [scheduler.core] user authenticated method=oauth2 latency=255ms
2026-08-10 04:16:48,982 WARN  [http.server] cache miss key_hash=33b40d2b backing=db
2026-08-10 04:22:29,295 INFO  [http.server] request completed status=301 duration=2686ms
2026-08-10 04:24:24,264 DEBUG [scheduler.core] user authenticated method=token latency=268ms
2026-08-10 04:29:43,661 INFO  [scheduler.core] cache miss key_hash=a41469ab backing=db
2026-08-10 04:35:57,671 INFO  [cache.redis] connection acquired pool_size=13 wait=273ms
2026-08-10 04:36:57,742 INFO  [http.server] user authenticated method=oauth2 latency=735ms
2026-08-11 04:42:41,004 INFO  [cache.redis] user authenticated method=oauth2 latency=507ms
2026-08-11 04:47:14,440 INFO  [http.server] connection acquired pool_size=51 wait=189ms
2026-08-11 04:52:17,468 WARN  [auth.service] user authenticated method=oauth2 latency=891ms
2026-08-11 04:55:51,969 WARN  [db.pool] job dispatched queue=render attempt=3
2026-08-11 04:59:59,092 WARN  [db.pool] user authenticated method=token latency=269ms
2026-08-11 05:03:25,269 WARN  [db.pool] connection acquired pool_size=11 wait=316ms
2026-08-11 05:06:51,498 DEBUG [cache.redis] connection acquired pool_size=4 wait=161ms
2026-08-11 05:08:02,174 WARN  [db.pool] job dispatched queue=export attempt=4
2026-08-11 05:14:11,752 INFO  [auth.service] health check ok uptime=822012s rps=368.4
2026-08-11 05:18:02,879 INFO  [cache.redis] health check ok uptime=184127s rps=989.4
2026-08-11 05:22:24,793 ERROR [auth.service] request completed status=404 duration=4214ms
2026-08-11 05:23:18,510 INFO  [cache.redis] request completed status=500 duration=2834ms
2026-08-11 05:28:08,376 DEBUG [auth.service] connection acquired pool_size=25 wait=355ms
2026-08-11 05:33:17,635 DEBUG [scheduler.core] cache miss key_hash=d37a40c8 backing=db
2026-08-11 05:34:36,682 ERROR [queue.worker] cache miss key_hash=696f4883 backing=db
2026-08-11 05:35:48,450 ERROR [db.pool] cache miss key_hash=6072ade1 backing=db
2026-08-11 05:40:45,214 ERROR [cache.redis] connection acquired pool_size=12 wait=38ms
2026-08-11 05:44:22,198 INFO  [cache.redis] job dispatched queue=render attempt=5
2026-08-11 05:45:57,286 WARN  [http.server] job dispatched queue=billing attempt=1
2026-08-11 05:48:15,798 WARN  [scheduler.core] request completed status=201 duration=405ms
2026-08-11 05:51:06,721 DEBUG [http.server] cache miss key_hash=98d5bb59 backing=db
2026-08-11 05:57:23,568 WARN  [scheduler.core] cache miss key_hash=f8ef2114 backing=db
2026-08-11 05:58:19,984 INFO  [db.pool] connection acquired pool_size=18 wait=86ms
2026-08-11 05:59:54,366 WARN  [cache.redis] user authenticated method=token latency=791ms
2026-08-12 06:02:22,915 INFO  [cache.redis] job dispatched queue=render attempt=4
2026-08-12 06:03:06,241 INFO  [cache.redis] connection acquired pool_size=7 wait=482ms
2026-08-12 06:04:22,824 INFO  [cache.redis] user authenticated method=password latency=181ms
2026-08-12 06:10:29,705 INFO  [http.server] user authenticated method=oauth2 latency=218ms
2026-08-12 06:13:44,777 INFO  [cache.redis] connection acquired pool_size=46 wait=232ms
2026-08-12 06:14:54,944 INFO  [cache.redis] health check ok uptime=411319s rps=205.1
2026-08-12 06:17:11,158 DEBUG [db.pool] cache miss key_hash=9575fd28 backing=db
2026-08-12 06:20:28,059 INFO  [cache.redis] health check ok uptime=532458s rps=858.6
2026-08-12 06:23:32,514 DEBUG [db.pool] connection acquired pool_size=43 wait=420ms
2026-08-12 06:24:21,945 ERROR [queue.worker] health check ok uptime=879145s rps=765.4
2026-08-12 06:30:41,162 ERROR [cache.redis] health check ok uptime=932845s rps=656.3
2026-08-12 06:34:01,888 ERROR [cache.redis] user authenticated method=oauth2 latency=24ms
2026-08-12 06:38:29,475 ERROR [http.server] connection acquired pool_size=54 wait=139ms
2026-08-12 06:40:44,607 INFO  [scheduler.core] connection acquired pool_size=6 wait=232ms
2026-08-12 06:44:29,367 INFO  [auth.service] user authenticated method=token latency=717ms
2026-08-12 06:46:06,809 WARN  [queue.worker] health check ok uptime=554636s rps=644.2
2026-08-12 06:51:34,023 WARN  [queue.worker] cache miss key_hash=febbc652 backing=db
2026-08-12 06:55:26,609 INFO  [scheduler.core] cache miss key_hash=26d729bb backing=db
2026-08-12 07:00:34,231 WARN  [http.server] job dispatched queue=render attempt=3
2026-08-12 07:07:12,426 INFO  [scheduler.core] cache miss key_hash=57a2f965 backing=db
2026-08-12 07:12:50,176 ERROR [auth.service] connection acquired pool_size=33 wait=475ms
2026-08-12 07:19:05,850 DEBUG [scheduler.core] user authenticated method=password latency=440ms
2026-08-12 07:21:36,899 INFO  [db.pool] job dispatched queue=email attempt=2
2026-08-12 07:27:38,453 INFO  [scheduler.core] user authenticated method=token latency=733ms
2026-08-13 07:34:10,626 INFO  [db.pool] health check ok uptime=559626s rps=770.3
2026-08-13 07:39:21,575 INFO  [http.server] health check ok uptime=972604s rps=192.2
2026-08-13 07:41:12,138 INFO  [db.pool] cache miss key_hash=b6d5b0af backing=db
2026-08-13 07:45:48,677 INFO  [scheduler.core] health check ok uptime=432080s rps=759.3
2026-08-13 07:49:12,456 DEBUG [scheduler.core] connection acquired pool_size=46 wait=368ms
2026-08-13 07:55:20,330 ERROR [queue.worker] request completed status=201 duration=2212ms
2026-08-13 07:57:48,547 INFO  [cache.redis] job dispatched queue=email attempt=3
2026-08-13 08:01:13,666 INFO  [queue.worker] cache miss key_hash=743f504c backing=db
2026-08-13 08:02:46,397 INFO  [db.pool] health check ok uptime=684296s rps=805.1
2026-08-13 08:03:00,904 INFO  [http.server] cache miss key_hash=dbcd7f94 backing=db
2026-08-13 08:05:50,789 INFO  [cache.redis] job dispatched queue=billing attempt=5
2026-08-13 08:07:12,346 INFO  [db.pool] cache miss key_hash=f7b07a7a backing=db
2026-08-13 08:09:52,671 WARN  [auth.service] connection acquired pool_size=59 wait=183ms
2026-08-13 08:12:49,527 INFO  [http.server] user authenticated method=token latency=832ms
2026-08-13 08:16:08,715 ERROR [db.pool] user authenticated method=password latency=885ms
2026-08-13 08:16:21,954 INFO  [auth.service] request completed status=201 duration=4527ms
2026-08-13 08:20:24,328 INFO  [http.server] job dispatched queue=render attempt=2
2026-08-13 08:21:53,967 INFO  [http.server] user authenticated method=password latency=16ms
2026-08-13 08:25:48,414 DEBUG [cache.redis] request completed status=404 duration=2969ms
2026-08-13 08:27:55,136 WARN  [queue.worker] request completed status=404 duration=833ms
2026-08-13 08:33:13,440 ERROR [http.server] health check ok uptime=648038s rps=760.5
2026-08-13 08:37:21,785 INFO  [cache.redis] request completed status=404 duration=3708ms
2026-08-13 08:37:55,055 INFO  [queue.worker] request completed status=404 duration=3018ms
2026-08-13 08:42:17,499 INFO  [http.server] connection acquired pool_size=13 wait=434ms
2026-08-14 08:45:55,093 INFO  [scheduler.core] cache miss key_hash=c9d3304e backing=db
2026-08-14 08:50:37,016 ERROR [db.pool] health check ok uptime=298263s rps=840.0
2026-08-14 08:54:36,091 WARN  [cache.redis] request completed status=204 duration=433ms
2026-08-14 09:00:18,632 WARN  [cache.redis] health check ok uptime=767415s rps=676.5
2026-08-14 09:05:16,241 INFO  [auth.service] job dispatched queue=billing attempt=1
2026-08-14 09:07:08,527 ERROR [cache.redis] job dispatched queue=billing attempt=2
2026-08-14 09:09:35,693 INFO  [cache.redis] user authenticated method=password latency=93ms
2026-08-14 09:14:56,508 INFO  [http.server] user authenticated method=password latency=352ms
2026-08-14 09:17:53,265 DEBUG [auth.service] connection acquired pool_size=7 wait=442ms
2026-08-14 09:22:42,842 WARN  [auth.service] health check ok uptime=591406s rps=932.6
2026-08-14 09:23:44,799 ERROR [auth.service] cache miss key_hash=05eed8c8 backing=db
2026-08-14 09:26:34,462 INFO  [auth.service] connection acquired pool_size=63 wait=371ms
2026-08-14 09:32:56,265 DEBUG [queue.worker] request completed status=301 duration=882ms
2026-08-14 09:35:55,508 INFO  [scheduler.core] cache miss key_hash=654ba048 backing=db
2026-08-14 09:39:46,098 ERROR [queue.worker] job dispatched queue=export attempt=5
2026-08-14 09:42:51,290 WARN  [auth.service] health check ok uptime=895457s rps=887.8
2026-08-14 09:47:30,453 ERROR [auth.service] cache miss key_hash=3a9fefb9 backing=db
2026-08-14 09:52:38,413 DEBUG [scheduler.core] cache miss key_hash=1d5ff2d6 backing=db
2026-08-14 09:58:35,823 INFO  [http.server] request completed status=200 duration=2855ms
2026-08-14 10:05:10,081 INFO  [scheduler.core] connection acquired pool_size=49 wait=279ms
2026-08-14 10:09:21,099 ERROR [auth.service] connection acquired pool_size=12 wait=388ms
2026-08-14 10:10:03,017 INFO  [cache.redis] user authenticated method=password latency=427ms
2026-08-14 10:16:39,391 INFO  [auth.service] health check ok uptime=208967s rps=429.8
2026-08-14 10:21:11,199 ERROR [http.server] job dispatched queue=export attempt=4
2026-08-15 10:23:08,831 INFO  [queue.worker] request completed status=500 duration=4456ms
2026-08-15 10:24:31,916 WARN  [db.pool] request completed status=500 duration=4537ms
2026-08-15 10:30:50,156 DEBUG [queue.worker] job dispatched queue=render attempt=4
2026-08-15 10:33:32,091 INFO  [scheduler.core] cache miss key_hash=102f3f90 backing=db
2026-08-15 10:37:07,014 INFO  [queue.worker] connection acquired pool_size=51 wait=10ms
2026-08-15 10:41:34,181 DEBUG [cache.redis] job dispatched queue=render attempt=3
2026-08-15 10:44:57,692 INFO  [cache.redis] user authenticated method=oauth2 latency=375ms
2026-08-15 10:45:27,186 INFO  [scheduler.core] connection acquired pool_size=13 wait=185ms
2026-08-15 10:49:27,376 WARN  [scheduler.core] connection acquired pool_size=27 wait=122ms
2026-08-15 10:55:55,993 ERROR [queue.worker] health check ok uptime=519444s rps=159.9
2026-08-15 10:57:02,437 WARN  [auth.service] request completed status=200 duration=4350ms
2026-08-15 10:58:10,967 INFO  [http.server] health check ok uptime=594348s rps=817.3
2026-08-15 11:01:50,870 INFO  [cache.redis] connection acquired pool_size=59 wait=256ms
2026-08-15 11:07:38,406 INFO  [scheduler.core] request completed status=404 duration=2819ms
2026-08-15 11:09:34,217 INFO  [db.pool] request completed status=301 duration=452ms
2026-08-15 11:13:29,227 ERROR [scheduler.core] health check ok uptime=539722s rps=707.2
2026-08-15 11:16:57,617 INFO  [scheduler.core] connection acquired pool_size=7 wait=265ms
2026-08-15 11:20:53,442 WARN  [auth.service] cache miss key_hash=003df814 backing=db
2026-08-15 11:24:36,849 DEBUG [scheduler.core] health check ok uptime=41571s rps=308.5
2026-08-15 11:29:32,979 INFO  [cache.redis] health check ok uptime=797708s rps=482.6
2026-08-15 11:30:05,164 INFO  [auth.service] cache miss key_hash=bb3c7bc3 backing=db
2026-08-15 11:36:29,715 ERROR [http.server] connection acquired pool_size=2 wait=352ms
2026-08-15 11:39:16,156 DEBUG [db.pool] request completed status=200 duration=1762ms
2026-08-15 11:42:46,976 DEBUG [http.server] user authenticated method=token latency=92ms
2026-08-16 11:48:27,567 DEBUG [http.server] job dispatched queue=billing attempt=1
2026-08-16 11:53:26,615 DEBUG [queue.worker] request completed status=500 duration=248ms
2026-08-16 11:54:09,133 INFO  [auth.service] user authenticated method=password latency=4ms
2026-08-16 11:59:08,281 INFO  [queue.worker] user authenticated method=oauth2 latency=811ms
2026-08-16 11:59:31,377 ERROR [auth.service] health check ok uptime=135962s rps=518.9
2026-08-16 12:01:05,402 ERROR [cache.redis] health check ok uptime=411755s rps=170.8
2026-08-16 12:02:08,422 ERROR [cache.redis] request completed status=301 duration=2345ms
2026-08-16 12:05:34,849 WARN  [http.server] cache miss key_hash=4d89d509 backing=db
2026-08-16 12:10:03,544 INFO  [http.server] connection acquired pool_size=54 wait=146ms
2026-08-16 12:15:52,701 WARN  [http.server] cache miss key_hash=07335ad3 backing=db
2026-08-16 12:16:27,421 INFO  [scheduler.core] health check ok uptime=512696s rps=494.4
2026-08-16 12:19:37,104 INFO  [queue.worker] request completed status=404 duration=1607ms
2026-08-16 12:20:44,621 INFO  [http.server] job dispatched queue=email attempt=1
2026-08-16 12:22:19,518 WARN  [auth.service] user authenticated method=password latency=451ms
2026-08-16 12:26:34,062 INFO  [db.pool] cache miss key_hash=389c769f backing=db
2026-08-16 12:27:36,869 ERROR [http.server] user authenticated method=token latency=646ms
2026-08-16 12:29:43,455 INFO  [cache.redis] user authenticated method=password latency=596ms
2026-08-16 12:35:07,908 INFO  [db.pool] request completed status=201 duration=4246ms
2026-08-16 12:38:52,878 ERROR [queue.worker] job dispatched queue=email attempt=1
2026-08-16 12:43:05,340 WARN  [scheduler.core] health check ok uptime=687433s rps=533.9
2026-08-16 12:45:47,011 WARN  [db.pool] connection acquired pool_size=17 wait=80ms
2026-08-16 12:46:46,585 INFO  [auth.service] request completed status=301 duration=3866ms
2026-08-16 12:47:02,064 INFO  [db.pool] job dispatched queue=email attempt=1
2026-08-16 12:50:01,605 WARN  [db.pool] health check ok uptime=812177s rps=746.2
