id,timestamp,device,metric_name,value,unit,quality
0,2026-07-01 00:00:00.000,dev-000,pressure,592.64,kPa,GOOD
1,2026-07-01 01:01:01.001,dev-001,current,474.05,A,GOOD
2,2026-07-01 02:02:02.002,dev-002,current,13.17,V,GOOD
3,2026-07-01 03:03:03.003,dev-003,current,234.33,V,UNCERTAIN
4,2026-07-01 04:04:04.004,dev-004,voltage,639.07,kPa,GOOD
5,2026-07-01 05:05:05.005,dev-005,pressure,868.05,A,UNCERTAIN
6,2026-07-01 06:06:06.006,dev-006,temperature,671.41,C,GOOD
7,2026-07-01 07:07:07.007,dev-007,current,42.79,C,GOOD
8,2026-07-01 08:08:08.008,dev-008,voltage,594.75,V,UNCERTAIN
9,2026-07-01 09:09:09.009,dev-009,voltage,728.13,A,UNCERTAIN
10,2026-07-01 10:10:10.010,dev-010,pressure,878.87,C,GOOD
11,2026-07-01 11:11:11.011,dev-011,pressure,494.88,%,UNCERTAIN
12,2026-07-01 12:12:12.012,dev-012,humidity,421.15,V,GOOD
13,2026-07-01 13:13:13.013,dev-013,current,585.07,A,GOOD
14,2026-07-01 14:14:14.014,dev-014,humidity,681.98,C,GOOD
15,2026-07-01 15:15:15.015,dev-015,current,671.27,kPa,GOOD
16,2026-07-01 16:16:16.016,dev-016,current,904.70,A,GOOD
17,2026-07-01 17:17:17.017,dev-017,pressure,632.98,A,GOOD
18,2026-07-01 18:18:18.018,dev-018,humidity,124.43,V,UNCERTAIN
19,2026-07-01 19:19:19.019,dev-019,temperature,344.08,C,UNCERTAIN
20,2026-07-01 20:20:20.020,dev-020,pressure,20.13,V,UNCERTAIN
21,2026-07-01 21:21:21.021,dev-021,temperature,44.19,A,GOOD
22,2026-07-01 22:22:22.022,dev-022,voltage,718.44,%,GOOD
23,2026-07-01 23:23:23.023,dev-023,current,235.95,C,GOOD
24,2026-07-02 00:24:24.024,dev-024,temperature,76.97,A,GOOD
25,2026-07-02 01:25:25.025,dev-025,pressure,971.43,%,GOOD
26,2026-07-02 02:26:26.026,dev-026,pressure,689.73,%,GOOD
27,2026-07-02 03:27:27.027,dev-027,humidity,958.66,V,UNCERTAIN
28,2026-07-02 04:28:28.028,dev-028,voltage,869.89,V,GOOD
29,2026-07-02 05:29:29.029,dev-029,current,972.88,A,GOOD
30,2026-07-02 06:30:30.030,dev-030,voltage,634.29,kPa,GOOD
31,2026-07-02 07:31:31.031,dev-031,voltage,977.80,A,GOOD
32,2026-07-02 08:32:32.032,dev-032,current,338.91,V,GOOD
33,2026-07-02 09:33:33.033,dev-033,temperature,376.52,A,GOOD
34,2026-07-02 10:34:34.034,dev-034,temperature,633.53,%,UNCERTAIN
35,2026-07-02 11:35:35.035,dev-035,humidity,679.28,%,GOOD
36,2026-07-02 12:36:36.036,dev-036,voltage,22.18,C,GOOD
37,2026-07-02 13:37:37.037,dev-037,humidity,251.12,V,GOOD
38,2026-07-02 14:38:38.038,dev-038,current,601.45,kPa,GOOD
39,2026-07-02 15:39:39.039,dev-039,pressure,312.67,%,GOOD
40,2026-07-02 16:40:40.040,dev-040,humidity,787.30,C,GOOD
41,2026-07-02 17:41:41.041,dev-041,current,683.73,kPa,GOOD
42,2026-07-02 18:42:42.042,dev-042,current,222.54,%,GOOD
43,2026-07-02 19:43:43.043,dev-043,humidity,187.39,V,GOOD
44,2026-07-02 20:44:44.044,dev-044,temperature,600.72,%,GOOD
45,2026-07-02 21:45:45.045,dev-045,voltage,809.76,kPa,GOOD
46,2026-07-02 22:46:46.046,dev-046,humidity,742.07,kPa,UNCERTAIN
47,2026-07-02 23:47:47.047,dev-047,humidity,225.03,C,GOOD
48,2026-07-03 00:48:48.048,dev-048,current,957.58,%,GOOD
49,2026-07-03 01:49:49.049,dev-049,humidity,340.11,C,GOOD
50,2026-07-03 02:50:50.050,dev-050,current,129.69,%,GOOD
51,2026-07-03 03:51:51.051,dev-051,voltage,346.35,V,GOOD
52,2026-07-03 04:52:52.052,dev-052,voltage,568.33,C,UNCERTAIN
53,2026-07-03 05:53:53.053,dev-053,pressure,199.57,V,UNCERTAIN
54,2026-07-03 06:54:54.054,dev-054,current,950.16,kPa,GOOD
55,2026-07-03 07:55:55.055,dev-055,voltage,836.70,A,GOOD
56,2026-07-03 08:56:56.056,dev-056,current,341.07,kPa,GOOD
57,2026-07-03 09:57:57.057,dev-057,current,970.96,C,GOOD
58,2026-07-03 10:58:58.058,dev-058,temperature,35.14,A,GOOD
59,2026-07-03 11:59:59.059,dev-059,voltage,576.95,C,UNCERTAIN
60,2026-07-03 12:00:00.060,dev-060,temperature,171.82,%,GOOD
61,2026-07-03 13:01:01.061,dev-061,temperature,524.96,V,GOOD
62,2026-07-03 14:02:02.062,dev-062,current,113.59,kPa,GOOD
63,2026-07-03 15:03:03.063,dev-063,current,477.20,C,GOOD
64,2026-07-03 16:04:04.064,dev-064,pressure,197.33,A,GOOD
65,2026-07-03 17:05:05.065,dev-065,pressure,239.46,%,GOOD
66,2026-07-03 18:06:06.066,dev-066,temperature,487.50,A,UNCERTAIN
67,2026-07-03 19:07:07.067,dev-067,temperature,756.49,kPa,GOOD
68,2026-07-03 20:08:08.068,dev-068,current,527.27,V,GOOD
69,2026-07-03 21:09:09.069,dev-069,voltage,323.12,C,GOOD
70,2026-07-03 22:10:10.070,dev-070,pressure,46.18,C,GOOD
71,2026-07-03 23:11:11.071,dev-071,voltage,974.69,C,UNCERTAIN
72,2026-07-04 00:12:12.072,dev-072,humidity,157.04,C,GOOD
73,2026-07-04 01:13:13.073,dev-073,voltage,646.91,A,GOOD
74,2026-07-04 02:14:14.074,dev-074,humidity,264.93,%,UNCERTAIN
75,2026-07-04 03:15:15.075,dev-075,temperature,127.61,C,UNCERTAIN
76,2026-07-04 04:16:16.076,dev-076,temperature,566.73,C,GOOD
77,2026-07-04 05:17:17.077,dev-077,voltage,604.43,A,UNCERTAIN
78,2026-07-04 06:18:18.078,dev-078,temperature,622.93,V,GOOD
79,2026-07-04 07:19:19.079,dev-079,humidity,627.44,%,UNCERTAIN
80,2026-07-04 08:20:20.080,dev-080,voltage,460.84,kPa,GOOD
81,2026-07-04 09:21:21.081,dev-081,current,270.09,A,GOOD
82,2026-07-04 10:22:22.082,dev-082,voltage,224.44,kPa,GOOD
83,2026-07-04 11:23:23.083,dev-083,humidity,374.24,A,GOOD
84,2026-07-04 12:24:24.084,dev-084,temperature,464.14,C,UNCERTAIN
85,2026-07-04 13:25:25.085,dev-085,temperature,733.74,A,GOOD
86,2026-07-04 14:26:26.086,dev-086,current,716.58,V,GOOD
87,2026-07-04 15:27:27.087,dev-087,pressure,774.30,C,GOOD
88,2026-07-04 16:28:28.088,dev-088,current,99.30,V,GOOD
89,2026-07-04 17:29:29.089,dev-089,temperature,341.48,C,GOOD
90,2026-07-04 18:30:30.090,dev-090,temperature,673.53,%,GOOD
91,2026-07-04 19:31:31.091,dev-091,temperature,36.27,A,GOOD
92,2026-07-04 20:32:32.092,dev-092,temperature,554.46,C,GOOD
93,2026-07-04 21:33:33.093,dev-093,current,324.25,A,GOOD
94,2026-07-04 22:34:34.094,dev-094,temperature,242.13,kPa,GOOD
95,2026-07-04 23:35:35.095,dev-095,voltage,615.98,V,GOOD
96,2026-07-05 00:36:36.096,dev-096,humidity,599.45,%,UNCERTAIN
97,2026-07-05 01:37:37.097,dev-097,temperature,375.32,kPa,UNCERTAIN
98,2026-07-05 02:38:38.098,dev-098,pressure,415.27,A,UNCERTAIN
99,2026-07-05 03:39:39.099,dev-099,pressure,642.95,kPa,GOOD
100,2026-07-05 04:40:40.100,dev-100,temperature,497.96,V,UNCERTAIN
101,2026-07-05 05:41:41.101,dev-101,current,718.91,kPa,GOOD
102,2026-07-05 06:42:42.102,dev-102,humidity,752.05,kPa,GOOD
103,2026-07-05 07:43:43.103,dev-103,pressure,851.49,A,GOOD
104,2026-07-05 08:44:44.104,dev-104,voltage,595.23,A,GOOD
105,2026-07-05 09:45:45.105,dev-105,pressure,307.23,%,UNCERTAIN
106,2026-07-05 10:46:46.106,dev-106,voltage,200.62,A,GOOD
107,2026-07-05 11:47:47.107,dev-107,pressure,322.04,kPa,UNCERTAIN
108,2026-07-05 12:48:48.108,dev-108,voltage,701.49,kPa,UNCERTAIN
109,2026-07-05 13:49:49.109,dev-109,current,834.61,A,GOOD
110,2026-07-05 14:50:50.110,dev-110,voltage,992.79,C,UNCERTAIN
111,2026-07-05 15:51:51.111,dev-111,temperature,467.40,kPa,GOOD
112,2026-07-05 16:52:52.112,dev-112,temperature,958.71,%,GOOD
113,2026-07-05 17:53:53.113,dev-113,pressure,775.80,kPa,GOOD
114,2026-07-05 18:54:54.114,dev-114,current,704.73,C,GOOD
115,2026-07-05 19:55:55.115,dev-115,pressure,865.10,%,GOOD
116,2026-07-05 20:56:56.116,dev-116,voltage,90.96,C,GOOD
117,2026-07-05 21:57:57.117,dev-117,temperature,264.18,%,GOOD
118,2026-07-05 22:58:58.118,dev-118,humidity,452.36,%,GOOD
119,2026-07-05 23:59:59.119,dev-119,temperature,334.80,V,UNCERTAIN
120,2026-07-06 00:00:00.120,dev-120,voltage,77.97,A,UNCERTAIN
121,2026-07-06 01:01:01.121,dev-121,voltage,125.43,%,GOOD
122,2026-07-06 02:02:02.122,dev-122,humidity,76.24,V,GOOD
123,2026-07-06 03:03:03.123,dev-123,voltage,887.19,%,GOOD
124,2026-07-06 04:04:04.124,dev-124,current,941.29,%,GOOD
125,2026-07-06 05:05:05.125,dev-125,voltage,295.53,%,GOOD
126,2026-07-06 06:06:06.126,dev-126,humidity,672.83,A,GOOD
127,2026-07-06 07:07:07.127,dev-127,voltage,508.68,C,GOOD
128,2026-07-06 08:08:08.128,dev-000,current,742.26,kPa,GOOD
129,2026-07-06 09:09:09.129,dev-001,humidity,889.92,V,GOOD
130,2026-07-06 10:10:10.130,dev-002,temperature,931.84,kPa,GOOD
131,2026-07-06 11:11:11.131,dev-003,current,420.14,%,GOOD
132,2026-07-06 12:12:12.132,dev-004,voltage,482.37,kPa,GOOD
133,2026-07-06 13:13:13.133,dev-005,temperature,715.84,A,UNCERTAIN
134,2026-07-06 14:14:14.134,dev-006,humidity,99.85,%,UNCERTAIN
135,2026-07-06 15:15:15.135,dev-007,temperature,872.54,C,UNCERTAIN
136,2026-07-06 16:16:16.136,dev-008,current,271.27,A,GOOD
137,2026-07-06 17:17:17.137,dev-009,humidity,945.04,V,GOOD
138,2026-07-06 18:18:18.138,dev-010,humidity,498.01,C,GOOD
139,2026-07-06 19:19:19.139,dev-011,humidity,590.12,C,GOOD
140,2026-07-06 20:20:20.140,dev-012,pressure,698.17,A,UNCERTAIN
141,2026-07-06 21:21:21.141,dev-013,voltage,815.75,kPa,GOOD
142,2026-07-06 22:22:22.142,dev-014,voltage,798.20,A,GOOD
143,2026-07-06 23:23:23.143,dev-015,current,178.89,%,GOOD
144,2026-07-07 00:24:24.144,dev-016,humidity,30.09,V,UNCERTAIN
145,2026-07-07 01:25:25.145,dev-017,voltage,315.95,A,GOOD
146,2026-07-07 02:26:26.146,dev-018,voltage,976.98,%,UNCERTAIN
147,2026-07-07 03:27:27.147,dev-019,temperature,601.36,C,GOOD
148,2026-07-07 04:28:28.148,dev-020,pressure,491.87,A,UNCERTAIN
149,2026-07-07 05:29:29.149,dev-021,pressure,193.44,A,GOOD
150,2026-07-07 06:30:30.150,dev-022,temperature,812.72,V,GOOD
151,2026-07-07 07:31:31.151,dev-023,current,283.25,kPa,GOOD
152,2026-07-07 08:32:32.152,dev-024,voltage,792.38,A,GOOD
153,2026-07-07 09:33:33.153,dev-025,temperature,359.90,kPa,GOOD
154,2026-07-07 10:34:34.154,dev-026,voltage,538.88,%,GOOD
155,2026-07-07 11:35:35.155,dev-027,humidity,870.51,kPa,GOOD
156,2026-07-07 12:36:36.156,dev-028,current,775.35,C,GOOD
157,2026-07-07 13:37:37.157,dev-029,humidity,997.86,kPa,GOOD
158,2026-07-07 14:38:38.158,dev-030,pressure,437.02,kPa,UNCERTAIN
159,2026-07-07 15:39:39.159,dev-031,humidity,109.12,C,UNCERTAIN
160,2026-07-07 16:40:40.160,dev-032,temperature,845.25,kPa,UNCERTAIN
161,2026-07-07 17:41:41.161,dev-033,voltage,473.28,C,UNCERTAIN
162,2026-07-07 18:42:42.162,dev-034,pressure,649.24,%,GOOD
163,2026-07-07 19:43:43.163,dev-035,voltage,457.58,V,UNCERTAIN
164,2026-07-07 20:44:44.164,dev-036,pressure,455.38,C,GOOD
165,2026-07-07 21:45:45.165,dev-037,humidity,848.79,V,GOOD
166,2026-07-07 22:46:46.166,dev-038,current,401.81,C,GOOD
167,2026-07-07 23:47:47.167,dev-039,humidity,783.18,kPa,UNCERTAIN
168,2026-07-08 00:48:48.168,dev-040,current,195.30,kPa,GOOD
169,2026-07-08 01:49:49.169,dev-041,pressure,584.53,A,GOOD
170,2026-07-08 02:50:50.170,dev-042,temperature,139.26,A,GOOD
171,2026-07-08 03:51:51.171,dev-043,voltage,490.28,C,GOOD
172,2026-07-08 04:52:52.172,dev-044,voltage,448.02,V,GOOD
173,2026-07-08 05:53:53.173,dev-045,temperature,239.24,C,UNCERTAIN
174,2026-07-08 06:54:54.174,dev-046,voltage,26.66,kPa,GOOD
175,2026-07-08 07:55:55.175,dev-047,temperature,389.08,kPa,GOOD
176,2026-07-08 08:56:56.176,dev-048,humidity,622.45,%,GOOD
177,2026-07-08 09:57:57.177,dev-049,current,51.89,%,GOOD
178,2026-07-08 10:58:58.178,dev-050,voltage,789.27,%,UNCERTAIN
179,2026-07-08 11:59:59.179,dev-051,pressure,561.12,C,GOOD
180,2026-07-08 12:00:00.180,dev-052,humidity,317.04,C,UNCERTAIN
181,2026-07-08 13:01:01.181,dev-053,temperature,592.26,C,GOOD
182,2026-07-08 14:02:02.182,dev-054,temperature,680.83,C,GOOD
183,2026-07-08 15:03:03.183,dev-055,current,36.61,C,GOOD
184,2026-07-08 16:04:04.184,dev-056,current,900.30,kPa,UNCERTAIN
185,2026-07-08 17:05:05.185,dev-057,humidity,803.59,%,GOOD
186,2026-07-08 18:06:06.186,dev-058,voltage,304.72,A,UNCERTAIN
187,2026-07-08 19:07:07.187,dev-059,temperature,947.31,kPa,UNCERTAIN
188,2026-07-08 20:08:08.188,dev-060,temperature,507.48,A,GOOD
189,2026-07-08 21:09:09.189,dev-061,current,680.05,V,GOOD
190,2026-07-08 22:10:10.190,dev-062,voltage,835.66,A,GOOD
191,2026-07-08 23:11:11.191,dev-063,pressure,362.83,V,UNCERTAIN
192,2026-07-09 00:12:12.192,dev-064,pressure,444.48,V,GOOD
193,2026-07-09 01:13:13.193,dev-065,humidity,820.93,A,UNCERTAIN
194,2026-07-09 02:14:14.194,dev-066,voltage,42.73,kPa,GOOD
195,2026-07-09 03:15:15.195,dev-067,voltage,92.00,C,GOOD
196,2026-07-09 04:16:16.196,dev-068,pressure,600.68,C,GOOD
197,2026-07-09 05:17:17.197,dev-069,voltage,466.45,%,GOOD
198,2026-07-09 06:18:18.198,dev-070,temperature,72.06,V,GOOD
199,2026-07-09 07:19:19.199,dev-071,humidity,568.89,C,UNCERTAIN
200,2026-07-09 08:20:20.200,dev-072,temperature,821.93,kPa,GOOD
201,2026-07-09 09:21:21.201,dev-073,temperature,977.64,kPa,GOOD
202,2026-07-09 10:22:22.202,dev-074,temperature,229.92,kPa,GOOD
203,2026-07-09 11:23:23.203,dev-075,current,515.57,A,GOOD
204,2026-07-09 12:24:24.204,dev-076,current,782.17,V,GOOD
205,2026-07-09 13:25:25.205,dev-077,current,79.13,C,GOOD
206,2026-07-09 14:26:26.206,dev-078,temperature,199.26,%,GOOD
207,2026-07-09 15:27:27.207,dev-079,temperature,465.23,kPa,GOOD
208,2026-07-09 16:28:28.208,dev-080,voltage,761.40,%,UNCERTAIN
209,2026-07-09 17:29:29.209,dev-081,current,661.07,C,GOOD
210,2026-07-09 18:30:30.210,dev-082,current,443.70,V,GOOD
211,2026-07-09 19:31:31.211,dev-083,temperature,539.18,V,GOOD
212,2026-07-09 20:32:32.212,dev-084,temperature,341.57,kPa,UNCERTAIN
213,2026-07-09 21:33:33.213,dev-085,temperature,923.93,%,UNCERTAIN
214,2026-07-09 22:34:34.214,dev-086,temperature,605.87,kPa,GOOD
215,2026-07-09 23:35:35.215,dev-087,humidity,837.97,C,GOOD
216,2026-07-10 00:36:36.216,dev-088,pressure,430.83,C,GOOD
217,2026-07-10 01:37:37.217,dev-089,pressure,323.23,kPa,GOOD
218,2026-07-10 02:38:38.218,dev-090,current,463.56,A,UNCERTAIN
219,2026-07-10 03:39:39.219,dev-091,humidity,948.05,A,UNCERTAIN
220,2026-07-10 04:40:40.220,dev-092,voltage,893.71,V,UNCERTAIN
221,2026-07-10 05:41:41.221,dev-093,current,920.30,%,GOOD
222,2026-07-10 06:42:42.222,dev-094,pressure,892.43,C,GOOD
223,2026-07-10 07:43:43.223,dev-095,humidity,503.52,C,UNCERTAIN
224,2026-07-10 08:44:44.224,dev-096,temperature,194.82,kPa,GOOD
225,2026-07-10 09:45:45.225,dev-097,voltage,432.39,%,UNCERTAIN
226,2026-07-10 10:46:46.226,dev-098,pressure,746.79,%,GOOD
227,2026-07-10 11:47:47.227,dev-099,temperature,444.07,V,UNCERTAIN
228,2026-07-10 12:48:48.228,dev-100,temperature,205.61,V,GOOD
229,2026-07-10 13:49:49.229,dev-101,voltage,979.65,%,GOOD
230,2026-07-10 14:50:50.230,dev-102,voltage,311.94,V,UNCERTAIN
231,2026-07-10 15:51:51.231,dev-103,current,998.58,kPa,GOOD
232,2026-07-10 16:52:52.232,dev-104,humidity,285.19,V,GOOD
233,2026-07-10 17:53:53.233,dev-105,humidity,807.14,%,GOOD
234,2026-07-10 18:54:54.234,dev-106,current,10.06,kPa,GOOD
235,2026-07-10 19:55:55.235,dev-107,current,20.86,C,GOOD
236,2026-07-10 20:56:56.236,dev-108,pressure,983.67,V,GOOD
237,2026-07-10 21:57:57.237,dev-109,humidity,979.24,C,UNCERTAIN
238,2026-07-10 22:58:58.238,dev-110,pressure,238.74,%,UNCERTAIN
239,2026-07-10 23:59:59.239,dev-111,humidity,835.53,A,GOOD
240,2026-07-11 00:00:00.240,dev-112,voltage,311.62,kPa,UNCERTAIN
241,2026-07-11 01:01:01.241,dev-113,voltage,722.89,%,GOOD
242,2026-07-11 02:02:02.242,dev-114,temperature,429.56,kPa,GOOD
243,2026-07-11 03:03:03.243,dev-115,pressure,743.66,V,GOOD
244,2026-07-11 04:04:04.244,dev-116,current,133.72,C,GOOD
245,2026-07-11 05:05:05.245,dev-117,temperature,17.05,C,UNCERTAIN
246,2026-07-11 06:06:06.246,dev-118,voltage,521.14,A,UNCERTAIN
247,2026-07-11 07:07:07.247,dev-119,humidity,518.41,kPa,GOOD
248,2026-07-11 08:08:08.248,dev-120,pressure,73.73,kPa,GOOD
249,2026-07-11 09:09:09.249,dev-121,voltage,774.17,V,UNCERTAIN
250,2026-07-11 10:10:10.250,dev-122,humidity,802.95,V,GOOD
251,2026-07-11 11:11:11.251,dev-123,current,155.30,%,GOOD
252,2026-07-11 12:12:12.252,dev-124,current,37.76,V,GOOD
253,2026-07-11 13:13:13.253,dev-125,voltage,931.33,A,GOOD
254,2026-07-11 14:14:14.254,dev-126,temperature,316.50,A,GOOD
255,2026-07-11 15:15:15.255,dev-127,voltage,125.22,%,GOOD
256,2026-07-11 16:16:16.256,dev-000,voltage,668.69,%,GOOD
257,2026-07-11 17:17:17.257,dev-001,current,487.00,V,GOOD
258,2026-07-11 18:18:18.258,dev-002,humidity,920.71,kPa,UNCERTAIN
259,2026-07-11 19:19:19.259,dev-003,voltage,316.20,%,GOOD
260,2026-07-11 20:20:20.260,dev-004,temperature,943.80,%,UNCERTAIN
261,2026-07-11 21:21:21.261,dev-005,current,281.95,kPa,UNCERTAIN
262,2026-07-11 22:22:22.262,dev-006,humidity,413.35,C,UNCERTAIN
263,2026-07-11 23:23:23.263,dev-007,pressure,956.79,C,GOOD
264,2026-07-12 00:24:24.264,dev-008,temperature,631.12,C,GOOD
265,2026-07-12 01:25:25.265,dev-009,temperature,431.25,V,UNCERTAIN
266,2026-07-12 02:26:26.266,dev-010,humidity,289.40,A,GOOD
267,2026-07-12 03:27:27.267,dev-011,pressure,235.94,kPa,GOOD
268,2026-07-12 04:28:28.268,dev-012,pressure,905.49,kPa,UNCERTAIN
269,2026-07-12 05:29:29.269,dev-013,voltage,646.93,kPa,UNCERTAIN
270,2026-07-12 06:30:30.270,dev-014,temperature,180.30,kPa,GOOD
271,2026-07-12 07:31:31.271,dev-015,pressure,648.65,kPa,GOOD
272,2026-07-12 08:32:32.272,dev-016,temperature,524.04,kPa,GOOD
273,2026-07-12 09:33:33.273,dev-017,voltage,778.78,V,UNCERTAIN
274,2026-07-12 10:34:34.274,dev-018,pressure,987.52,%,GOOD
275,2026-07-12 11:35:35.275,dev-019,pressure,115.09,%,GOOD
276,2026-07-12 12:36:36.276,dev-020,voltage,352.42,A,GOOD
277,2026-07-12 13:37:37.277,dev-021,pressure,7.42,%,GOOD
278,2026-07-12 14:38:38.278,dev-022,voltage,245.95,%,UNCERTAIN
279,2026-07-12 15:39:39.279,dev-023,temperature,703.41,%,UNCERTAIN
280,2026-07-12 16:40:40.280,dev-024,temperature,739.44,A,UNCERTAIN
281,2026-07-12 17:41:41.281,dev-025,current,407.40,A,GOOD
282,2026-07-12 18:42:42.282,dev-026,voltage,149.11,V,UNCERTAIN
283,2026-07-12 19:43:43.283,dev-027,pressure,756.60,%,GOOD
284,2026-07-12 20:44:44.284,dev-028,humidity,963.45,kPa,GOOD
285,2026-07-12 21:45:45.285,dev-029,humidity,839.95,kPa,GOOD
286,2026-07-12 22:46:46.286,dev-030,current,978.37,V,GOOD
287,2026-07-12 23:47:47.287,dev-031,temperature,573.40,kPa,GOOD
288,2026-07-13 00:48:48.288,dev-032,voltage,991.56,%,GOOD
289,2026-07-13 01:49:49.289,dev-033,temperature,463.42,A,UNCERTAIN
290,2026-07-13 02:50:50.290,dev-034,humidity,146.34,A,GOOD
291,2026-07-13 03:51:51.291,dev-035,humidity,456.24,A,GOOD
292,2026-07-13 04:52:52.292,dev-036,humidity,591.05,A,GOOD
293,2026-07-13 05:53:53.293,dev-037,humidity,286.79,%,GOOD
294,2026-07-13 06:54:54.294,dev-038,pressure,123.18,A,GOOD
295,2026-07-13 07:55:55.295,dev-039,humidity,728.85,kPa,GOOD
296,2026-07-13 08:56:56.296,dev-040,voltage,966.93,V,GOOD
297,2026-07-13 09:57:57.297,dev-041,voltage,334.52,kPa,UNCERTAIN
298,2026-07-13 10:58:58.298,dev-042,current,51.57,V,UNCERTAIN
299,2026-07-13 11:59:59.299,dev-043,current,847.48,%,GOOD
300,2026-07-13 12:00:00.300,dev-044,pressure,854.48,V,GOOD
301,2026-07-13 13:01:01.301,dev-045,temperature,366.62,kPa,GOOD
302,2026-07-13 14:02:02.302,dev-046,current,494.07,C,UNCERTAIN
303,2026-07-13 15:03:03.303,dev-047,voltage,711.36,%,GOOD
304,2026-07-13 16:04:04.304,dev-048,humidity,372.07,%,UNCERTAIN
305,2026-07-13 17:05:05.305,dev-049,voltage,372.54,C,UNCERTAIN
306,2026-07-13 18:06:06.306,dev-050,pressure,323.37,C,GOOD
307,2026-07-13 19:07:07.307,dev-051,temperature,614.68,kPa,GOOD
308,2026-07-13 20:08:08.308,dev-052,pressure,320.64,%,GOOD
309,2026-07-13 21:09:09.309,dev-053,temperature,28.40,%,UNCERTAIN
310,2026-07-13 22:10:10.310,dev-054,humidity,828.41,kPa,UNCERTAIN
311,2026-07-13 23:11:11.311,dev-055,humidity,682.43,C,UNCERTAIN
312,2026-07-14 00:12:12.312,dev-056,pressure,475.35,%,GOOD
313,2026-07-14 01:13:13.313,dev-057,current,189.91,kPa,GOOD
314,2026-07-14 02:14:14.314,dev-058,voltage,28.05,%,UNCERTAIN
315,2026-07-14 03:15:15.315,dev-059,temperature,490.22,kPa,UNCERTAIN
316,2026-07-14 04:16:16.316,dev-060,humidity,139.97,kPa,UNCERTAIN
317,2026-07-14 05:17:17.317,dev-061,current,628.66,%,UNCERTAIN
318,2026-07-14 06:18:18.318,dev-062,humidity,97.04,C,GOOD
319,2026-07-14 07:19:19.319,dev-063,voltage,877.17,%,GOOD
320,2026-07-14 08:20:20.320,dev-064,temperature,324.38,V,GOOD
321,2026-07-14 09:21:21.321,dev-065,humidity,644.18,A,GOOD
322,2026-07-14 10:22:22.322,dev-066,humidity,201.93,V,GOOD
323,2026-07-14 11:23:23.323,dev-067,temperature,641.28,C,GOOD
324,2026-07-14 12:24:24.324,dev-068,current,829.03,kPa,GOOD
325,2026-07-14 13:25:25.325,dev-069,voltage,824.31,A,UNCERTAIN
326,2026-07-14 14:26:26.326,dev-070,humidity,343.86,V,GOOD
327,2026-07-14 15:27:27.327,dev-071,pressure,573.08,%,GOOD
328,2026-07-14 16:28:28.328,dev-072,current,531.58,A,GOOD
329,2026-07-14 17:29:29.329,dev-073,humidity,768.71,A,GOOD
330,2026-07-14 18:30:30.330,dev-074,voltage,59.88,V,GOOD
331,2026-07-14 19:31:31.331,dev-075,pressure,493.52,kPa,GOOD
332,2026-07-14 20:32:32.332,dev-076,temperature,937.64,C,UNCERTAIN
333,2026-07-14 21:33:33.333,dev-077,pressure,315.41,C,GOOD
334,2026-07-14 22:34:34.334,dev-078,voltage,246.90,C,GOOD
335,2026-07-14 23:35:35.335,dev-079,voltage,366.92,kPa,GOOD
336,2026-07-15 00:36:36.336,dev-080,humidity,250.71,%,GOOD
337,2026-07-15 01:37:37.337,dev-081,humidity,732.24,kPa,GOOD
338,2026-07-15 02:38:38.338,dev-082,humidity,442.18,A,GOOD
339,2026-07-15 03:39:39.339,dev-083,pressure,482.98,kPa,GOOD
340,2026-07-15 04:40:40.340,dev-084,humidity,609.36,kPa,UNCERTAIN
341,2026-07-15 05:41:41.341,dev-085,current,539.54,A,GOOD
342,2026-07-15 06:42:42.342,dev-086,humidity,442.34,C,GOOD
343,2026-07-15 07:43:43.343,dev-087,current,859.63,V,GOOD
344,2026-07-15 08:44:44.344,dev-088,current,176.47,A,UNCERTAIN
345,2026-07-15 09:45:45.345,dev-089,voltage,221.89,A,UNCERTAIN
346,2026-07-15 10:46:46.346,dev-090,humidity,406.16,A,UNCERTAIN
347,2026-07-15 11:47:47.347,dev-091,pressure,114.81,V,GOOD
348,2026-07-15 12:48:48.348,dev-092,pressure,583.45,C,GOOD
349,2026-07-15 13:49:49.349,dev-093,current,146.58,%,UNCERTAIN
350,2026-07-15 14:50:50.350,dev-094,current,151.94,V,GOOD
351,2026-07-15 15:51:51.351,dev-095,voltage,41.86,%,GOOD
352,2026-07-15 16:52:52.352,dev-096,current,93.56,A,GOOD
353,2026-07-15 17:53:53.353,dev-097,current,892.15,%,GOOD
354,2026-07-15 18:54:54.354,dev-098,voltage,835.96,%,GOOD
355,2026-07-15 19:55:55.355,dev-099,voltage,678.59,%,UNCERTAIN
356,2026-07-15 20:56:56.356,dev-100,voltage,370.04,kPa,GOOD
357,2026-07-15 21:57:57.357,dev-101,humidity,697.62,A,UNCERTAIN
358,2026-07-15 22:58:58.358,dev-102,temperature,324.04,kPa,GOOD
359,2026-07-15 23:59:59.359,dev-103,voltage,172.54,V,UNCERTAIN
360,2026-07-16 00:00:00.360,dev-104,pressure,908.06,A,GOOD
361,2026-07-16 01:01:01.361,dev-105,temperature,723.86,A,UNCERTAIN
362,2026-07-16 02:02:02.362,dev-106,pressure,165.82,kPa,GOOD
363,2026-07-16 03:03:03.363,dev-107,temperature,552.00,C,UNCERTAIN
364,2026-07-16 04:04:04.364,dev-108,current,515.53,V,GOOD
365,2026-07-16 05:05:05.365,dev-109,temperature,479.50,%,GOOD
366,2026-07-16 06:06:06.366,dev-110,humidity,117.20,C,UNCERTAIN
367,2026-07-16 07:07:07.367,dev-111,humidity,434.05,%,GOOD
368,2026-07-16 08:08:08.368,dev-112,pressure,264.69,A,GOOD
369,2026-07-16 09:09:09.369,dev-113,pressure,246.96,%,GOOD
370,2026-07-16 10:10:10.370,dev-114,humidity,902.90,C,GOOD
371,2026-07-16 11:11:11.371,dev-115,temperature,225.37,V,GOOD
372,2026-07-16 12:12:12.372,dev-116,temperature,326.77,kPa,GOOD
373,2026-07-16 13:13:13.373,dev-117,temperature,667.18,%,GOOD
374,2026-07-16 14:14:14.374,dev-118,humidity,899.89,V,UNCERTAIN
375,2026-07-16 15:15:15.375,dev-119,current,565.74,A,UNCERTAIN
376,2026-07-16 16:16:16.376,dev-120,voltage,257.46,A,GOOD
377,2026-07-16 17:17:17.377,dev-121,current,901.00,kPa,GOOD
378,2026-07-16 18:18:18.378,dev-122,temperature,169.96,C,GOOD
379,2026-07-16 19:19:19.379,dev-123,pressure,504.90,kPa,GOOD
380,2026-07-16 20:20:20.380,dev-124,humidity,43.51,A,GOOD
381,2026-07-16 21:21:21.381,dev-125,pressure,117.98,kPa,GOOD
382,2026-07-16 22:22:22.382,dev-126,voltage,427.75,%,GOOD
383,2026-07-16 23:23:23.383,dev-127,temperature,544.05,A,GOOD
384,2026-07-17 00:24:24.384,dev-000,humidity,136.79,A,GOOD
385,2026-07-17 01:25:25.385,dev-001,pressure,95.36,C,UNCERTAIN
386,2026-07-17 02:26:26.386,dev-002,voltage,552.89,A,UNCERTAIN
387,2026-07-17 03:27:27.387,dev-003,humidity,176.11,C,GOOD
388,2026-07-17 04:28:28.388,dev-004,humidity,682.45,V,GOOD
389,2026-07-17 05:29:29.389,dev-005,temperature,32.68,A,GOOD
390,2026-07-17 06:30:30.390,dev-006,humidity,101.61,kPa,UNCERTAIN
391,2026-07-17 07:31:31.391,dev-007,temperature,805.42,V,GOOD
392,2026-07-17 08:32:32.392,dev-008,pressure,441.10,kPa,GOOD
393,2026-07-17 09:33:33.393,dev-009,humidity,214.88,kPa,UNCERTAIN
394,2026-07-17 10:34:34.394,dev-010,voltage,95.89,%,GOOD
395,2026-07-17 11:35:35.395,dev-011,current,666.46,kPa,GOOD
396,2026-07-17 12:36:36.396,dev-012,temperature,24.79,C,GOOD
397,2026-07-17 13:37:37.397,dev-013,pressure,196.46,A,GOOD
398,2026-07-17 14:38:38.398,dev-014,current,381.30,kPa,UNCERTAIN
399,2026-07-17 15:39:39.399,dev-015,humidity,800.00,kPa,UNCERTAIN
400,2026-07-17 16:40:40.400,dev-016,current,530.47,%,GOOD
401,2026-07-17 17:41:41.401,dev-017,voltage,519.44,%,GOOD
402,2026-07-17 18:42:42.402,dev-018,pressure,366.25,%,GOOD
403,2026-07-17 19:43:43.403,dev-019,temperature,499.49,V,GOOD
404,2026-07-17 20:44:44.404,dev-020,voltage,20.35,C,UNCERTAIN
405,2026-07-17 21:45:45.405,dev-021,current,4.71,A,UNCERTAIN
406,2026-07-17 22:46:46.406,dev-022,temperature,47.93,%,GOOD
407,2026-07-17 23:47:47.407,dev-023,voltage,491.42,%,GOOD
408,2026-07-18 00:48:48.408,dev-024,humidity,625.73,C,UNCERTAIN
409,2026-07-18 01:49:49.409,dev-025,temperature,113.67,kPa,GOOD
410,2026-07-18 02:50:50.410,dev-026,temperature,158.54,V,GOOD
411,2026-07-18 03:51:51.411,dev-027,pressure,82.68,%,GOOD
412,2026-07-18 04:52:52.412,dev-028,voltage,68.30,V,GOOD
413,2026-07-18 05:53:53.413,dev-029,voltage,666.78,%,UNCERTAIN
414,2026-07-18 06:54:54.414,dev-030,voltage,465.42,A,GOOD
415,2026-07-18 07:55:55.415,dev-031,humidity,305.62,%,UNCERTAIN
416,2026-07-18 08:56:56.416,dev-032,humidity,205.58,C,GOOD
417,2026-07-18 09:57:57.417,dev-033,voltage,956.82,V,GOOD
418,2026-07-18 10:58:58.418,dev-034,humidity,600.00,kPa,GOOD
419,2026-07-18 11:59:59.419,dev-035,current,402.08,V,GOOD
420,2026-07-18 12:00:00.420,dev-036,humidity,98.05,kPa,UNCERTAIN
421,2026-07-18 13:01:01.421,dev-037,humidity,431.36,V,GOOD
422,2026-07-18 14:02:02.422,dev-038,voltage,431.08,C,GOOD
423,2026-07-18 15:03:03.423,dev-039,voltage,363.63,V,GOOD
424,2026-07-18 16:04:04.424,dev-040,current,219.50,kPa,GOOD
425,2026-07-18 17:05:05.425,dev-041,current,30.98,V,GOOD
426,2026-07-18 18:06:06.426,dev-042,current,766.27,V,UNCERTAIN
427,2026-07-18 19:07:07.427,dev-043,voltage,502.85,A,UNCERTAIN
428,2026-07-18 20:08:08.428,dev-044,current,200.09,V,GOOD
429,2026-07-18 21:09:09.429,dev-045,current,715.22,C,GOOD
430,2026-07-18 22:10:10.430,dev-046,current,891.00,C,GOOD
431,2026-07-18 23:11:11.431,dev-047,voltage,776.60,C,GOOD
432,2026-07-19 00:12:12.432,dev-048,temperature,594.67,%,GOOD
433,2026-07-19 01:13:13.433,dev-049,voltage,435.10,kPa,GOOD
434,2026-07-19 02:14:14.434,dev-050,pressure,690.47,V,UNCERTAIN
435,2026-07-19 03:15:15.435,dev-051,humidity,626.19,A,GOOD
436,2026-07-19 04:16:16.436,dev-052,humidity,549.88,A,GOOD
437,2026-07-19 05:17:17.437,dev-053,humidity,552.39,kPa,GOOD
438,2026-07-19 06:18:18.438,dev-054,humidity,198.76,kPa,UNCERTAIN
439,2026-07-19 07:19:19.439,dev-055,pressure,854.56,%,GOOD
440,2026-07-19 08:20:20.440,dev-056,temperature,333.11,%,GOOD
441,2026-07-19 09:21:21.441,dev-057,current,207.41,V,GOOD
442,2026-07-19 10:22:22.442,dev-058,current,644.48,kPa,GOOD
443,2026-07-19 11:23:23.443,dev-059,humidity,819.77,C,GOOD
444,2026-07-19 12:24:24.444,dev-060,humidity,203.70,kPa,GOOD
445,2026-07-19 13:25:25.445,dev-061,pressure,905.26,A,GOOD
446,2026-07-19 14:26:26.446,dev-062,voltage,427.04,C,UNCERTAIN
447,2026-07-19 15:27:27.447,dev-063,humidity,578.32,A,GOOD
448,2026-07-19 16:28:28.448,dev-064,voltage,922.59,%,GOOD
449,2026-07-19 17:29:29.449,dev-065,temperature,106.70,V,GOOD
450,2026-07-19 18:30:30.450,dev-066,current,237.92,C,GOOD
451,2026-07-19 19:31:31.451,dev-067,temperature,173.23,%,GOOD
452,2026-07-19 20:32:32.452,dev-068,current,169.59,%,GOOD
453,2026-07-19 21:33:33.453,dev-069,temperature,779.23,A,GOOD
454,2026-07-19 22:34:34.454,dev-070,voltage,891.87,A,GOOD
455,2026-07-19 23:35:35.455,dev-071,temperature,486.50,V,GOOD
456,2026-07-20 00:36:36.456,dev-072,voltage,0.83,kPa,GOOD
457,2026-07-20 01:37:37.457,dev-073,voltage,278.07,A,GOOD
458,2026-07-20 02:38:38.458,dev-074,voltage,375.33,%,GOOD
459,2026-07-20 03:39:39.459,dev-075,temperature,933.96,%,UNCERTAIN
460,2026-07-20 04:40:40.460,dev-076,current,495.79,V,GOOD
461,2026-07-20 05:41:41.461,dev-077,voltage,74.12,%,GOOD
462,2026-07-20 06:42:42.462,dev-078,pressure,981.39,C,GOOD
463,2026-07-20 07:43:43.463,dev-079,pressure,736.90,%,GOOD
464,2026-07-20 08:44:44.464,dev-080,temperature,362.71,C,GOOD
465,2026-07-20 09:45:45.465,dev-081,humidity,876.98,A,GOOD
466,2026-07-20 10:46:46.466,dev-082,voltage,165.07,A,UNCERTAIN
467,2026-07-20 11:47:47.467,dev-083,humidity,744.07,C,UNCERTAIN
468,2026-07-20 12:48:48.468,dev-084,voltage,875.21,A,GOOD
469,2026-07-20 13:49:49.469,dev-085,temperature,891.09,C,GOOD
470,2026-07-20 14:50:50.470,dev-086,pressure,830.33,%,GOOD
471,2026-07-20 15:51:51.471,dev-087,humidity,28.62,kPa,GOOD
472,2026-07-20 16:52:52.472,dev-088,voltage,37.66,A,GOOD
473,2026-07-20 17:53:53.473,dev-089,humidity,704.78,A,GOOD
474,2026-07-20 18:54:54.474,dev-090,humidity,698.18,C,GOOD
475,2026-07-20 19:55:55.475,dev-091,current,645.88,C,GOOD
476,2026-07-20 20:56:56.476,dev-092,current,435.03,%,UNCERTAIN
477,2026-07-20 21:57:57.477,dev-093,current,521.97,V,GOOD
478,2026-07-20 22:58:58.478,dev-094,current,728.81,%,GOOD
479,2026-07-20 23:59:59.479,dev-095,temperature,234.32,kPa,GOOD
480,2026-07-21 00:00:00.480,dev-096,voltage,806.52,kPa,GOOD
481,2026-07-21 01:01:01.481,dev-097,humidity,336.31,kPa,GOOD
482,2026-07-21 02:02:02.482,dev-098,humidity,73.66,V,GOOD
483,2026-07-21 03:03:03.483,dev-099,current,455.57,A,UNCERTAIN
484,2026-07-21 04:04:04.484,dev-100,pressure,921.44,%,GOOD
485,2026-07-21 05:05:05.485,dev-101,current,734.20,V,GOOD
486,2026-07-21 06:06:06.486,dev-102,voltage,529.77,A,GOOD
487,2026-07-21 07:07:07.487,dev-103,current,889.36,A,UNCERTAIN
488,2026-07-21 08:08:08.488,dev-104,pressure,847.37,%,GOOD
489,2026-07-21 09:09:09.489,dev-105,temperature,813.03,V,UNCERTAIN
490,2026-07-21 10:10:10.490,dev-106,pressure,202.41,%,GOOD
491,2026-07-21 11:11:11.491,dev-107,current,907.14,%,GOOD
492,2026-07-21 12:12:12.492,dev-108,pressure,936.73,kPa,UNCERTAIN
493,2026-07-21 13:13:13.493,dev-109,current,118.69,%,GOOD
494,2026-07-21 14:14:14.494,dev-110,current,671.20,C,GOOD
495,2026-07-21 15:15:15.495,dev-111,voltage,301.63,A,GOOD
496,2026-07-21 16:16:16.496,dev-112,humidity,782.97,kPa,UNCERTAIN
497,2026-07-21 17:17:17.497,dev-113,current,564.64,%,UNCERTAIN
498,2026-07-21 18:18:18.498,dev-114,humidity,240.61,kPa,GOOD
499,2026-07-21 19:19:19.499,dev-115,humidity,879.84,C,GOOD
500,2026-07-21 20:20:20.500,dev-116,temperature,179.09,V,GOOD
501,2026-07-21 21:21:21.501,dev-117,humidity,93.95,%,GOOD
502,2026-07-21 22:22:22.502,dev-118,voltage,710.68,A,GOOD
503,2026-07-21 23:23:23.503,dev-119,temperature,751.26,kPa,GOOD
504,2026-07-22 00:24:24.504,dev-120,pressure,570.78,A,GOOD
505,2026-07-22 01:25:25.505,dev-121,humidity,862.19,%,UNCERTAIN
506,2026-07-22 02:26:26.506,dev-122,pressure,454.28,V,GOOD
507,2026-07-22 03:27:27.507,dev-123,voltage,920.94,C,GOOD
508,2026-07-22 04:28:28.508,dev-124,humidity,419.10,%,GOOD
509,2026-07-22 05:29:29.509,dev-125,temperature,180.39,C,UNCERTAIN
510,2026-07-22 06:30:30.510,dev-126,temperature,396.27,V,GOOD
511,2026-07-22 07:31:31.511,dev-127,temperature,845.01,C,GOOD
512,2026-07-22 08:32:32.512,dev-000,humidity,183.70,%,UNCERTAIN
513,2026-07-22 09:33:33.513,dev-001,temperature,928.70,A,GOOD
514,2026-07-22 10:34:34.514,dev-002,current,232.70,V,GOOD
515,2026-07-22 11:35:35.515,dev-003,humidity,287.86,kPa,GOOD
516,2026-07-22 12:36:36.516,dev-004,humidity,882.97,C,GOOD
517,2026-07-22 13:37:37.517,dev-005,pressure,485.63,kPa,GOOD
518,2026-07-22 14:38:38.518,dev-006,current,872.67,A,UNCERTAIN
519,2026-07-22 15:39:39.519,dev-007,pressure,751.21,V,GOOD
520,2026-07-22 16:40:40.520,dev-008,voltage,759.64,V,GOOD
521,2026-07-22 17:41:41.521,dev-009,pressure,377.62,C,GOOD
522,2026-07-22 18:42:42.522,dev-010,current,362.06,%,GOOD
523,2026-07-22 19:43:43.523,dev-011,humidity,840.60,V,UNCERTAIN
524,2026-07-22 20:44:44.524,dev-012,pressure,642.95,A,GOOD
525,2026-07-22 21:45:45.525,dev-013,humidity,985.65,%,GOOD
526,2026-07-22 22:46:46.526,dev-014,pressure,193.22,V,GOOD
527,2026-07-22 23:47:47.527,dev-015,pressure,523.22,%,GOOD
528,2026-07-23 00:48:48.528,dev-016,voltage,246.56,C,GOOD
529,2026-07-23 01:49:49.529,dev-017,current,571.09,C,UNCERTAIN
530,2026-07-23 02:50:50.530,dev-018,temperature,954.23,A,GOOD
531,2026-07-23 03:51:51.531,dev-019,humidity,619.23,kPa,GOOD
532,2026-07-23 04:52:52.532,dev-020,humidity,912.12,kPa,UNCERTAIN
533,2026-07-23 05:53:53.533,dev-021,voltage,261.08,kPa,GOOD
534,2026-07-23 06:54:54.534,dev-022,current,764.05,V,GOOD
535,2026-07-23 07:55:55.535,dev-023,pressure,819.44,C,UNCERTAIN
536,2026-07-23 08:56:56.536,dev-024,temperature,558.54,V,GOOD
537,2026-07-23 09:57:57.537,dev-025,current,391.49,V,GOOD
538,2026-07-23 10:58:58.538,dev-026,humidity,636.06,A,UNCERTAIN
539,2026-07-23 11:59:59.539,dev-027,temperature,464.21,kPa,GOOD
540,2026-07-23 12:00:00.540,dev-028,humidity,437.78,C,GOOD
541,2026-07-23 13:01:01.541,dev-029,current,68.28,kPa,GOOD
542,2026-07-23 14:02:02.542,dev-030,humidity,758.02,kPa,GOOD
543,2026-07-23 15:03:03.543,dev-031,voltage,49.00,C,GOOD
544,2026-07-23 16:04:04.544,dev-032,pressure,196.27,kPa,GOOD
545,2026-07-23 17:05:05.545,dev-033,pressure,354.83,A,GOOD
546,2026-07-23 18:06:06.546,dev-034,pressure,394.75,A,UNCERTAIN
547,2026-07-23 19:07:07.547,dev-035,temperature,898.58,%,GOOD
548,2026-07-23 20:08:08.548,dev-036,voltage,785.64,V,GOOD
549,2026-07-23 21:09:09.549,dev-037,temperature,46.05,C,GOOD
550,2026-07-23 22:10:10.550,dev-038,pressure,183.03,kPa,GOOD
551,2026-07-23 23:11:11.551,dev-039,humidity,72.45,V,GOOD
552,2026-07-24 00:12:12.552,dev-040,pressure,236.55,V,GOOD
553,2026-07-24 01:13:13.553,dev-041,voltage,887.17,C,GOOD
554,2026-07-24 02:14:14.554,dev-042,current,300.54,%,GOOD
555,2026-07-24 03:15:15.555,dev-043,pressure,159.47,A,GOOD
556,2026-07-24 04:16:16.556,dev-044,voltage,110.18,kPa,GOOD
557,2026-07-24 05:17:17.557,dev-045,pressure,837.43,A,GOOD
558,2026-07-24 06:18:18.558,dev-046,pressure,557.40,V,GOOD
559,2026-07-24 07:19:19.559,dev-047,humidity,89.63,kPa,UNCERTAIN
560,2026-07-24 08:20:20.560,dev-048,pressure,121.04,A,GOOD
561,2026-07-24 09:21:21.561,dev-049,pressure,661.27,A,GOOD
562,2026-07-24 10:22:22.562,dev-050,temperature,125.48,V,GOOD
563,2026-07-24 11:23:23.563,dev-051,current,385.92,kPa,UNCERTAIN
564,2026-07-24 12:24:24.564,dev-052,pressure,88.79,V,GOOD
565,2026-07-24 13:25:25.565,dev-053,pressure,236.95,A,GOOD
566,2026-07-24 14:26:26.566,dev-054,voltage,914.69,V,GOOD
567,2026-07-24 15:27:27.567,dev-055,temperature,832.86,C,GOOD
568,2026-07-24 16:28:28.568,dev-056,current,572.55,C,GOOD
569,2026-07-24 17:29:29.569,dev-057,humidity,35.25,kPa,GOOD
570,2026-07-24 18:30:30.570,dev-058,temperature,27.31,%,UNCERTAIN
571,2026-07-24 19:31:31.571,dev-059,temperature,854.01,V,UNCERTAIN
572,2026-07-24 20:32:32.572,dev-060,temperature,251.79,kPa,GOOD
573,2026-07-24 21:33:33.573,dev-061,pressure,649.65,C,GOOD
574,2026-07-24 22:34:34.574,dev-062,current,299.44,V,GOOD
575,2026-07-24 23:35:35.575,dev-063,voltage,256.26,A,GOOD
576,2026-07-25 00:36:36.576,dev-064,voltage,671.49,C,UNCERTAIN
577,2026-07-25 01:37:37.577,dev-065,humidity,961.66,A,GOOD
578,2026-07-25 02:38:38.578,dev-066,pressure,195.23,A,UNCERTAIN
579,2026-07-25 03:39:39.579,dev-067,voltage,954.08,%,GOOD
580,2026-07-25 04:40:40.580,dev-068,pressure,703.15,A,GOOD
581,2026-07-25 05:41:41.581,dev-069,pressure,172.43,V,GOOD
582,2026-07-25 06:42:42.582,dev-070,voltage,591.76,V,UNCERTAIN
583,2026-07-25 07:43:43.583,dev-071,current,562.15,V,UNCERTAIN
584,2026-07-25 08:44:44.584,dev-072,humidity,78.44,A,GOOD
585,2026-07-25 09:45:45.585,dev-073,temperature,79.81,V,UNCERTAIN
586,2026-07-25 10:46:46.586,dev-074,humidity,707.29,%,GOOD
587,2026-07-25 11:47:47.587,dev-075,pressure,453.99,A,UNCERTAIN
588,2026-07-25 12:48:48.588,dev-076,pressure,867.37,A,UNCERTAIN
589,2026-07-25 13:49:49.589,dev-077,voltage,211.51,V,GOOD
590,2026-07-25 14:50:50.590,dev-078,temperature,737.28,A,GOOD
591,2026-07-25 15:51:51.591,dev-079,humidity,73.68,A,GOOD
592,2026-07-25 16:52:52.592,dev-080,temperature,42.05,V,UNCERTAIN
593,2026-07-25 17:53:53.593,dev-081,current,803.73,V,GOOD
594,2026-07-25 18:54:54.594,dev-082,pressure,754.89,V,UNCERTAIN
595,2026-07-25 19:55:55.595,dev-083,voltage,104.95,kPa,GOOD
596,2026-07-25 20:56:56.596,dev-084,humidity,112.88,A,GOOD
597,2026-07-25 21:57:57.597,dev-085,humidity,625.63,%,GOOD
598,2026-07-25 22:58:58.598,dev-086,temperature,649.11,A,GOOD
599,2026-07-25 23:59:59.599,dev-087,voltage,329.35,C,GOOD
600,2026-07-26 00:00:00.600,dev-088,voltage,713.44,C,GOOD
601,2026-07-26 01:01:01.601,dev-089,temperature,82.46,%,UNCERTAIN
602,2026-07-26 02:02:02.602,dev-090,temperature,478.41,V,GOOD
603,2026-07-26 03:03:03.603,dev-091,voltage,849.31,%,UNCERTAIN
604,2026-07-26 04:04:04.604,dev-092,current,136.57,V,GOOD
605,2026-07-26 05:05:05.605,dev-093,pressure,435.03,A,GOOD
606,2026-07-26 06:06:06.606,dev-094,temperature,73.73,C,GOOD
607,2026-07-26 07:07:07.607,dev-095,temperature,247.07,%,GOOD
608,2026-07-26 08:08:08.608,dev-096,voltage,789.32,C,UNCERTAIN
609,2026-07-26 09:09:09.609,dev-097,pressure,947.12,%,GOOD
610,2026-07-26 10:10:10.610,dev-098,voltage,654.28,kPa,UNCERTAIN
611,2026-07-26 11:11:11.611,dev-099,pressure,837.06,%,GOOD
612,2026-07-26 12:12:12.612,dev-100,humidity,372.92,%,GOOD
613,2026-07-26 13:13:13.613,dev-101,pressure,442.52,%,GOOD
614,2026-07-26 14:14:14.614,dev-102,humidity,225.91,kPa,UNCERTAIN
615,2026-07-26 15:15:15.615,dev-103,current,304.55,V,GOOD
616,2026-07-26 16:16:16.616,dev-104,current,99.21,C,GOOD
617,2026-07-26 17:17:17.617,dev-105,temperature,821.01,A,GOOD
618,2026-07-26 18:18:18.618,dev-106,humidity,316.31,kPa,GOOD
619,2026-07-26 19:19:19.619,dev-107,pressure,975.41,A,GOOD
620,2026-07-26 20:20:20.620,dev-108,pressure,196.52,%,GOOD
621,2026-07-26 21:21:21.621,dev-109,temperature,667.30,kPa,UNCERTAIN
622,2026-07-26 22:22:22.622,dev-110,temperature,245.87,%,GOOD
623,2026-07-26 23:23:23.623,dev-111,temperature,372.44,%,GOOD
624,2026-07-27 00:24:24.624,dev-112,current,302.94,A,UNCERTAIN
625,2026-07-27 01:25:25.625,dev-113,current,998.08,C,GOOD
626,2026-07-27 02:26:26.626,dev-114,pressure,698.05,%,UNCERTAIN
627,2026-07-27 03:27:27.627,dev-115,pressure,566.47,%,GOOD
628,2026-07-27 04:28:28.628,dev-116,humidity,810.72,V,GOOD
629,2026-07-27 05:29:29.629,dev-117,current,497.66,kPa,GOOD
630,2026-07-27 06:30:30.630,dev-118,pressure,50.41,C,GOOD
631,2026-07-27 07:31:31.631,dev-119,temperature,912.23,%,GOOD
632,2026-07-27 08:32:32.632,dev-120,humidity,178.99,V,GOOD
633,2026-07-27 09:33:33.633,dev-121,pressure,315.14,%,GOOD
634,2026-07-27 10:34:34.634,dev-122,humidity,876.22,V,GOOD
635,2026-07-27 11:35:35.635,dev-123,voltage,233.08,A,GOOD
636,2026-07-27 12:36:36.636,dev-124,humidity,568.86,C,GOOD
637,2026-07-27 13:37:37.637,dev-125,current,17.00,V,GOOD
638,2026-07-27 14:38:38.638,dev-126,humidity,282.34,%,UNCERTAIN
639,2026-07-27 15:39:39.639,dev-127,temperature,900.09,C,UNCERTAIN
640,2026-07-27 16:40:40.640,dev-000,temperature,788.58,kPa,GOOD
641,2026-07-27 17:41:41.641,dev-001,current,453.04,%,GOOD
642,2026-07-27 18:42:42.642,dev-002,current,428.34,C,UNCERTAIN
643,2026-07-27 19:43:43.643,dev-003,pressure,10.64,A,GOOD
644,2026-07-27 20:44:44.644,dev-004,humidity,658.21,%,GOOD
645,2026-07-27 21:45:45.645,dev-005,humidity,17.80,C,GOOD
646,2026-07-27 22:46:46.646,dev-006,pressure,788.40,A,GOOD
647,2026-07-27 23:47:47.647,dev-007,voltage,8.54,V,UNCERTAIN
648,2026-07-28 00:48:48.648,dev-008,pressure,92.15,A,GOOD
649,2026-07-28 01:49:49.649,dev-009,current,347.09,kPa,GOOD
650,2026-07-28 02:50:50.650,dev-010,current,749.47,A,UNCERTAIN
651,2026-07-28 03:51:51.651,dev-011,current,471.67,A,GOOD
652,2026-07-28 04:52:52.652,dev-012,voltage,462.65,%,GOOD
653,2026-07-28 05:53:53.653,dev-013,humidity,756.64,%,GOOD
654,2026-07-28 06:54:54.654,dev-014,humidity,437.21,V,GOOD
655,2026-07-28 07:55:55.655,dev-015,humidity,593.95,C,GOOD
656,2026-07-28 08:56:56.656,dev-016,pressure,761.88,A,GOOD
657,2026-07-28 09:57:57.657,dev-017,humidity,444.69,%,UNCERTAIN
658,2026-07-28 10:58:58.658,dev-018,voltage,84.40,%,GOOD
659,2026-07-28 11:59:59.659,dev-019,temperature,357.63,%,GOOD
660,2026-07-28 12:00:00.660,dev-020,humidity,154.32,kPa,UNCERTAIN
661,2026-07-28 13:01:01.661,dev-021,pressure,557.19,C,GOOD
662,2026-07-28 14:02:02.662,dev-022,temperature,554.98,A,UNCERTAIN
663,2026-07-28 15:03:03.663,dev-023,humidity,661.28,V,UNCERTAIN
664,2026-07-28 16:04:04.664,dev-024,humidity,368.28,A,GOOD
665,2026-07-28 17:05:05.665,dev-025,current,423.96,C,GOOD
666,2026-07-28 18:06:06.666,dev-026,current,248.76,%,GOOD
667,2026-07-28 19:07:07.667,dev-027,temperature,192.48,%,UNCERTAIN
668,2026-07-28 20:08:08.668,dev-028,humidity,351.06,%,GOOD
669,2026-07-28 21:09:09.669,dev-029,temperature,504.55,A,UNCERTAIN
670,2026-07-28 22:10:10.670,dev-030,temperature,316.36,%,UNCERTAIN
671,2026-07-28 23:11:11.671,dev-031,temperature,131.24,C,GOOD
672,2026-07-01 00:12:12.672,dev-032,temperature,175.54,kPa,GOOD
673,2026-07-01 01:13:13.673,dev-033,current,188.66,V,UNCERTAIN
674,2026-07-01 02:14:14.674,dev-034,humidity,905.02,A,GOOD
675,2026-07-01 03:15:15.675,dev-035,current,306.23,%,GOOD
676,2026-07-01 04:16:16.676,dev-036,humidity,807.67,kPa,GOOD
677,2026-07-01 05:17:17.677,dev-037,humidity,733.00,V,GOOD
678,2026-07-01 06:18:18.678,dev-038,voltage,880.61,V,GOOD
679,2026-07-01 07:19:19.679,dev-039,temperature,875.30,V,UNCERTAIN
680,2026-07-01 08:20:20.680,dev-040,voltage,738.53,A,UNCERTAIN
681,2026-07-01 09:21:21.681,dev-041,humidity,292.74,V,GOOD
682,2026-07-01 10:22:22.682,dev-042,temperature,747.34,kPa,GOOD
683,2026-07-01 11:23:23.683,dev-043,temperature,85.98,%,GOOD
684,2026-07-01 12:24:24.684,dev-044,voltage,529.89,A,GOOD
685,2026-07-01 13:25:25.685,dev-045,temperature,770.05,C,GOOD
686,2026-07-01 14:26:26.686,dev-046,humidity,580.10,V,GOOD
687,2026-07-01 15:27:27.687,dev-047,current,376.28,A,GOOD
688,2026-07-01 16:28:28.688,dev-048,voltage,832.48,kPa,UNCERTAIN
689,2026-07-01 17:29:29.689,dev-049,pressure,852.58,A,GOOD
690,2026-07-01 18:30:30.690,dev-050,pressure,998.51,C,GOOD
691,2026-07-01 19:31:31.691,dev-051,voltage,297.32,kPa,UNCERTAIN
692,2026-07-01 20:32:32.692,dev-052,temperature,420.58,V,UNCERTAIN
693,2026-07-01 21:33:33.693,dev-053,humidity,236.56,V,GOOD
694,2026-07-01 22:34:34.694,dev-054,humidity,74.74,kPa,UNCERTAIN
695,2026-07-01 23:35:35.695,dev-055,temperature,749.71,kPa,UNCERTAIN
696,2026-07-02 00:36:36.696,dev-056,temperature,819.89,V,UNCERTAIN
697,2026-07-02 01:37:37.697,dev-057,voltage,332.26,A,GOOD
698,2026-07-02 02:38:38.698,dev-058,temperature,13.28,%,GOOD
699,2026-07-02 03:39:39.699,dev-059,humidity,934.01,C,GOOD
700,2026-07-02 04:40:40.700,dev-060,current,709.99,C,UNCERTAIN
701,2026-07-02 05:41:41.701,dev-061,humidity,553.88,V,UNCERTAIN
702,2026-07-02 06:42:42.702,dev-062,temperature,813.67,C,GOOD
703,2026-07-02 07:43:43.703,dev-063,humidity,332.36,%,UNCERTAIN
704,2026-07-02 08:44:44.704,dev-064,current,745.69,%,GOOD
705,2026-07-02 09:45:45.705,dev-065,humidity,609.60,A,UNCERTAIN
706,2026-07-02 10:46:46.706,dev-066,temperature,155.32,%,GOOD
707,2026-07-02 11:47:47.707,dev-067,humidity,824.25,C,GOOD
708,2026-07-02 12:48:48.708,dev-068,pressure,303.36,kPa,GOOD
709,2026-07-02 13:49:49.709,dev-069,temperature,946.32,A,UNCERTAIN
710,2026-07-02 14:50:50.710,dev-070,current,607.99,A,GOOD
711,2026-07-02 15:51:51.711,dev-071,pressure,555.89,V,UNCERTAIN
712,2026-07-02 16:52:52.712,dev-072,current,350.62,kPa,UNCERTAIN
713,2026-07-02 17:53:53.713,dev-073,temperature,744.74,V,UNCERTAIN
714,2026-07-02 18:54:54.714,dev-074,pressure,755.56,V,UNCERTAIN
715,2026-07-02 19:55:55.715,dev-075,pressure,758.48,%,GOOD
716,2026-07-02 20:56:56.716,dev-076,temperature,779.78,%,GOOD
717,2026-07-02 21:57:57.717,dev-077,temperature,208.32,V,GOOD
718,2026-07-02 22:58:58.718,dev-078,humidity,584.94,A,GOOD
719,2026-07-02 23:59:59.719,dev-079,humidity,424.17,V,UNCERTAIN
720,2026-07-03 00:00:00.720,dev-080,pressure,375.55,%,UNCERTAIN
721,2026-07-03 01:01:01.721,dev-081,voltage,699.05,%,GOOD
722,2026-07-03 02:02:02.722,dev-082,temperature,440.69,A,GOOD
723,2026-07-03 03:03:03.723,dev-083,temperature,113.04,%,UNCERTAIN
724,2026-07-03 04:04:04.724,dev-084,humidity,769.48,%,GOOD
725,2026-07-03 05:05:05.725,dev-085,current,888.30,V,UNCERTAIN
726,2026-07-03 06:06:06.726,dev-086,current,748.00,A,GOOD
727,2026-07-03 07:07:07.727,dev-087,voltage,953.54,A,GOOD
728,2026-07-03 08:08:08.728,dev-088,temperature,882.45,kPa,UNCERTAIN
729,2026-07-03 09:09:09.729,dev-089,humidity,917.75,V,GOOD
730,2026-07-03 10:10:10.730,dev-090,humidity,524.79,%,GOOD
731,2026-07-03 11:11:11.731,dev-091,pressure,263.91,A,UNCERTAIN
732,2026-07-03 12:12:12.732,dev-092,temperature,834.83,A,GOOD
733,2026-07-03 13:13:13.733,dev-093,voltage,731.47,%,GOOD
734,2026-07-03 14:14:14.734,dev-094,voltage,808.37,C,GOOD
735,2026-07-03 15:15:15.735,dev-095,pressure,702.71,A,GOOD
736,2026-07-03 16:16:16.736,dev-096,current,333.57,A,GOOD
737,2026-07-03 17:17:17.737,dev-097,temperature,285.07,%,GOOD
738,2026-07-03 18:18:18.738,dev-098,voltage,964.03,C,UNCERTAIN
739,2026-07-03 19:19:19.739,dev-099,humidity,507.83,C,GOOD
740,2026-07-03 20:20:20.740,dev-100,temperature,158.30,A,UNCERTAIN
741,2026-07-03 21:21:21.741,dev-101,temperature,992.02,C,GOOD
742,2026-07-03 22:22:22.742,dev-102,voltage,438.05,%,UNCERTAIN
743,2026-07-03 23:23:23.743,dev-103,pressure,144.82,%,UNCERTAIN
744,2026-07-04 00:24:24.744,dev-104,humidity,456.13,%,GOOD
745,2026-07-04 01:25:25.745,dev-105,voltage,703.73,C,UNCERTAIN
746,2026-07-04 02:26:26.746,dev-106,voltage,569.78,C,GOOD
747,2026-07-04 03:27:27.747,dev-107,pressure,22.17,kPa,GOOD
748,2026-07-04 04:28:28.748,dev-108,temperature,891.84,%,GOOD
749,2026-07-04 05:29:29.749,dev-109,voltage,242.27,A,GOOD
750,2026-07-04 06:30:30.750,dev-110,temperature,532.04,kPa,GOOD
751,2026-07-04 07:31:31.751,dev-111,current,173.81,A,GOOD
752,2026-07-04 08:32:32.752,dev-112,current,294.72,A,GOOD
753,2026-07-04 09:33:33.753,dev-113,voltage,508.37,V,GOOD
754,2026-07-04 10:34:34.754,dev-114,humidity,454.71,V,UNCERTAIN
755,2026-07-04 11:35:35.755,dev-115,humidity,773.25,V,GOOD
756,2026-07-04 12:36:36.756,dev-116,humidity,117.16,kPa,GOOD
757,2026-07-04 13:37:37.757,dev-117,temperature,512.80,kPa,UNCERTAIN
758,2026-07-04 14:38:38.758,dev-118,temperature,214.94,kPa,GOOD
759,2026-07-04 15:39:39.759,dev-119,current,168.92,C,GOOD
760,2026-07-04 16:40:40.760,dev-120,humidity,303.79,kPa,UNCERTAIN
761,2026-07-04 17:41:41.761,dev-121,humidity,941.04,C,GOOD
762,2026-07-04 18:42:42.762,dev-122,current,351.89,V,GOOD
763,2026-07-04 19:43:43.763,dev-123,current,851.92,A,GOOD
764,2026-07-04 20:44:44.764,dev-124,voltage,512.34,A,GOOD
765,2026-07-04 21:45:45.765,dev-125,humidity,668.38,V,UNCERTAIN
766,2026-07-04 22:46:46.766,dev-126,temperature,174.87,kPa,GOOD
767,2026-07-04 23:47:47.767,dev-127,humidity,271.10,A,GOOD
768,2026-07-05 00:48:48.768,dev-000,pressure,454.11,A,UNCERTAIN
769,2026-07-05 01:49:49.769,dev-001,temperature,756.07,C,GOOD
770,2026-07-05 02:50:50.770,dev-002,pressure,760.79,V,GOOD
771,2026-07-05 03:51:51.771,dev-003,current,599.07,C,GOOD
772,2026-07-05 04:52:52.772,dev-004,humidity,667.08,V,UNCERTAIN
773,2026-07-05 05:53:53.773,dev-005,pressure,314.49,A,GOOD
774,2026-07-05 06:54:54.774,dev-006,current,191.63,V,GOOD
775,2026-07-05 07:55:55.775,dev-007,voltage,668.22,C,UNCERTAIN
776,2026-07-05 08:56:56.776,dev-008,humidity,695.32,kPa,GOOD
777,2026-07-05 09:57:57.777,dev-009,voltage,930.81,kPa,GOOD
778,2026-07-05 10:58:58.778,dev-010,current,859.49,kPa,UNCERTAIN
779,2026-07-05 11:59:59.779,dev-011,humidity,329.37,%,GOOD
780,2026-07-05 12:00:00.780,dev-012,temperature,288.98,%,GOOD
781,2026-07-05 13:01:01.781,dev-013,current,756.45,V,UNCERTAIN
782,2026-07-05 14:02:02.782,dev-014,current,682.77,kPa,UNCERTAIN
783,2026-07-05 15:03:03.783,dev-015,voltage,644.69,%,GOOD
784,2026-07-05 16:04:04.784,dev-016,humidity,49.56,%,GOOD
785,2026-07-05 17:05:05.785,dev-017,humidity,783.70,V,GOOD
786,2026-07-05 18:06:06.786,dev-018,temperature,691.22,kPa,GOOD
787,2026-07-05 19:07:07.787,dev-019,current,337.72,kPa,GOOD
788,2026-07-05 20:08:08.788,dev-020,humidity,307.31,A,GOOD
789,2026-07-05 21:09:09.789,dev-021,temperature,970.48,kPa,GOOD
790,2026-07-05 22:10:10.790,dev-022,humidity,333.80,kPa,UNCERTAIN
791,2026-07-05 23:11:11.791,dev-023,humidity,506.02,kPa,GOOD
792,2026-07-06 00:12:12.792,dev-024,humidity,124.99,V,GOOD
793,2026-07-06 01:13:13.793,dev-025,current,665.47,%,UNCERTAIN
794,2026-07-06 02:14:14.794,dev-026,voltage,648.53,V,GOOD
795,2026-07-06 03:15:15.795,dev-027,humidity,906.56,C,UNCERTAIN
796,2026-07-06 04:16:16.796,dev-028,voltage,718.03,%,UNCERTAIN
797,2026-07-06 05:17:17.797,dev-029,current,681.65,kPa,UNCERTAIN
798,2026-07-06 06:18:18.798,dev-030,current,52.57,C,GOOD
799,2026-07-06 07:19:19.799,dev-031,humidity,221.90,%,GOOD
800,2026-07-06 08:20:20.800,dev-032,humidity,910.36,A,GOOD
801,2026-07-06 09:21:21.801,dev-033,humidity,801.00,%,GOOD
802,2026-07-06 10:22:22.802,dev-034,humidity,167.06,%,GOOD
803,2026-07-06 11:23:23.803,dev-035,temperature,470.13,V,UNCERTAIN
804,2026-07-06 12:24:24.804,dev-036,humidity,731.51,C,GOOD
805,2026-07-06 13:25:25.805,dev-037,temperature,746.13,kPa,UNCERTAIN
806,2026-07-06 14:26:26.806,dev-038,voltage,821.44,%,GOOD
807,2026-07-06 15:27:27.807,dev-039,pressure,121.16,kPa,GOOD
808,2026-07-06 16:28:28.808,dev-040,temperature,644.51,V,GOOD
809,2026-07-06 17:29:29.809,dev-041,pressure,763.98,A,GOOD
810,2026-07-06 18:30:30.810,dev-042,temperature,901.38,A,GOOD
811,2026-07-06 19:31:31.811,dev-043,voltage,532.31,V,GOOD
812,2026-07-06 20:32:32.812,dev-044,temperature,855.86,A,GOOD
813,2026-07-06 21:33:33.813,dev-045,pressure,81.09,V,GOOD
814,2026-07-06 22:34:34.814,dev-046,current,831.86,%,GOOD
815,2026-07-06 23:35:35.815,dev-047,humidity,139.76,%,GOOD
816,2026-07-07 00:36:36.816,dev-048,pressure,135.50,V,UNCERTAIN
817,2026-07-07 01:37:37.817,dev-049,temperature,545.18,kPa,GOOD
818,2026-07-07 02:38:38.818,dev-050,current,688.86,V,GOOD
819,2026-07-07 03:39:39.819,dev-051,voltage,690.17,C,UNCERTAIN
820,2026-07-07 04:40:40.820,dev-052,pressure,233.52,kPa,GOOD
821,2026-07-07 05:41:41.821,dev-053,temperature,164.35,C,GOOD
822,2026-07-07 06:42:42.822,dev-054,humidity,439.03,kPa,GOOD
823,2026-07-07 07:43:43.823,dev-055,pressure,931.72,kPa,UNCERTAIN
824,2026-07-07 08:44:44.824,dev-056,humidity,564.94,kPa,GOOD
825,2026-07-07 09:45:45.825,dev-057,current,560.42,C,GOOD
826,2026-07-07 10:46:46.826,dev-058,voltage,660.85,kPa,GOOD
827,2026-07-07 11:47:47.827,dev-059,voltage,151.95,kPa,UNCERTAIN
828,2026-07-07 12:48:48.828,dev-060,pressure,763.49,A,GOOD
829,2026-07-07 13:49:49.829,dev-061,voltage,45.40,A,GOOD
830,2026-07-07 14:50:50.830,dev-062,temperature,801.03,kPa,GOOD
831,2026-07-07 15:51:51.831,dev-063,temperature,677.67,C,GOOD
832,2026-07-07 16:52:52.832,dev-064,voltage,884.09,V,GOOD
833,2026-07-07 17:53:53.833,dev-065,pressure,659.92,V,GOOD
834,2026-07-07 18:54:54.834,dev-066,pressure,690.32,C,UNCERTAIN
835,2026-07-07 19:55:55.835,dev-067,current,865.78,kPa,GOOD
836,2026-07-07 20:56:56.836,dev-068,humidity,236.47,%,UNCERTAIN
837,2026-07-07 21:57:57.837,dev-069,humidity,589.31,V,GOOD
838,2026-07-07 22:58:58.838,dev-070,voltage,472.51,A,UNCERTAIN
839,2026-07-07 23:59:59.839,dev-071,current,987.65,A,UNCERTAIN
840,2026-07-08 00:00:00.840,dev-072,humidity,72.25,%,GOOD
841,2026-07-08 01:01:01.841,dev-073,voltage,193.69,V,GOOD
842,2026-07-08 02:02:02.842,dev-074,current,265.37,A,GOOD
843,2026-07-08 03:03:03.843,dev-075,voltage,428.68,C,GOOD
844,2026-07-08 04:04:04.844,dev-076,pressure,374.16,A,UNCERTAIN
845,2026-07-08 05:05:05.845,dev-077,pressure,15.84,kPa,GOOD
846,2026-07-08 06:06:06.846,dev-078,pressure,639.96,C,GOOD
847,2026-07-08 07:07:07.847,dev-079,humidity,586.72,C,UNCERTAIN
848,2026-07-08 08:08:08.848,dev-080,current,880.43,kPa,GOOD
849,2026-07-08 09:09:09.849,dev-081,current,908.51,A,GOOD
850,2026-07-08 10:10:10.850,dev-082,current,234.54,kPa,GOOD
851,2026-07-08 11:11:11.851,dev-083,current,257.04,C,GOOD
852,2026-07-08 12:12:12.852,dev-084,temperature,308.70,V,GOOD
853,2026-07-08 13:13:13.853,dev-085,pressure,258.28,A,UNCERTAIN
854,2026-07-08 14:14:14.854,dev-086,humidity,395.59,V,GOOD
855,2026-07-08 15:15:15.855,dev-087,pressure,982.60,C,GOOD
856,2026-07-08 16:16:16.856,dev-088,temperature,130.04,kPa,GOOD
857,2026-07-08 17:17:17.857,dev-089,current,885.27,A,UNCERTAIN
858,2026-07-08 18:18:18.858,dev-090,voltage,87.98,V,GOOD
859,2026-07-08 19:19:19.859,dev-091,voltage,71.65,kPa,UNCERTAIN
860,2026-07-08 20:20:20.860,dev-092,temperature,866.92,V,GOOD
861,2026-07-08 21:21:21.861,dev-093,pressure,78.44,V,GOOD
862,2026-07-08 22:22:22.862,dev-094,humidity,605.45,%,GOOD
863,2026-07-08 23:23:23.863,dev-095,current,824.68,%,UNCERTAIN
864,2026-07-09 00:24:24.864,dev-096,humidity,427.60,C,GOOD
865,2026-07-09 01:25:25.865,dev-097,pressure,424.71,V,UNCERTAIN
866,2026-07-09 02:26:26.866,dev-098,temperature,655.00,kPa,GOOD
867,2026-07-09 03:27:27.867,dev-099,current,922.13,C,UNCERTAIN
868,2026-07-09 04:28:28.868,dev-100,humidity,921.60,%,GOOD
869,2026-07-09 05:29:29.869,dev-101,humidity,780.63,%,GOOD
870,2026-07-09 06:30:30.870,dev-102,humidity,431.85,C,UNCERTAIN
871,2026-07-09 07:31:31.871,dev-103,pressure,448.07,C,UNCERTAIN
872,2026-07-09 08:32:32.872,dev-104,humidity,227.98,%,GOOD
873,2026-07-09 09:33:33.873,dev-105,humidity,742.49,V,GOOD
874,2026-07-09 10:34:34.874,dev-106,humidity,763.51,%,GOOD
875,2026-07-09 11:35:35.875,dev-107,current,905.44,%,GOOD
876,2026-07-09 12:36:36.876,dev-108,temperature,519.73,%,GOOD
877,2026-07-09 13:37:37.877,dev-109,humidity,27.64,kPa,GOOD
878,2026-07-09 14:38:38.878,dev-110,pressure,28.86,A,UNCERTAIN
879,2026-07-09 15:39:39.879,dev-111,temperature,534.42,C,GOOD
880,2026-07-09 16:40:40.880,dev-112,current,638.28,C,GOOD
881,2026-07-09 17:41:41.881,dev-113,temperature,321.02,V,UNCERTAIN
882,2026-07-09 18:42:42.882,dev-114,temperature,858.97,%,UNCERTAIN
883,2026-07-09 19:43:43.883,dev-115,voltage,186.09,%,UNCERTAIN
884,2026-07-09 20:44:44.884,dev-116,current,921.05,kPa,GOOD
885,2026-07-09 21:45:45.885,dev-117,voltage,459.94,A,GOOD
886,2026-07-09 22:46:46.886,dev-118,current,844.95,%,UNCERTAIN
887,2026-07-09 23:47:47.887,dev-119,voltage,461.59,kPa,UNCERTAIN
888,2026-07-10 00:48:48.888,dev-120,voltage,369.40,V,GOOD
889,2026-07-10 01:49:49.889,dev-121,humidity,271.58,kPa,GOOD
890,2026-07-10 02:50:50.890,dev-122,pressure,213.03,V,GOOD
891,2026-07-10 03:51:51.891,dev-123,humidity,968.86,A,GOOD
892,2026-07-10 04:52:52.892,dev-124,humidity,981.39,kPa,GOOD
893,2026-07-10 05:53:53.893,dev-125,temperature,90.96,%,GOOD
894,2026-07-10 06:54:54.894,dev-126,current,241.81,%,UNCERTAIN
895,2026-07-10 07:55:55.895,dev-127,voltage,743.48,kPa,GOOD
896,2026-07-10 08:56:56.896,dev-000,temperature,912.48,kPa,UNCERTAIN
897,2026-07-10 09:57:57.897,dev-001,current,284.89,V,UNCERTAIN
898,2026-07-10 10:58:58.898,dev-002,humidity,931.31,V,UNCERTAIN
899,2026-07-10 11:59:59.899,dev-003,current,924.43,A,GOOD
900,2026-07-10 12:00:00.900,dev-004,temperature,456.49,V,UNCERTAIN
901,2026-07-10 13:01:01.901,dev-005,humidity,663.11,kPa,GOOD
902,2026-07-10 14:02:02.902,dev-006,temperature,903.98,%,GOOD
903,2026-07-10 15:03:03.903,dev-007,voltage,916.91,kPa,GOOD
904,2026-07-10 16:04:04.904,dev-008,current,593.86,kPa,GOOD
905,2026-07-10 17:05:05.905,dev-009,humidity,408.90,C,GOOD
906,2026-07-10 18:06:06.906,dev-010,pressure,18.39,V,GOOD
907,2026-07-10 19:07:07.907,dev-011,pressure,615.57,C,GOOD
908,2026-07-10 20:08:08.908,dev-012,current,941.38,kPa,UNCERTAIN
909,2026-07-10 21:09:09.909,dev-013,pressure,434.63,A,GOOD
910,2026-07-10 22:10:10.910,dev-014,temperature,1.55,kPa,GOOD
911,2026-07-10 23:11:11.911,dev-015,pressure,63.71,A,GOOD
912,2026-07-11 00:12:12.912,dev-016,temperature,426.56,kPa,GOOD
913,2026-07-11 01:13:13.913,dev-017,humidity,421.83,C,GOOD
914,2026-07-11 02:14:14.914,dev-018,pressure,36.65,V,GOOD
915,2026-07-11 03:15:15.915,dev-019,humidity,122.95,V,GOOD
916,2026-07-11 04:16:16.916,dev-020,humidity,78.18,V,GOOD
917,2026-07-11 05:17:17.917,dev-021,current,523.08,C,GOOD
918,2026-07-11 06:18:18.918,dev-022,temperature,320.85,C,GOOD
919,2026-07-11 07:19:19.919,dev-023,pressure,210.08,%,GOOD
920,2026-07-11 08:20:20.920,dev-024,pressure,692.59,%,GOOD
921,2026-07-11 09:21:21.921,dev-025,humidity,505.95,A,GOOD
922,2026-07-11 10:22:22.922,dev-026,temperature,155.78,C,GOOD
923,2026-07-11 11:23:23.923,dev-027,humidity,657.55,C,GOOD
924,2026-07-11 12:24:24.924,dev-028,pressure,42.36,%,GOOD
925,2026-07-11 13:25:25.925,dev-029,current,128.75,kPa,GOOD
926,2026-07-11 14:26:26.926,dev-030,voltage,668.20,V,UNCERTAIN
927,2026-07-11 15:27:27.927,dev-031,voltage,909.46,%,GOOD
928,2026-07-11 16:28:28.928,dev-032,voltage,252.21,%,GOOD
929,2026-07-11 17:29:29.929,dev-033,pressure,434.31,C,GOOD
930,2026-07-11 18:30:30.930,dev-034,temperature,882.13,V,GOOD
931,2026-07-11 19:31:31.931,dev-035,voltage,998.70,kPa,GOOD
932,2026-07-11 20:32:32.932,dev-036,temperature,860.58,kPa,GOOD
933,2026-07-11 21:33:33.933,dev-037,current,665.66,%,GOOD
934,2026-07-11 22:34:34.934,dev-038,temperature,425.41,C,GOOD
935,2026-07-11 23:35:35.935,dev-039,current,864.56,V,UNCERTAIN
936,2026-07-12 00:36:36.936,dev-040,voltage,541.80,A,GOOD
937,2026-07-12 01:37:37.937,dev-041,voltage,587.34,kPa,GOOD
938,2026-07-12 02:38:38.938,dev-042,current,37.67,%,UNCERTAIN
939,2026-07-12 03:39:39.939,dev-043,pressure,180.47,A,GOOD
940,2026-07-12 04:40:40.940,dev-044,humidity,894.51,kPa,GOOD
941,2026-07-12 05:41:41.941,dev-045,current,428.98,C,UNCERTAIN
942,2026-07-12 06:42:42.942,dev-046,pressure,336.53,A,GOOD
943,2026-07-12 07:43:43.943,dev-047,humidity,487.15,kPa,GOOD
944,2026-07-12 08:44:44.944,dev-048,voltage,232.15,kPa,GOOD
945,2026-07-12 09:45:45.945,dev-049,humidity,502.24,kPa,GOOD
946,2026-07-12 10:46:46.946,dev-050,voltage,998.44,C,GOOD
947,2026-07-12 11:47:47.947,dev-051,voltage,121.98,C,GOOD
948,2026-07-12 12:48:48.948,dev-052,temperature,327.60,C,GOOD
949,2026-07-12 13:49:49.949,dev-053,humidity,376.08,V,GOOD
950,2026-07-12 14:50:50.950,dev-054,temperature,40.52,kPa,UNCERTAIN
951,2026-07-12 15:51:51.951,dev-055,humidity,133.01,V,GOOD
952,2026-07-12 16:52:52.952,dev-056,current,142.08,kPa,GOOD
953,2026-07-12 17:53:53.953,dev-057,pressure,60.83,kPa,GOOD
954,2026-07-12 18:54:54.954,dev-058,pressure,257.34,V,GOOD
955,2026-07-12 19:55:55.955,dev-059,humidity,574.66,%,GOOD
956,2026-07-12 20:56:56.956,dev-060,humidity,277.93,C,UNCERTAIN
957,2026-07-12 21:57:57.957,dev-061,voltage,773.35,V,UNCERTAIN
958,2026-07-12 22:58:58.958,dev-062,current,63.07,%,UNCERTAIN
959,2026-07-12 23:59:59.959,dev-063,humidity,546.98,kPa,UNCERTAIN
960,2026-07-13 00:00:00.960,dev-064,temperature,293.64,V,GOOD
961,2026-07-13 01:01:01.961,dev-065,humidity,554.99,%,UNCERTAIN
962,2026-07-13 02:02:02.962,dev-066,temperature,483.27,%,GOOD
963,2026-07-13 03:03:03.963,dev-067,temperature,758.57,A,GOOD
964,2026-07-13 04:04:04.964,dev-068,current,957.99,%,GOOD
965,2026-07-13 05:05:05.965,dev-069,pressure,644.03,V,GOOD
966,2026-07-13 06:06:06.966,dev-070,humidity,9.76,V,GOOD
967,2026-07-13 07:07:07.967,dev-071,voltage,275.81,%,UNCERTAIN
968,2026-07-13 08:08:08.968,dev-072,voltage,609.49,V,UNCERTAIN
969,2026-07-13 09:09:09.969,dev-073,humidity,408.28,C,UNCERTAIN
970,2026-07-13 10:10:10.970,dev-074,pressure,530.16,V,GOOD
971,2026-07-13 11:11:11.971,dev-075,pressure,532.38,kPa,GOOD
972,2026-07-13 12:12:12.972,dev-076,voltage,118.75,C,UNCERTAIN
973,2026-07-13 13:13:13.973,dev-077,voltage,574.86,A,GOOD
974,2026-07-13 14:14:14.974,dev-078,current,228.05,kPa,UNCERTAIN
975,2026-07-13 15:15:15.975,dev-079,humidity,898.49,kPa,GOOD
976,2026-07-13 16:16:16.976,dev-080,pressure,21.48,A,GOOD
977,2026-07-13 17:17:17.977,dev-081,humidity,660.90,kPa,GOOD
978,2026-07-13 18:18:18.978,dev-082,humidity,909.37,V,GOOD
979,2026-07-13 19:19:19.979,dev-083,temperature,188.12,%,GOOD
980,2026-07-13 20:20:20.980,dev-084,temperature,139.31,A,UNCERTAIN
981,2026-07-13 21:21:21.981,dev-085,voltage,832.44,V,UNCERTAIN
982,2026-07-13 22:22:22.982,dev-086,voltage,646.94,kPa,GOOD
983,2026-07-13 23:23:23.983,dev-087,pressure,591.67,%,GOOD
984,2026-07-14 00:24:24.984,dev-088,humidity,329.79,kPa,GOOD
985,2026-07-14 01:25:25.985,dev-089,humidity,613.27,%,GOOD
986,2026-07-14 02:26:26.986,dev-090,pressure,888.19,C,GOOD
987,2026-07-14 03:27:27.987,dev-091,humidity,893.24,kPa,GOOD
988,2026-07-14 04:28:28.988,dev-092,current,75.03,%,GOOD
989,2026-07-14 05:29:29.989,dev-093,voltage,426.22,%,GOOD
990,2026-07-14 06:30:30.990,dev-094,temperature,364.49,A,GOOD
991,2026-07-14 07:31:31.991,dev-095,humidity,896.10,%,GOOD
992,2026-07-14 08:32:32.992,dev-096,voltage,397.79,%,GOOD
993,2026-07-14 09:33:33.993,dev-097,voltage,967.91,kPa,UNCERTAIN
994,2026-07-14 10:34:34.994,dev-098,pressure,530.46,kPa,GOOD
995,2026-07-14 11:35:35.995,dev-099,current,624.75,%,UNCERTAIN
996,2026-07-14 12:36:36.996,dev-100,temperature,216.26,A,GOOD
997,2026-07-14 13:37:37.997,dev-101,temperature,479.97,%,GOOD
998,2026-07-14 14:38:38.998,dev-102,pressure,938.12,A,GOOD
999,2026-07-14 15:39:39.999,dev-103,temperature,366.61,V,GOOD
1000,2026-07-14 16:40:40.000,dev-104,pressure,965.51,kPa,GOOD
1001,2026-07-14 17:41:41.001,dev-105,pressure,571.91,V,GOOD
1002,2026-07-14 18:42:42.002,dev-106,humidity,65.48,%,UNCERTAIN
1003,2026-07-14 19:43:43.003,dev-107,voltage,679.92,A,GOOD
1004,2026-07-14 20:44:44.004,dev-108,temperature,287.36,kPa,GOOD
1005,2026-07-14 21:45:45.005,dev-109,pressure,338.76,kPa,GOOD
1006,2026-07-14 22:46:46.006,dev-110,voltage,200.53,C,GOOD
1007,2026-07-14 23:47:47.007,dev-111,current,513.19,kPa,GOOD
1008,2026-07-15 00:48:48.008,dev-112,voltage,840.58,C,GOOD
1009,2026-07-15 01:49:49.009,dev-113,pressure,586.58,%,GOOD
1010,2026-07-15 02:50:50.010,dev-114,pressure,822.95,V,GOOD
1011,2026-07-15 03:51:51.011,dev-115,temperature,313.23,A,GOOD
1012,2026-07-15 04:52:52.012,dev-116,pressure,200.95,V,UNCERTAIN
1013,2026-07-15 05:53:53.013,dev-117,voltage,721.37,V,GOOD
1014,2026-07-15 06:54:54.014,dev-118,temperature,145.17,V,GOOD
1015,2026-07-15 07:55:55.015,dev-119,voltage,150.84,%,GOOD
1016,2026-07-15 08:56:56.016,dev-120,temperature,220.16,V,GOOD
1017,2026-07-15 09:57:57.017,dev-121,pressure,319.04,C,GOOD
1018,2026-07-15 10:58:58.018,dev-122,pressure,227.07,C,GOOD
1019,2026-07-15 11:59:59.019,dev-123,current,487.57,%,UNCERTAIN
1020,2026-07-15 12:00:00.020,dev-124,current,648.83,A,UNCERTAIN
1021,2026-07-15 13:01:01.021,dev-125,voltage,304.49,kPa,GOOD
1022,2026-07-15 14:02:02.022,dev-126,temperature,436.45,kPa,UNCERTAIN
1023,2026-07-15 15:03:03.023,dev-127,voltage,267.96,V,GOOD
1024,2026-07-15 16:04:04.024,dev-000,humidity,745.95,C,GOOD
1025,2026-07-15 17:05:05.025,dev-001,humidity,169.30,%,GOOD
1026,2026-07-15 18:06:06.026,dev-002,temperature,544.82,kPa,GOOD
1027,2026-07-15 19:07:07.027,dev-003,voltage,113.70,C,GOOD
1028,2026-07-15 20:08:08.028,dev-004,temperature,257.00,kPa,GOOD
1029,2026-07-15 21:09:09.029,dev-005,humidity,298.36,A,GOOD
1030,2026-07-15 22:10:10.030,dev-006,pressure,784.50,C,UNCERTAIN
1031,2026-07-15 23:11:11.031,dev-007,current,905.60,%,GOOD
1032,2026-07-16 00:12:12.032,dev-008,voltage,801.31,A,UNCERTAIN
1033,2026-07-16 01:13:13.033,dev-009,temperature,311.32,kPa,GOOD
1034,2026-07-16 02:14:14.034,dev-010,current,893.88,%,GOOD
1035,2026-07-16 03:15:15.035,dev-011,pressure,547.19,C,GOOD
1036,2026-07-16 04:16:16.036,dev-012,temperature,467.69,kPa,GOOD
1037,2026-07-16 05:17:17.037,dev-013,voltage,292.91,kPa,GOOD
1038,2026-07-16 06:18:18.038,dev-014,pressure,846.76,C,GOOD
1039,2026-07-16 07:19:19.039,dev-015,humidity,987.82,kPa,GOOD
1040,2026-07-16 08:20:20.040,dev-016,voltage,648.35,kPa,GOOD
1041,2026-07-16 09:21:21.041,dev-017,humidity,472.61,kPa,GOOD
1042,2026-07-16 10:22:22.042,dev-018,voltage,151.42,C,UNCERTAIN
1043,2026-07-16 11:23:23.043,dev-019,humidity,404.98,C,GOOD
1044,2026-07-16 12:24:24.044,dev-020,voltage,456.35,C,GOOD
1045,2026-07-16 13:25:25.045,dev-021,temperature,798.01,kPa,GOOD
1046,2026-07-16 14:26:26.046,dev-022,humidity,228.13,A,GOOD
1047,2026-07-16 15:27:27.047,dev-023,current,371.32,V,GOOD
1048,2026-07-16 16:28:28.048,dev-024,current,265.02,kPa,GOOD
1049,2026-07-16 17:29:29.049,dev-025,voltage,24.58,C,GOOD
1050,2026-07-16 18:30:30.050,dev-026,humidity,981.12,A,GOOD
1051,2026-07-16 19:31:31.051,dev-027,humidity,91.42,C,GOOD
1052,2026-07-16 20:32:32.052,dev-028,temperature,317.22,%,GOOD
1053,2026-07-16 21:33:33.053,dev-029,pressure,547.44,%,GOOD
1054,2026-07-16 22:34:34.054,dev-030,pressure,135.88,A,GOOD
1055,2026-07-16 23:35:35.055,dev-031,humidity,629.08,%,GOOD
1056,2026-07-17 00:36:36.056,dev-032,pressure,270.37,%,GOOD
1057,2026-07-17 01:37:37.057,dev-033,temperature,636.55,kPa,GOOD
1058,2026-07-17 02:38:38.058,dev-034,pressure,424.44,V,UNCERTAIN
1059,2026-07-17 03:39:39.059,dev-035,temperature,987.63,V,GOOD
1060,2026-07-17 04:40:40.060,dev-036,humidity,21.01,kPa,GOOD
1061,2026-07-17 05:41:41.061,dev-037,voltage,776.52,%,GOOD
1062,2026-07-17 06:42:42.062,dev-038,current,553.87,A,UNCERTAIN
1063,2026-07-17 07:43:43.063,dev-039,humidity,82.84,kPa,GOOD
1064,2026-07-17 08:44:44.064,dev-040,pressure,360.64,A,GOOD
1065,2026-07-17 09:45:45.065,dev-041,voltage,224.42,kPa,GOOD
1066,2026-07-17 10:46:46.066,dev-042,humidity,230.32,%,GOOD
1067,2026-07-17 11:47:47.067,dev-043,humidity,227.78,kPa,GOOD
1068,2026-07-17 12:48:48.068,dev-044,current,696.04,A,GOOD
1069,2026-07-17 13:49:49.069,dev-045,current,643.95,A,UNCERTAIN
1070,2026-07-17 14:50:50.070,dev-046,temperature,434.15,kPa,GOOD
1071,2026-07-17 15:51:51.071,dev-047,current,59.12,%,GOOD
1072,2026-07-17 16:52:52.072,dev-048,voltage,934.11,V,GOOD
1073,2026-07-17 17:53:53.073,dev-049,humidity,618.89,C,GOOD
1074,2026-07-17 18:54:54.074,dev-050,temperature,871.24,V,GOOD
1075,2026-07-17 19:55:55.075,dev-051,voltage,206.69,V,GOOD
1076,2026-07-17 20:56:56.076,dev-052,voltage,630.29,C,UNCERTAIN
1077,2026-07-17 21:57:57.077,dev-053,pressure,780.51,V,GOOD
1078,2026-07-17 22:58:58.078,dev-054,voltage,939.92,V,GOOD
1079,2026-07-17 23:59:59.079,dev-055,humidity,910.12,kPa,UNCERTAIN
1080,2026-07-18 00:00:00.080,dev-056,temperature,339.23,kPa,UNCERTAIN
1081,2026-07-18 01:01:01.081,dev-057,voltage,671.47,V,GOOD
1082,2026-07-18 02:02:02.082,dev-058,humidity,266.17,C,GOOD
1083,2026-07-18 03:03:03.083,dev-059,voltage,471.14,V,GOOD
1084,2026-07-18 04:04:04.084,dev-060,current,370.76,kPa,UNCERTAIN
1085,2026-07-18 05:05:05.085,dev-061,voltage,385.51,C,UNCERTAIN
1086,2026-07-18 06:06:06.086,dev-062,temperature,839.80,C,UNCERTAIN
1087,2026-07-18 07:07:07.087,dev-063,humidity,289.00,C,UNCERTAIN
1088,2026-07-18 08:08:08.088,dev-064,current,66.96,V,UNCERTAIN
1089,2026-07-18 09:09:09.089,dev-065,humidity,828.75,kPa,UNCERTAIN
1090,2026-07-18 10:10:10.090,dev-066,pressure,528.98,kPa,GOOD
1091,2026-07-18 11:11:11.091,dev-067,pressure,877.75,kPa,UNCERTAIN
1092,2026-07-18 12:12:12.092,dev-068,humidity,500.97,A,GOOD
1093,2026-07-18 13:13:13.093,dev-069,humidity,938.35,V,UNCERTAIN
1094,2026-07-18 14:14:14.094,dev-070,temperature,323.60,kPa,UNCERTAIN
1095,2026-07-18 15:15:15.095,dev-071,pressure,13.32,V,UNCERTAIN
1096,2026-07-18 16:16:16.096,dev-072,temperature,774.52,kPa,UNCERTAIN
1097,2026-07-18 17:17:17.097,dev-073,temperature,716.61,C,GOOD
1098,2026-07-18 18:18:18.098,dev-074,humidity,669.14,V,GOOD
1099,2026-07-18 19:19:19.099,dev-075,pressure,316.08,A,GOOD
1100,2026-07-18 20:20:20.100,dev-076,humidity,357.06,C,GOOD
1101,2026-07-18 21:21:21.101,dev-077,pressure,773.00,V,GOOD
1102,2026-07-18 22:22:22.102,dev-078,pressure,255.66,kPa,GOOD
1103,2026-07-18 23:23:23.103,dev-079,pressure,46.17,kPa,GOOD
1104,2026-07-19 00:24:24.104,dev-080,pressure,106.55,A,GOOD
1105,2026-07-19 01:25:25.105,dev-081,humidity,706.65,%,GOOD
1106,2026-07-19 02:26:26.106,dev-082,voltage,987.51,C,UNCERTAIN
1107,2026-07-19 03:27:27.107,dev-083,voltage,852.07,A,GOOD
1108,2026-07-19 04:28:28.108,dev-084,temperature,160.86,V,GOOD
1109,2026-07-19 05:29:29.109,dev-085,voltage,948.51,kPa,GOOD
1110,2026-07-19 06:30:30.110,dev-086,current,892.02,C,GOOD
1111,2026-07-19 07:31:31.111,dev-087,temperature,523.83,%,UNCERTAIN
1112,2026-07-19 08:32:32.112,dev-088,voltage,368.72,kPa,GOOD
1113,2026-07-19 09:33:33.113,dev-089,current,868.26,A,GOOD
1114,2026-07-19 10:34:34.114,dev-090,voltage,155.07,kPa,UNCERTAIN
1115,2026-07-19 11:35:35.115,dev-091,temperature,238.13,A,GOOD
1116,2026-07-19 12:36:36.116,dev-092,temperature,213.18,C,GOOD
1117,2026-07-19 13:37:37.117,dev-093,current,628.50,V,GOOD
1118,2026-07-19 14:38:38.118,dev-094,voltage,477.64,C,UNCERTAIN
1119,2026-07-19 15:39:39.119,dev-095,humidity,403.39,%,UNCERTAIN
1120,2026-07-19 16:40:40.120,dev-096,humidity,100.18,A,GOOD
1121,2026-07-19 17:41:41.121,dev-097,voltage,55.27,V,UNCERTAIN
1122,2026-07-19 18:42:42.122,dev-098,pressure,533.94,%,UNCERTAIN
1123,2026-07-19 19:43:43.123,dev-099,current,298.22,C,GOOD
1124,2026-07-19 20:44:44.124,dev-100,current,670.54,V,GOOD
1125,2026-07-19 21:45:45.125,dev-101,pressure,560.65,A,UNCERTAIN
1126,2026-07-19 22:46:46.126,dev-102,pressure,319.63,kPa,GOOD
1127,2026-07-19 23:47:47.127,dev-103,pressure,303.82,A,GOOD
1128,2026-07-20 00:48:48.128,dev-104,humidity,117.31,C,GOOD
1129,2026-07-20 01:49:49.129,dev-105,voltage,438.73,kPa,GOOD
1130,2026-07-20 02:50:50.130,dev-106,humidity,600.04,A,GOOD
1131,2026-07-20 03:51:51.131,dev-107,temperature,42.65,kPa,GOOD
1132,2026-07-20 04:52:52.132,dev-108,current,660.41,%,GOOD
1133,2026-07-20 05:53:53.133,dev-109,current,610.99,%,GOOD
1134,2026-07-20 06:54:54.134,dev-110,humidity,13.43,V,GOOD
1135,2026-07-20 07:55:55.135,dev-111,voltage,982.07,kPa,GOOD
1136,2026-07-20 08:56:56.136,dev-112,temperature,119.61,V,UNCERTAIN
1137,2026-07-20 09:57:57.137,dev-113,voltage,110.34,C,GOOD
1138,2026-07-20 10:58:58.138,dev-114,temperature,342.08,C,GOOD
1139,2026-07-20 11:59:59.139,dev-115,voltage,798.98,%,GOOD
1140,2026-07-20 12:00:00.140,dev-116,pressure,509.09,V,UNCERTAIN
1141,2026-07-20 13:01:01.141,dev-117,current,356.25,%,GOOD
1142,2026-07-20 14:02:02.142,dev-118,pressure,922.83,A,GOOD
1143,2026-07-20 15:03:03.143,dev-119,humidity,592.49,A,GOOD
1144,2026-07-20 16:04:04.144,dev-120,pressure,885.88,kPa,UNCERTAIN
1145,2026-07-20 17:05:05.145,dev-121,temperature,863.99,V,UNCERTAIN
1146,2026-07-20 18:06:06.146,dev-122,pressure,521.52,A,GOOD
1147,2026-07-20 19:07:07.147,dev-123,pressure,161.28,V,GOOD
1148,2026-07-20 20:08:08.148,dev-124,pressure,785.53,C,GOOD
1149,2026-07-20 21:09:09.149,dev-125,pressure,614.69,kPa,GOOD
1150,2026-07-20 22:10:10.150,dev-126,temperature,249.70,C,GOOD
1151,2026-07-20 23:11:11.151,dev-127,current,850.15,kPa,UNCERTAIN
1152,2026-07-21 00:12:12.152,dev-000,humidity,634.10,%,GOOD
1153,2026-07-21 01:13:13.153,dev-001,current,837.78,kPa,UNCERTAIN
1154,2026-07-21 02:14:14.154,dev-002,voltage,909.53,%,UNCERTAIN
1155,2026-07-21 03:15:15.155,dev-003,humidity,316.50,%,GOOD
1156,2026-07-21 04:16:16.156,dev-004,pressure,622.43,kPa,GOOD
1157,2026-07-21 05:17:17.157,dev-005,temperature,167.66,C,UNCERTAIN
1158,2026-07-21 06:18:18.158,dev-006,humidity,163.70,C,GOOD
1159,2026-07-21 07:19:19.159,dev-007,current,159.56,A,GOOD
1160,2026-07-21 08:20:20.160,dev-008,temperature,588.69,A,GOOD
1161,2026-07-21 09:21:21.161,dev-009,humidity,75.68,V,GOOD
1162,2026-07-21 10:22:22.162,dev-010,voltage,905.96,%,GOOD
1163,2026-07-21 11:23:23.163,dev-011,temperature,512.59,A,GOOD
1164,2026-07-21 12:24:24.164,dev-012,current,541.74,A,GOOD
1165,2026-07-21 13:25:25.165,dev-013,pressure,869.00,%,GOOD
1166,2026-07-21 14:26:26.166,dev-014,pressure,908.77,V,GOOD
1167,2026-07-21 15:27:27.167,dev-015,current,723.99,kPa,GOOD
1168,2026-07-21 16:28:28.168,dev-016,voltage,770.52,kPa,GOOD
1169,2026-07-21 17:29:29.169,dev-017,voltage,263.87,%,UNCERTAIN
1170,2026-07-21 18:30:30.170,dev-018,temperature,684.54,C,GOOD
1171,2026-07-21 19:31:31.171,dev-019,temperature,988.63,V,UNCERTAIN
1172,2026-07-21 20:32:32.172,dev-020,voltage,26.95,%,GOOD
1173,2026-07-21 21:33:33.173,dev-021,humidity,833.05,C,GOOD
1174,2026-07-21 22:34:34.174,dev-022,humidity,657.97,V,GOOD
1175,2026-07-21 23:35:35.175,dev-023,pressure,352.40,C,UNCERTAIN
1176,2026-07-22 00:36:36.176,dev-024,temperature,303.12,V,GOOD
1177,2026-07-22 01:37:37.177,dev-025,voltage,784.45,%,UNCERTAIN
1178,2026-07-22 02:38:38.178,dev-026,voltage,335.84,V,GOOD
1179,2026-07-22 03:39:39.179,dev-027,current,931.25,kPa,GOOD
1180,2026-07-22 04:40:40.180,dev-028,voltage,188.88,kPa,GOOD
1181,2026-07-22 05:41:41.181,dev-029,pressure,672.52,A,GOOD
1182,2026-07-22 06:42:42.182,dev-030,voltage,172.85,C,UNCERTAIN
1183,2026-07-22 07:43:43.183,dev-031,temperature,922.25,kPa,GOOD
1184,2026-07-22 08:44:44.184,dev-032,humidity,630.87,C,GOOD
1185,2026-07-22 09:45:45.185,dev-033,current,201.65,kPa,GOOD
1186,2026-07-22 10:46:46.186,dev-034,humidity,815.37,A,UNCERTAIN
1187,2026-07-22 11:47:47.187,dev-035,pressure,901.30,V,GOOD
1188,2026-07-22 12:48:48.188,dev-036,voltage,606.10,C,GOOD
1189,2026-07-22 13:49:49.189,dev-037,voltage,962.86,kPa,UNCERTAIN
1190,2026-07-22 14:50:50.190,dev-038,pressure,725.76,A,GOOD
1191,2026-07-22 15:51:51.191,dev-039,pressure,408.90,V,GOOD
1192,2026-07-22 16:52:52.192,dev-040,voltage,942.43,C,GOOD
1193,2026-07-22 17:53:53.193,dev-041,current,608.94,kPa,GOOD
1194,2026-07-22 18:54:54.194,dev-042,temperature,662.64,%,UNCERTAIN
1195,2026-07-22 19:55:55.195,dev-043,temperature,135.91,A,GOOD
1196,2026-07-22 20:56:56.196,dev-044,humidity,288.97,%,GOOD
1197,2026-07-22 21:57:57.197,dev-045,humidity,850.95,C,GOOD
1198,2026-07-22 22:58:58.198,dev-046,pressure,49.62,A,GOOD
1199,2026-07-22 23:59:59.199,dev-047,temperature,107.79,V,GOOD
1200,2026-07-23 00:00:00.200,dev-048,temperature,797.24,V,UNCERTAIN
1201,2026-07-23 01:01:01.201,dev-049,temperature,604.49,V,GOOD
1202,2026-07-23 02:02:02.202,dev-050,current,214.67,V,GOOD
1203,2026-07-23 03:03:03.203,dev-051,humidity,984.23,%,UNCERTAIN
1204,2026-07-23 04:04:04.204,dev-052,humidity,163.31,kPa,GOOD
1205,2026-07-23 05:05:05.205,dev-053,current,26.71,C,GOOD
1206,2026-07-23 06:06:06.206,dev-054,current,377.36,C,GOOD
1207,2026-07-23 07:07:07.207,dev-055,pressure,131.34,V,UNCERTAIN
1208,2026-07-23 08:08:08.208,dev-056,temperature,287.17,%,GOOD
1209,2026-07-23 09:09:09.209,dev-057,humidity,799.89,%,GOOD
1210,2026-07-23 10:10:10.210,dev-058,humidity,563.34,kPa,GOOD
1211,2026-07-23 11:11:11.211,dev-059,pressure,839.45,%,GOOD
1212,2026-07-23 12:12:12.212,dev-060,pressure,874.87,V,GOOD
1213,2026-07-23 13:13:13.213,dev-061,humidity,53.13,%,GOOD
1214,2026-07-23 14:14:14.214,dev-062,temperature,808.90,C,UNCERTAIN
1215,2026-07-23 15:15:15.215,dev-063,current,261.26,V,GOOD
1216,2026-07-23 16:16:16.216,dev-064,voltage,309.62,%,UNCERTAIN
1217,2026-07-23 17:17:17.217,dev-065,voltage,361.74,kPa,UNCERTAIN
1218,2026-07-23 18:18:18.218,dev-066,humidity,942.68,kPa,GOOD
1219,2026-07-23 19:19:19.219,dev-067,pressure,395.51,C,GOOD
1220,2026-07-23 20:20:20.220,dev-068,voltage,304.33,kPa,GOOD
1221,2026-07-23 21:21:21.221,dev-069,voltage,164.47,C,UNCERTAIN
1222,2026-07-23 22:22:22.222,dev-070,voltage,41.80,A,GOOD
1223,2026-07-23 23:23:23.223,dev-071,voltage,516.10,C,GOOD
1224,2026-07-24 00:24:24.224,dev-072,humidity,669.87,%,UNCERTAIN
1225,2026-07-24 01:25:25.225,dev-073,humidity,902.39,%,GOOD
1226,2026-07-24 02:26:26.226,dev-074,pressure,423.04,V,GOOD
1227,2026-07-24 03:27:27.227,dev-075,humidity,411.95,C,GOOD
1228,2026-07-24 04:28:28.228,dev-076,current,438.95,kPa,UNCERTAIN
1229,2026-07-24 05:29:29.229,dev-077,humidity,847.56,kPa,GOOD
1230,2026-07-24 06:30:30.230,dev-078,humidity,234.39,kPa,GOOD
1231,2026-07-24 07:31:31.231,dev-079,humidity,244.57,kPa,GOOD
1232,2026-07-24 08:32:32.232,dev-080,pressure,967.94,C,GOOD
1233,2026-07-24 09:33:33.233,dev-081,current,960.76,C,GOOD
1234,2026-07-24 10:34:34.234,dev-082,pressure,382.36,%,UNCERTAIN
1235,2026-07-24 11:35:35.235,dev-083,temperature,509.89,C,UNCERTAIN
1236,2026-07-24 12:36:36.236,dev-084,voltage,484.56,%,UNCERTAIN
1237,2026-07-24 13:37:37.237,dev-085,voltage,808.18,kPa,GOOD
1238,2026-07-24 14:38:38.238,dev-086,current,11.47,C,GOOD
1239,2026-07-24 15:39:39.239,dev-087,voltage,743.76,kPa,GOOD
1240,2026-07-24 16:40:40.240,dev-088,humidity,26.05,A,GOOD
1241,2026-07-24 17:41:41.241,dev-089,temperature,527.70,A,GOOD
1242,2026-07-24 18:42:42.242,dev-090,humidity,57.83,V,GOOD
1243,2026-07-24 19:43:43.243,dev-091,humidity,760.28,V,GOOD
1244,2026-07-24 20:44:44.244,dev-092,pressure,648.04,C,GOOD
1245,2026-07-24 21:45:45.245,dev-093,humidity,450.06,V,GOOD
1246,2026-07-24 22:46:46.246,dev-094,temperature,974.65,C,GOOD
1247,2026-07-24 23:47:47.247,dev-095,pressure,427.08,%,GOOD
1248,2026-07-25 00:48:48.248,dev-096,pressure,422.21,V,GOOD
1249,2026-07-25 01:49:49.249,dev-097,pressure,347.82,C,GOOD
1250,2026-07-25 02:50:50.250,dev-098,voltage,930.16,A,GOOD
1251,2026-07-25 03:51:51.251,dev-099,humidity,421.28,C,GOOD
1252,2026-07-25 04:52:52.252,dev-100,pressure,959.57,%,GOOD
1253,2026-07-25 05:53:53.253,dev-101,pressure,466.77,%,GOOD
1254,2026-07-25 06:54:54.254,dev-102,temperature,822.85,V,GOOD
1255,2026-07-25 07:55:55.255,dev-103,pressure,473.59,V,GOOD
1256,2026-07-25 08:56:56.256,dev-104,pressure,0.42,%,GOOD
1257,2026-07-25 09:57:57.257,dev-105,temperature,681.37,%,GOOD
1258,2026-07-25 10:58:58.258,dev-106,voltage,246.93,kPa,GOOD
1259,2026-07-25 11:59:59.259,dev-107,voltage,865.71,V,GOOD
1260,2026-07-25 12:00:00.260,dev-108,temperature,565.82,C,UNCERTAIN
1261,2026-07-25 13:01:01.261,dev-109,current,101.82,A,GOOD
1262,2026-07-25 14:02:02.262,dev-110,temperature,258.92,A,UNCERTAIN
1263,2026-07-25 15:03:03.263,dev-111,current,898.63,kPa,GOOD
1264,2026-07-25 16:04:04.264,dev-112,temperature,352.96,V,GOOD
1265,2026-07-25 17:05:05.265,dev-113,voltage,859.04,%,GOOD
1266,2026-07-25 18:06:06.266,dev-114,humidity,926.57,A,GOOD
1267,2026-07-25 19:07:07.267,dev-115,temperature,479.36,%,GOOD
1268,2026-07-25 20:08:08.268,dev-116,current,397.73,V,GOOD
1269,2026-07-25 21:09:09.269,dev-117,pressure,702.73,%,GOOD
1270,2026-07-25 22:10:10.270,dev-118,humidity,713.17,%,UNCERTAIN
1271,2026-07-25 23:11:11.271,dev-119,temperature,190.01,C,GOOD
1272,2026-07-26 00:12:12.272,dev-120,humidity,207.17,A,GOOD
1273,2026-07-26 01:13:13.273,dev-121,temperature,829.20,C,UNCERTAIN
1274,2026-07-26 02:14:14.274,dev-122,voltage,241.36,V,GOOD
1275,2026-07-26 03:15:15.275,dev-123,temperature,271.28,A,GOOD
1276,2026-07-26 04:16:16.276,dev-124,pressure,517.43,%,UNCERTAIN
1277,2026-07-26 05:17:17.277,dev-125,temperature,263.08,kPa,GOOD
1278,2026-07-26 06:18:18.278,dev-126,current,784.35,kPa,UNCERTAIN
1279,2026-07-26 07:19:19.279,dev-127,current,293.68,V,GOOD
1280,2026-07-26 08:20:20.280,dev-000,voltage,225.66,A,GOOD
1281,2026-07-26 09:21:21.281,dev-001,voltage,56.92,V,GOOD
1282,2026-07-26 10:22:22.282,dev-002,voltage,48.30,kPa,UNCERTAIN
1283,2026-07-26 11:23:23.283,dev-003,current,251.77,%,GOOD
1284,2026-07-26 12:24:24.284,dev-004,temperature,655.14,kPa,GOOD
1285,2026-07-26 13:25:25.285,dev-005,humidity,471.62,C,GOOD
1286,2026-07-26 14:26:26.286,dev-006,voltage,155.80,A,GOOD
1287,2026-07-26 15:27:27.287,dev-007,voltage,394.20,kPa,GOOD
1288,2026-07-26 16:28:28.288,dev-008,temperature,679.75,kPa,GOOD
1289,2026-07-26 17:29:29.289,dev-009,pressure,751.45,kPa,GOOD
1290,2026-07-26 18:30:30.290,dev-010,current,745.66,C,GOOD
1291,2026-07-26 19:31:31.291,dev-011,current,463.00,kPa,GOOD
1292,2026-07-26 20:32:32.292,dev-012,temperature,5.78,%,GOOD
1293,2026-07-26 21:33:33.293,dev-013,voltage,965.64,%,GOOD
1294,2026-07-26 22:34:34.294,dev-014,humidity,873.82,%,GOOD
1295,2026-07-26 23:35:35.295,dev-015,current,248.96,C,GOOD
1296,2026-07-27 00:36:36.296,dev-016,current,360.43,%,GOOD
1297,2026-07-27 01:37:37.297,dev-017,current,762.23,%,UNCERTAIN
1298,2026-07-27 02:38:38.298,dev-018,pressure,412.13,A,GOOD
1299,2026-07-27 03:39:39.299,dev-019,voltage,565.95,C,UNCERTAIN
1300,2026-07-27 04:40:40.300,dev-020,current,201.76,kPa,UNCERTAIN
1301,2026-07-27 05:41:41.301,dev-021,pressure,735.28,%,GOOD
1302,2026-07-27 06:42:42.302,dev-022,voltage,504.59,%,GOOD
1303,2026-07-27 07:43:43.303,dev-023,humidity,45.85,A,GOOD
1304,2026-07-27 08:44:44.304,dev-024,current,409.54,%,GOOD
1305,2026-07-27 09:45:45.305,dev-025,humidity,628.96,A,GOOD
1306,2026-07-27 10:46:46.306,dev-026,temperature,206.72,V,UNCERTAIN
1307,2026-07-27 11:47:47.307,dev-027,temperature,230.99,%,GOOD
1308,2026-07-27 12:48:48.308,dev-028,humidity,140.22,A,GOOD
1309,2026-07-27 13:49:49.309,dev-029,pressure,689.10,C,GOOD
1310,2026-07-27 14:50:50.310,dev-030,pressure,96.48,C,GOOD
1311,2026-07-27 15:51:51.311,dev-031,humidity,176.17,%,GOOD
1312,2026-07-27 16:52:52.312,dev-032,pressure,879.37,A,GOOD
1313,2026-07-27 17:53:53.313,dev-033,temperature,295.54,V,GOOD
1314,2026-07-27 18:54:54.314,dev-034,humidity,653.24,A,UNCERTAIN
1315,2026-07-27 19:55:55.315,dev-035,humidity,436.24,kPa,GOOD
1316,2026-07-27 20:56:56.316,dev-036,pressure,445.13,C,GOOD
1317,2026-07-27 21:57:57.317,dev-037,current,976.86,kPa,GOOD
1318,2026-07-27 22:58:58.318,dev-038,voltage,293.96,C,GOOD
1319,2026-07-27 23:59:59.319,dev-039,voltage,266.81,kPa,GOOD
1320,2026-07-28 00:00:00.320,dev-040,pressure,556.58,V,GOOD
1321,2026-07-28 01:01:01.321,dev-041,pressure,725.99,kPa,GOOD
1322,2026-07-28 02:02:02.322,dev-042,current,198.09,C,GOOD
1323,2026-07-28 03:03:03.323,dev-043,temperature,435.10,kPa,GOOD
1324,2026-07-28 04:04:04.324,dev-044,voltage,897.69,V,GOOD
1325,2026-07-28 05:05:05.325,dev-045,voltage,243.64,C,GOOD
1326,2026-07-28 06:06:06.326,dev-046,temperature,703.66,A,GOOD
1327,2026-07-28 07:07:07.327,dev-047,current,278.30,C,UNCERTAIN
1328,2026-07-28 08:08:08.328,dev-048,temperature,500.68,%,GOOD
1329,2026-07-28 09:09:09.329,dev-049,pressure,971.18,A,GOOD
1330,2026-07-28 10:10:10.330,dev-050,humidity,267.06,V,GOOD
1331,2026-07-28 11:11:11.331,dev-051,humidity,165.03,kPa,GOOD
1332,2026-07-28 12:12:12.332,dev-052,humidity,848.08,kPa,GOOD
1333,2026-07-28 13:13:13.333,dev-053,pressure,75.13,V,GOOD
1334,2026-07-28 14:14:14.334,dev-054,pressure,899.35,%,GOOD
1335,2026-07-28 15:15:15.335,dev-055,temperature,699.06,C,GOOD
1336,2026-07-28 16:16:16.336,dev-056,temperature,836.89,kPa,GOOD
1337,2026-07-28 17:17:17.337,dev-057,humidity,652.96,V,GOOD
1338,2026-07-28 18:18:18.338,dev-058,voltage,849.22,V,GOOD
1339,2026-07-28 19:19:19.339,dev-059,current,214.05,C,GOOD
1340,2026-07-28 20:20:20.340,dev-060,current,623.25,kPa,UNCERTAIN
1341,2026-07-28 21:21:21.341,dev-061,temperature,154.67,A,GOOD
1342,2026-07-28 22:22:22.342,dev-062,humidity,450.75,C,UNCERTAIN
1343,2026-07-28 23:23:23.343,dev-063,current,780.27,C,UNCERTAIN
1344,2026-07-01 00:24:24.344,dev-064,voltage,437.02,kPa,GOOD
1345,2026-07-01 01:25:25.345,dev-065,voltage,2.29,kPa,GOOD
1346,2026-07-01 02:26:26.346,dev-066,humidity,182.15,A,UNCERTAIN
1347,2026-07-01 03:27:27.347,dev-067,humidity,903.35,kPa,UNCERTAIN
1348,2026-07-01 04:28:28.348,dev-068,pressure,354.77,C,GOOD
1349,2026-07-01 05:29:29.349,dev-069,current,861.03,kPa,UNCERTAIN
1350,2026-07-01 06:30:30.350,dev-070,voltage,50.13,A,GOOD
1351,2026-07-01 07:31:31.351,dev-071,temperature,587.93,C,GOOD
1352,2026-07-01 08:32:32.352,dev-072,voltage,171.64,A,GOOD
1353,2026-07-01 09:33:33.353,dev-073,voltage,441.45,C,UNCERTAIN
1354,2026-07-01 10:34:34.354,dev-074,humidity,603.00,V,GOOD
1355,2026-07-01 11:35:35.355,dev-075,voltage,247.08,%,GOOD
1356,2026-07-01 12:36:36.356,dev-076,current,56.44,V,GOOD
1357,2026-07-01 13:37:37.357,dev-077,voltage,434.22,A,UNCERTAIN
1358,2026-07-01 14:38:38.358,dev-078,current,704.17,%,UNCERTAIN
1359,2026-07-01 15:39:39.359,dev-079,humidity,248.20,V,GOOD
1360,2026-07-01 16:40:40.360,dev-080,current,884.71,V,GOOD
1361,2026-07-01 17:41:41.361,dev-081,voltage,267.55,C,GOOD
1362,2026-07-01 18:42:42.362,dev-082,pressure,192.84,%,UNCERTAIN
1363,2026-07-01 19:43:43.363,dev-083,voltage,770.79,%,GOOD
1364,2026-07-01 20:44:44.364,dev-084,current,25.99,V,UNCERTAIN
1365,2026-07-01 21:45:45.365,dev-085,current,399.66,A,GOOD
1366,2026-07-01 22:46:46.366,dev-086,current,723.16,kPa,GOOD
1367,2026-07-01 23:47:47.367,dev-087,voltage,727.10,%,GOOD
1368,2026-07-02 00:48:48.368,dev-088,current,208.89,C,GOOD
1369,2026-07-02 01:49:49.369,dev-089,humidity,73.40,A,UNCERTAIN
1370,2026-07-02 02:50:50.370,dev-090,humidity,250.93,kPa,UNCERTAIN
1371,2026-07-02 03:51:51.371,dev-091,humidity,965.84,V,UNCERTAIN
1372,2026-07-02 04:52:52.372,dev-092,humidity,685.41,C,GOOD
1373,2026-07-02 05:53:53.373,dev-093,pressure,471.45,V,GOOD
1374,2026-07-02 06:54:54.374,dev-094,temperature,627.36,A,GOOD
1375,2026-07-02 07:55:55.375,dev-095,current,395.21,A,UNCERTAIN
1376,2026-07-02 08:56:56.376,dev-096,voltage,465.49,C,GOOD
1377,2026-07-02 09:57:57.377,dev-097,temperature,190.50,kPa,GOOD
1378,2026-07-02 10:58:58.378,dev-098,voltage,764.14,V,GOOD
1379,2026-07-02 11:59:59.379,dev-099,humidity,793.65,V,UNCERTAIN
1380,2026-07-02 12:00:00.380,dev-100,voltage,790.66,V,UNCERTAIN
1381,2026-07-02 13:01:01.381,dev-101,temperature,709.83,V,GOOD
1382,2026-07-02 14:02:02.382,dev-102,humidity,51.12,V,GOOD
1383,2026-07-02 15:03:03.383,dev-103,pressure,195.55,kPa,UNCERTAIN
1384,2026-07-02 16:04:04.384,dev-104,humidity,481.96,C,UNCERTAIN
1385,2026-07-02 17:05:05.385,dev-105,humidity,266.59,C,UNCERTAIN
1386,2026-07-02 18:06:06.386,dev-106,temperature,533.19,A,GOOD
1387,2026-07-02 19:07:07.387,dev-107,pressure,394.90,V,GOOD
1388,2026-07-02 20:08:08.388,dev-108,pressure,165.90,kPa,UNCERTAIN
1389,2026-07-02 21:09:09.389,dev-109,pressure,354.77,kPa,GOOD
1390,2026-07-02 22:10:10.390,dev-110,voltage,907.56,%,GOOD
1391,2026-07-02 23:11:11.391,dev-111,temperature,13.65,%,GOOD
1392,2026-07-03 00:12:12.392,dev-112,current,990.32,kPa,GOOD
1393,2026-07-03 01:13:13.393,dev-113,voltage,527.28,%,GOOD
1394,2026-07-03 02:14:14.394,dev-114,pressure,655.52,V,UNCERTAIN
1395,2026-07-03 03:15:15.395,dev-115,voltage,52.43,A,GOOD
1396,2026-07-03 04:16:16.396,dev-116,pressure,647.52,kPa,GOOD
1397,2026-07-03 05:17:17.397,dev-117,pressure,862.79,kPa,GOOD
1398,2026-07-03 06:18:18.398,dev-118,temperature,664.16,A,UNCERTAIN
1399,2026-07-03 07:19:19.399,dev-119,temperature,435.15,V,UNCERTAIN
1400,2026-07-03 08:20:20.400,dev-120,humidity,671.02,%,GOOD
1401,2026-07-03 09:21:21.401,dev-121,temperature,590.19,kPa,GOOD
1402,2026-07-03 10:22:22.402,dev-122,pressure,42.73,kPa,GOOD
1403,2026-07-03 11:23:23.403,dev-123,current,545.01,V,GOOD
1404,2026-07-03 12:24:24.404,dev-124,voltage,347.03,kPa,GOOD
1405,2026-07-03 13:25:25.405,dev-125,current,96.55,A,UNCERTAIN
1406,2026-07-03 14:26:26.406,dev-126,temperature,978.00,A,GOOD
1407,2026-07-03 15:27:27.407,dev-127,pressure,699.05,%,GOOD
1408,2026-07-03 16:28:28.408,dev-000,humidity,227.91,C,GOOD
1409,2026-07-03 17:29:29.409,dev-001,voltage,912.13,V,GOOD
1410,2026-07-03 18:30:30.410,dev-002,humidity,614.19,A,GOOD
1411,2026-07-03 19:31:31.411,dev-003,temperature,991.97,%,GOOD
1412,2026-07-03 20:32:32.412,dev-004,temperature,35.68,C,GOOD
1413,2026-07-03 21:33:33.413,dev-005,pressure,619.60,%,GOOD
1414,2026-07-03 22:34:34.414,dev-006,temperature,15.74,V,GOOD
1415,2026-07-03 23:35:35.415,dev-007,pressure,445.87,%,UNCERTAIN
1416,2026-07-04 00:36:36.416,dev-008,voltage,901.69,C,GOOD
1417,2026-07-04 01:37:37.417,dev-009,current,333.44,A,GOOD
1418,2026-07-04 02:38:38.418,dev-010,current,105.50,kPa,UNCERTAIN
1419,2026-07-04 03:39:39.419,dev-011,pressure,670.49,A,GOOD
1420,2026-07-04 04:40:40.420,dev-012,voltage,677.12,%,GOOD
1421,2026-07-04 05:41:41.421,dev-013,humidity,357.28,V,UNCERTAIN
1422,2026-07-04 06:42:42.422,dev-014,current,732.74,kPa,UNCERTAIN
1423,2026-07-04 07:43:43.423,dev-015,temperature,407.52,%,GOOD
1424,2026-07-04 08:44:44.424,dev-016,temperature,877.31,%,GOOD
1425,2026-07-04 09:45:45.425,dev-017,humidity,481.54,C,GOOD
1426,2026-07-04 10:46:46.426,dev-018,humidity,894.09,A,GOOD
1427,2026-07-04 11:47:47.427,dev-019,pressure,124.41,%,GOOD
1428,2026-07-04 12:48:48.428,dev-020,current,59.68,C,GOOD
1429,2026-07-04 13:49:49.429,dev-021,pressure,144.98,C,GOOD
1430,2026-07-04 14:50:50.430,dev-022,humidity,48.72,C,GOOD
1431,2026-07-04 15:51:51.431,dev-023,temperature,413.39,C,GOOD
1432,2026-07-04 16:52:52.432,dev-024,humidity,119.38,V,GOOD
1433,2026-07-04 17:53:53.433,dev-025,pressure,78.08,A,GOOD
1434,2026-07-04 18:54:54.434,dev-026,pressure,613.65,V,GOOD
1435,2026-07-04 19:55:55.435,dev-027,voltage,607.73,A,GOOD
1436,2026-07-04 20:56:56.436,dev-028,voltage,991.18,%,UNCERTAIN
1437,2026-07-04 21:57:57.437,dev-029,voltage,56.72,A,GOOD
1438,2026-07-04 22:58:58.438,dev-030,voltage,950.88,kPa,GOOD
1439,2026-07-04 23:59:59.439,dev-031,temperature,572.00,A,GOOD
1440,2026-07-05 00:00:00.440,dev-032,current,103.26,%,GOOD
1441,2026-07-05 01:01:01.441,dev-033,voltage,872.17,%,GOOD
1442,2026-07-05 02:02:02.442,dev-034,current,139.26,kPa,GOOD
1443,2026-07-05 03:03:03.443,dev-035,temperature,979.38,kPa,GOOD
1444,2026-07-05 04:04:04.444,dev-036,pressure,430.15,C,UNCERTAIN
1445,2026-07-05 05:05:05.445,dev-037,voltage,169.76,C,UNCERTAIN
1446,2026-07-05 06:06:06.446,dev-038,current,151.47,C,GOOD
1447,2026-07-05 07:07:07.447,dev-039,voltage,376.72,%,GOOD
1448,2026-07-05 08:08:08.448,dev-040,pressure,574.39,kPa,UNCERTAIN
1449,2026-07-05 09:09:09.449,dev-041,pressure,188.19,V,GOOD
1450,2026-07-05 10:10:10.450,dev-042,pressure,627.84,C,UNCERTAIN
1451,2026-07-05 11:11:11.451,dev-043,current,424.94,%,GOOD
1452,2026-07-05 12:12:12.452,dev-044,temperature,563.45,V,GOOD
1453,2026-07-05 13:13:13.453,dev-045,voltage,308.48,C,GOOD
1454,2026-07-05 14:14:14.454,dev-046,current,62.35,%,GOOD
1455,2026-07-05 15:15:15.455,dev-047,humidity,995.97,%,GOOD
1456,2026-07-05 16:16:16.456,dev-048,pressure,680.95,A,GOOD
1457,2026-07-05 17:17:17.457,dev-049,pressure,720.67,%,UNCERTAIN
1458,2026-07-05 18:18:18.458,dev-050,voltage,684.32,%,UNCERTAIN
1459,2026-07-05 19:19:19.459,dev-051,temperature,507.75,C,GOOD
1460,2026-07-05 20:20:20.460,dev-052,current,82.27,%,UNCERTAIN
1461,2026-07-05 21:21:21.461,dev-053,humidity,432.13,kPa,UNCERTAIN
1462,2026-07-05 22:22:22.462,dev-054,current,395.50,%,UNCERTAIN
1463,2026-07-05 23:23:23.463,dev-055,temperature,772.16,A,GOOD
1464,2026-07-06 00:24:24.464,dev-056,current,179.57,%,GOOD
1465,2026-07-06 01:25:25.465,dev-057,voltage,538.24,A,GOOD
1466,2026-07-06 02:26:26.466,dev-058,humidity,527.32,A,GOOD
1467,2026-07-06 03:27:27.467,dev-059,voltage,220.44,C,UNCERTAIN
1468,2026-07-06 04:28:28.468,dev-060,current,126.55,kPa,GOOD
1469,2026-07-06 05:29:29.469,dev-061,humidity,911.79,V,GOOD
1470,2026-07-06 06:30:30.470,dev-062,humidity,981.40,%,GOOD
1471,2026-07-06 07:31:31.471,dev-063,current,741.57,C,GOOD
1472,2026-07-06 08:32:32.472,dev-064,humidity,998.22,C,GOOD
1473,2026-07-06 09:33:33.473,dev-065,current,922.24,V,UNCERTAIN
1474,2026-07-06 10:34:34.474,dev-066,temperature,503.24,C,GOOD
1475,2026-07-06 11:35:35.475,dev-067,voltage,676.19,A,GOOD
1476,2026-07-06 12:36:36.476,dev-068,temperature,932.18,%,GOOD
1477,2026-07-06 13:37:37.477,dev-069,current,340.35,kPa,GOOD
1478,2026-07-06 14:38:38.478,dev-070,humidity,915.87,A,GOOD
1479,2026-07-06 15:39:39.479,dev-071,pressure,902.75,C,GOOD
1480,2026-07-06 16:40:40.480,dev-072,pressure,200.73,V,GOOD
1481,2026-07-06 17:41:41.481,dev-073,voltage,268.51,V,UNCERTAIN
1482,2026-07-06 18:42:42.482,dev-074,current,199.55,C,GOOD
1483,2026-07-06 19:43:43.483,dev-075,humidity,925.07,C,GOOD
1484,2026-07-06 20:44:44.484,dev-076,current,740.05,kPa,UNCERTAIN
1485,2026-07-06 21:45:45.485,dev-077,pressure,810.19,kPa,GOOD
1486,2026-07-06 22:46:46.486,dev-078,current,519.57,C,GOOD
1487,2026-07-06 23:47:47.487,dev-079,temperature,175.27,V,UNCERTAIN
1488,2026-07-07 00:48:48.488,dev-080,humidity,22.20,V,UNCERTAIN
1489,2026-07-07 01:49:49.489,dev-081,humidity,230.54,%,GOOD
1490,2026-07-07 02:50:50.490,dev-082,pressure,385.95,V,UNCERTAIN
1491,2026-07-07 03:51:51.491,dev-083,pressure,778.40,C,GOOD
1492,2026-07-07 04:52:52.492,dev-084,current,346.83,kPa,GOOD
1493,2026-07-07 05:53:53.493,dev-085,current,40.10,%,GOOD
1494,2026-07-07 06:54:54.494,dev-086,current,497.32,C,GOOD
1495,2026-07-07 07:55:55.495,dev-087,pressure,505.84,V,UNCERTAIN
1496,2026-07-07 08:56:56.496,dev-088,humidity,165.95,%,UNCERTAIN
1497,2026-07-07 09:57:57.497,dev-089,pressure,335.10,kPa,GOOD
1498,2026-07-07 10:58:58.498,dev-090,temperature,971.56,%,GOOD
1499,2026-07-07 11:59:59.499,dev-091,temperature,813.43,C,UNCERTAIN
1500,2026-07-07 12:00:00.500,dev-092,pressure,69.59,%,GOOD
1501,2026-07-07 13:01:01.501,dev-093,pressure,365.02,%,GOOD
1502,2026-07-07 14:02:02.502,dev-094,pressure,950.85,C,UNCERTAIN
1503,2026-07-07 15:03:03.503,dev-095,pressure,492.91,V,GOOD
1504,2026-07-07 16:04:04.504,dev-096,voltage,393.95,kPa,UNCERTAIN
1505,2026-07-07 17:05:05.505,dev-097,voltage,735.28,V,UNCERTAIN
1506,2026-07-07 18:06:06.506,dev-098,current,927.06,V,GOOD
1507,2026-07-07 19:07:07.507,dev-099,current,355.82,V,GOOD
1508,2026-07-07 20:08:08.508,dev-100,voltage,332.25,V,GOOD
1509,2026-07-07 21:09:09.509,dev-101,current,868.05,C,GOOD
1510,2026-07-07 22:10:10.510,dev-102,current,542.51,A,GOOD
1511,2026-07-07 23:11:11.511,dev-103,voltage,908.08,%,GOOD
1512,2026-07-08 00:12:12.512,dev-104,current,881.13,%,GOOD
1513,2026-07-08 01:13:13.513,dev-105,voltage,345.14,A,GOOD
1514,2026-07-08 02:14:14.514,dev-106,voltage,440.86,C,GOOD
1515,2026-07-08 03:15:15.515,dev-107,temperature,272.85,V,GOOD
1516,2026-07-08 04:16:16.516,dev-108,temperature,214.14,A,GOOD
1517,2026-07-08 05:17:17.517,dev-109,temperature,452.16,%,GOOD
1518,2026-07-08 06:18:18.518,dev-110,pressure,505.57,C,GOOD
1519,2026-07-08 07:19:19.519,dev-111,voltage,910.41,A,GOOD
1520,2026-07-08 08:20:20.520,dev-112,voltage,275.94,kPa,GOOD
1521,2026-07-08 09:21:21.521,dev-113,current,231.96,%,GOOD
1522,2026-07-08 10:22:22.522,dev-114,current,456.29,kPa,GOOD
1523,2026-07-08 11:23:23.523,dev-115,humidity,368.92,V,GOOD
1524,2026-07-08 12:24:24.524,dev-116,voltage,370.02,%,GOOD
1525,2026-07-08 13:25:25.525,dev-117,current,440.55,%,UNCERTAIN
1526,2026-07-08 14:26:26.526,dev-118,voltage,979.86,%,GOOD
1527,2026-07-08 15:27:27.527,dev-119,humidity,356.27,%,GOOD
1528,2026-07-08 16:28:28.528,dev-120,temperature,54.35,A,UNCERTAIN
1529,2026-07-08 17:29:29.529,dev-121,humidity,945.36,V,GOOD
1530,2026-07-08 18:30:30.530,dev-122,humidity,105.77,%,GOOD
1531,2026-07-08 19:31:31.531,dev-123,voltage,383.13,kPa,GOOD
1532,2026-07-08 20:32:32.532,dev-124,voltage,676.64,%,GOOD
1533,2026-07-08 21:33:33.533,dev-125,current,460.30,C,GOOD
1534,2026-07-08 22:34:34.534,dev-126,current,910.59,V,UNCERTAIN
1535,2026-07-08 23:35:35.535,dev-127,pressure,932.96,C,UNCERTAIN
1536,2026-07-09 00:36:36.536,dev-000,temperature,623.28,kPa,GOOD
1537,2026-07-09 01:37:37.537,dev-001,voltage,552.15,kPa,GOOD
1538,2026-07-09 02:38:38.538,dev-002,pressure,666.27,V,UNCERTAIN
1539,2026-07-09 03:39:39.539,dev-003,pressure,982.21,A,GOOD
1540,2026-07-09 04:40:40.540,dev-004,voltage,573.11,V,GOOD
1541,2026-07-09 05:41:41.541,dev-005,current,364.65,C,UNCERTAIN
1542,2026-07-09 06:42:42.542,dev-006,temperature,304.35,kPa,GOOD
1543,2026-07-09 07:43:43.543,dev-007,temperature,250.69,%,GOOD
1544,2026-07-09 08:44:44.544,dev-008,humidity,630.55,V,UNCERTAIN
1545,2026-07-09 09:45:45.545,dev-009,voltage,689.74,kPa,GOOD
1546,2026-07-09 10:46:46.546,dev-010,voltage,4.12,C,GOOD
1547,2026-07-09 11:47:47.547,dev-011,temperature,781.37,%,UNCERTAIN
1548,2026-07-09 12:48:48.548,dev-012,current,318.02,A,GOOD
1549,2026-07-09 13:49:49.549,dev-013,voltage,897.91,V,GOOD
1550,2026-07-09 14:50:50.550,dev-014,temperature,624.94,A,GOOD
1551,2026-07-09 15:51:51.551,dev-015,pressure,461.49,%,UNCERTAIN
1552,2026-07-09 16:52:52.552,dev-016,temperature,547.64,%,GOOD
1553,2026-07-09 17:53:53.553,dev-017,pressure,850.61,A,UNCERTAIN
1554,2026-07-09 18:54:54.554,dev-018,temperature,52.50,C,GOOD
1555,2026-07-09 19:55:55.555,dev-019,current,749.83,V,GOOD
1556,2026-07-09 20:56:56.556,dev-020,temperature,562.52,V,UNCERTAIN
1557,2026-07-09 21:57:57.557,dev-021,voltage,81.74,kPa,GOOD
1558,2026-07-09 22:58:58.558,dev-022,humidity,177.65,kPa,GOOD
1559,2026-07-09 23:59:59.559,dev-023,current,989.45,A,GOOD
1560,2026-07-10 00:00:00.560,dev-024,temperature,82.02,V,GOOD
1561,2026-07-10 01:01:01.561,dev-025,humidity,881.47,kPa,GOOD
1562,2026-07-10 02:02:02.562,dev-026,humidity,108.50,C,GOOD
1563,2026-07-10 03:03:03.563,dev-027,temperature,949.25,C,GOOD
1564,2026-07-10 04:04:04.564,dev-028,pressure,616.31,A,GOOD
1565,2026-07-10 05:05:05.565,dev-029,humidity,296.45,A,GOOD
1566,2026-07-10 06:06:06.566,dev-030,voltage,863.17,V,UNCERTAIN
1567,2026-07-10 07:07:07.567,dev-031,voltage,962.06,A,GOOD
1568,2026-07-10 08:08:08.568,dev-032,temperature,459.81,kPa,UNCERTAIN
1569,2026-07-10 09:09:09.569,dev-033,pressure,209.17,V,GOOD
1570,2026-07-10 10:10:10.570,dev-034,humidity,76.70,A,GOOD
1571,2026-07-10 11:11:11.571,dev-035,temperature,702.96,%,GOOD
1572,2026-07-10 12:12:12.572,dev-036,current,361.21,V,GOOD
1573,2026-07-10 13:13:13.573,dev-037,pressure,545.76,kPa,GOOD
1574,2026-07-10 14:14:14.574,dev-038,voltage,885.98,%,UNCERTAIN
1575,2026-07-10 15:15:15.575,dev-039,temperature,244.22,V,GOOD
1576,2026-07-10 16:16:16.576,dev-040,voltage,733.66,C,UNCERTAIN
1577,2026-07-10 17:17:17.577,dev-041,current,180.07,kPa,GOOD
1578,2026-07-10 18:18:18.578,dev-042,humidity,755.03,kPa,UNCERTAIN
1579,2026-07-10 19:19:19.579,dev-043,current,207.83,C,GOOD
1580,2026-07-10 20:20:20.580,dev-044,temperature,892.46,V,GOOD
1581,2026-07-10 21:21:21.581,dev-045,temperature,748.53,C,GOOD
1582,2026-07-10 22:22:22.582,dev-046,voltage,264.87,%,UNCERTAIN
1583,2026-07-10 23:23:23.583,dev-047,temperature,659.00,C,GOOD
1584,2026-07-11 00:24:24.584,dev-048,voltage,53.78,%,GOOD
1585,2026-07-11 01:25:25.585,dev-049,voltage,229.07,V,GOOD
1586,2026-07-11 02:26:26.586,dev-050,humidity,868.07,%,GOOD
1587,2026-07-11 03:27:27.587,dev-051,humidity,11.64,kPa,GOOD
1588,2026-07-11 04:28:28.588,dev-052,temperature,331.93,A,GOOD
1589,2026-07-11 05:29:29.589,dev-053,voltage,127.92,C,GOOD
1590,2026-07-11 06:30:30.590,dev-054,current,935.53,A,GOOD
1591,2026-07-11 07:31:31.591,dev-055,temperature,837.91,C,GOOD
1592,2026-07-11 08:32:32.592,dev-056,current,199.22,C,UNCERTAIN
1593,2026-07-11 09:33:33.593,dev-057,humidity,783.20,V,GOOD
1594,2026-07-11 10:34:34.594,dev-058,current,504.19,A,GOOD
1595,2026-07-11 11:35:35.595,dev-059,temperature,452.04,C,UNCERTAIN
1596,2026-07-11 12:36:36.596,dev-060,humidity,202.29,C,GOOD
1597,2026-07-11 13:37:37.597,dev-061,current,272.24,V,GOOD
1598,2026-07-11 14:38:38.598,dev-062,voltage,326.19,V,GOOD
1599,2026-07-11 15:39:39.599,dev-063,current,408.52,V,GOOD
1600,2026-07-11 16:40:40.600,dev-064,humidity,485.02,%,GOOD
1601,2026-07-11 17:41:41.601,dev-065,pressure,652.05,A,GOOD
1602,2026-07-11 18:42:42.602,dev-066,voltage,631.58,A,GOOD
1603,2026-07-11 19:43:43.603,dev-067,voltage,481.85,kPa,GOOD
1604,2026-07-11 20:44:44.604,dev-068,voltage,736.20,A,GOOD
1605,2026-07-11 21:45:45.605,dev-069,voltage,19.78,V,GOOD
1606,2026-07-11 22:46:46.606,dev-070,temperature,311.39,C,GOOD
1607,2026-07-11 23:47:47.607,dev-071,pressure,317.99,V,UNCERTAIN
1608,2026-07-12 00:48:48.608,dev-072,humidity,779.59,A,GOOD
1609,2026-07-12 01:49:49.609,dev-073,current,315.54,V,UNCERTAIN
1610,2026-07-12 02:50:50.610,dev-074,temperature,682.62,kPa,GOOD
1611,2026-07-12 03:51:51.611,dev-075,temperature,216.65,kPa,UNCERTAIN
1612,2026-07-12 04:52:52.612,dev-076,pressure,561.20,kPa,GOOD
1613,2026-07-12 05:53:53.613,dev-077,voltage,693.89,C,UNCERTAIN
1614,2026-07-12 06:54:54.614,dev-078,voltage,211.34,kPa,GOOD
1615,2026-07-12 07:55:55.615,dev-079,pressure,290.97,V,GOOD
1616,2026-07-12 08:56:56.616,dev-080,pressure,881.61,C,UNCERTAIN
1617,2026-07-12 09:57:57.617,dev-081,humidity,122.39,V,GOOD
1618,2026-07-12 10:58:58.618,dev-082,current,830.73,V,GOOD
1619,2026-07-12 11:59:59.619,dev-083,current,42.10,kPa,GOOD
1620,2026-07-12 12:00:00.620,dev-084,voltage,916.30,V,GOOD
1621,2026-07-12 13:01:01.621,dev-085,pressure,775.99,V,GOOD
1622,2026-07-12 14:02:02.622,dev-086,current,142.33,A,GOOD
1623,2026-07-12 15:03:03.623,dev-087,voltage,453.87,A,GOOD
1624,2026-07-12 16:04:04.624,dev-088,humidity,235.16,C,GOOD
1625,2026-07-12 17:05:05.625,dev-089,current,785.58,kPa,GOOD
1626,2026-07-12 18:06:06.626,dev-090,current,920.99,kPa,GOOD
1627,2026-07-12 19:07:07.627,dev-091,current,267.61,kPa,GOOD
1628,2026-07-12 20:08:08.628,dev-092,current,841.78,V,UNCERTAIN
1629,2026-07-12 21:09:09.629,dev-093,temperature,238.99,%,UNCERTAIN
1630,2026-07-12 22:10:10.630,dev-094,humidity,518.44,V,UNCERTAIN
1631,2026-07-12 23:11:11.631,dev-095,humidity,220.55,C,GOOD
1632,2026-07-13 00:12:12.632,dev-096,humidity,638.01,kPa,GOOD
1633,2026-07-13 01:13:13.633,dev-097,current,186.71,C,UNCERTAIN
1634,2026-07-13 02:14:14.634,dev-098,current,189.96,C,UNCERTAIN
1635,2026-07-13 03:15:15.635,dev-099,temperature,440.95,%,GOOD
1636,2026-07-13 04:16:16.636,dev-100,current,407.29,%,GOOD
1637,2026-07-13 05:17:17.637,dev-101,pressure,498.03,A,GOOD
1638,2026-07-13 06:18:18.638,dev-102,temperature,218.80,A,GOOD
1639,2026-07-13 07:19:19.639,dev-103,voltage,281.59,A,GOOD
1640,2026-07-13 08:20:20.640,dev-104,humidity,395.71,V,GOOD
1641,2026-07-13 09:21:21.641,dev-105,pressure,371.13,V,GOOD
1642,2026-07-13 10:22:22.642,dev-106,current,601.59,A,GOOD
1643,2026-07-13 11:23:23.643,dev-107,current,565.40,%,UNCERTAIN
1644,2026-07-13 12:24:24.644,dev-108,temperature,531.60,C,GOOD
1645,2026-07-13 13:25:25.645,dev-109,humidity,240.93,kPa,GOOD
1646,2026-07-13 14:26:26.646,dev-110,temperature,555.66,%,GOOD
1647,2026-07-13 15:27:27.647,dev-111,current,654.46,V,GOOD
1648,2026-07-13 16:28:28.648,dev-112,current,750.11,kPa,GOOD
1649,2026-07-13 17:29:29.649,dev-113,temperature,139.42,V,GOOD
1650,2026-07-13 18:30:30.650,dev-114,voltage,554.36,C,GOOD
1651,2026-07-13 19:31:31.651,dev-115,humidity,781.49,V,GOOD
1652,2026-07-13 20:32:32.652,dev-116,humidity,383.51,C,UNCERTAIN
1653,2026-07-13 21:33:33.653,dev-117,current,988.91,C,UNCERTAIN
1654,2026-07-13 22:34:34.654,dev-118,current,494.32,kPa,UNCERTAIN
1655,2026-07-13 23:35:35.655,dev-119,humidity,108.37,%,GOOD
1656,2026-07-14 00:36:36.656,dev-120,voltage,235.36,A,UNCERTAIN
1657,2026-07-14 01:37:37.657,dev-121,voltage,272.29,A,GOOD
1658,2026-07-14 02:38:38.658,dev-122,humidity,519.47,V,GOOD
1659,2026-07-14 03:39:39.659,dev-123,current,435.04,kPa,GOOD
1660,2026-07-14 04:40:40.660,dev-124,humidity,990.22,%,GOOD
1661,2026-07-14 05:41:41.661,dev-125,current,416.45,kPa,GOOD
1662,2026-07-14 06:42:42.662,dev-126,temperature,814.41,%,GOOD
1663,2026-07-14 07:43:43.663,dev-127,temperature,554.14,%,GOOD
1664,2026-07-14 08:44:44.664,dev-000,temperature,246.66,%,GOOD
1665,2026-07-14 09:45:45.665,dev-001,pressure,334.12,kPa,GOOD
1666,2026-07-14 10:46:46.666,dev-002,humidity,125.47,A,GOOD
1667,2026-07-14 11:47:47.667,dev-003,humidity,394.92,A,GOOD
1668,2026-07-14 12:48:48.668,dev-004,humidity,402.60,kPa,GOOD
1669,2026-07-14 13:49:49.669,dev-005,voltage,998.69,%,GOOD
1670,2026-07-14 14:50:50.670,dev-006,current,860.14,A,UNCERTAIN
1671,2026-07-14 15:51:51.671,dev-007,temperature,523.44,%,GOOD
1672,2026-07-14 16:52:52.672,dev-008,current,891.45,V,GOOD
1673,2026-07-14 17:53:53.673,dev-009,current,363.43,V,GOOD
1674,2026-07-14 18:54:54.674,dev-010,humidity,935.94,A,GOOD
1675,2026-07-14 19:55:55.675,dev-011,voltage,788.70,C,GOOD
1676,2026-07-14 20:56:56.676,dev-012,voltage,85.57,%,GOOD
1677,2026-07-14 21:57:57.677,dev-013,humidity,943.21,A,GOOD
1678,2026-07-14 22:58:58.678,dev-014,temperature,412.09,C,GOOD
1679,2026-07-14 23:59:59.679,dev-015,temperature,330.07,kPa,GOOD
1680,2026-07-15 00:00:00.680,dev-016,current,930.54,V,UNCERTAIN
1681,2026-07-15 01:01:01.681,dev-017,current,828.16,C,UNCERTAIN
1682,2026-07-15 02:02:02.682,dev-018,pressure,966.04,kPa,UNCERTAIN
1683,2026-07-15 03:03:03.683,dev-019,pressure,40.20,A,GOOD
1684,2026-07-15 04:04:04.684,dev-020,humidity,781.30,V,UNCERTAIN
1685,2026-07-15 05:05:05.685,dev-021,voltage,783.11,A,UNCERTAIN
1686,2026-07-15 06:06:06.686,dev-022,pressure,477.40,%,GOOD
1687,2026-07-15 07:07:07.687,dev-023,temperature,412.75,kPa,GOOD
1688,2026-07-15 08:08:08.688,dev-024,humidity,420.31,C,GOOD
1689,2026-07-15 09:09:09.689,dev-025,current,846.47,A,GOOD
1690,2026-07-15 10:10:10.690,dev-026,humidity,747.45,C,GOOD
1691,2026-07-15 11:11:11.691,dev-027,humidity,444.73,kPa,UNCERTAIN
1692,2026-07-15 12:12:12.692,dev-028,current,898.92,C,GOOD
1693,2026-07-15 13:13:13.693,dev-029,pressure,709.07,V,UNCERTAIN
1694,2026-07-15 14:14:14.694,dev-030,voltage,634.36,kPa,GOOD
1695,2026-07-15 15:15:15.695,dev-031,temperature,762.16,kPa,GOOD
1696,2026-07-15 16:16:16.696,dev-032,current,847.78,%,GOOD
1697,2026-07-15 17:17:17.697,dev-033,voltage,298.01,C,GOOD
1698,2026-07-15 18:18:18.698,dev-034,voltage,348.39,C,UNCERTAIN
1699,2026-07-15 19:19:19.699,dev-035,humidity,823.66,V,GOOD
1700,2026-07-15 20:20:20.700,dev-036,voltage,952.99,V,GOOD
1701,2026-07-15 21:21:21.701,dev-037,current,32.38,C,GOOD
1702,2026-07-15 22:22:22.702,dev-038,temperature,181.14,C,UNCERTAIN
1703,2026-07-15 23:23:23.703,dev-039,current,787.01,V,UNCERTAIN
1704,2026-07-16 00:24:24.704,dev-040,humidity,50.25,%,GOOD
1705,2026-07-16 01:25:25.705,dev-041,humidity,861.59,%,UNCERTAIN
1706,2026-07-16 02:26:26.706,dev-042,current,594.62,%,GOOD
1707,2026-07-16 03:27:27.707,dev-043,pressure,509.82,V,GOOD
1708,2026-07-16 04:28:28.708,dev-044,humidity,327.93,A,GOOD
1709,2026-07-16 05:29:29.709,dev-045,temperature,64.10,V,UNCERTAIN
1710,2026-07-16 06:30:30.710,dev-046,humidity,54.28,kPa,UNCERTAIN
1711,2026-07-16 07:31:31.711,dev-047,voltage,159.92,V,GOOD
1712,2026-07-16 08:32:32.712,dev-048,pressure,949.83,A,GOOD
1713,2026-07-16 09:33:33.713,dev-049,temperature,911.26,V,GOOD
1714,2026-07-16 10:34:34.714,dev-050,humidity,196.99,C,GOOD
1715,2026-07-16 11:35:35.715,dev-051,current,380.35,%,GOOD
1716,2026-07-16 12:36:36.716,dev-052,humidity,302.77,V,GOOD
1717,2026-07-16 13:37:37.717,dev-053,pressure,637.82,C,GOOD
1718,2026-07-16 14:38:38.718,dev-054,current,68.31,C,GOOD
1719,2026-07-16 15:39:39.719,dev-055,voltage,545.76,C,GOOD
1720,2026-07-16 16:40:40.720,dev-056,current,177.58,V,GOOD
1721,2026-07-16 17:41:41.721,dev-057,pressure,547.25,C,GOOD
1722,2026-07-16 18:42:42.722,dev-058,temperature,118.63,kPa,GOOD
1723,2026-07-16 19:43:43.723,dev-059,humidity,630.25,V,GOOD
1724,2026-07-16 20:44:44.724,dev-060,current,554.30,C,GOOD
1725,2026-07-16 21:45:45.725,dev-061,humidity,26.68,C,GOOD
1726,2026-07-16 22:46:46.726,dev-062,current,182.21,C,GOOD
1727,2026-07-16 23:47:47.727,dev-063,voltage,455.66,%,GOOD
1728,2026-07-17 00:48:48.728,dev-064,voltage,223.33,%,GOOD
1729,2026-07-17 01:49:49.729,dev-065,voltage,288.67,A,UNCERTAIN
1730,2026-07-17 02:50:50.730,dev-066,temperature,184.27,V,GOOD
1731,2026-07-17 03:51:51.731,dev-067,voltage,352.31,kPa,UNCERTAIN
1732,2026-07-17 04:52:52.732,dev-068,temperature,954.98,V,GOOD
1733,2026-07-17 05:53:53.733,dev-069,humidity,484.50,C,UNCERTAIN
1734,2026-07-17 06:54:54.734,dev-070,voltage,51.97,%,UNCERTAIN
1735,2026-07-17 07:55:55.735,dev-071,pressure,184.51,kPa,GOOD
1736,2026-07-17 08:56:56.736,dev-072,current,139.30,kPa,GOOD
1737,2026-07-17 09:57:57.737,dev-073,pressure,355.92,C,GOOD
1738,2026-07-17 10:58:58.738,dev-074,voltage,611.11,V,GOOD
1739,2026-07-17 11:59:59.739,dev-075,voltage,46.70,V,GOOD
1740,2026-07-17 12:00:00.740,dev-076,pressure,326.02,A,UNCERTAIN
1741,2026-07-17 13:01:01.741,dev-077,pressure,758.02,kPa,GOOD
1742,2026-07-17 14:02:02.742,dev-078,temperature,974.07,kPa,GOOD
1743,2026-07-17 15:03:03.743,dev-079,voltage,402.54,kPa,UNCERTAIN
1744,2026-07-17 16:04:04.744,dev-080,humidity,606.51,%,GOOD
1745,2026-07-17 17:05:05.745,dev-081,temperature,232.54,A,UNCERTAIN
1746,2026-07-17 18:06:06.746,dev-082,current,194.99,kPa,GOOD
1747,2026-07-17 19:07:07.747,dev-083,temperature,1.97,kPa,GOOD
1748,2026-07-17 20:08:08.748,dev-084,temperature,958.06,kPa,UNCERTAIN
1749,2026-07-17 21:09:09.749,dev-085,voltage,249.67,C,GOOD
1750,2026-07-17 22:10:10.750,dev-086,humidity,263.57,C,UNCERTAIN
1751,2026-07-17 23:11:11.751,dev-087,voltage,437.95,V,GOOD
1752,2026-07-18 00:12:12.752,dev-088,current,512.21,A,GOOD
1753,2026-07-18 01:13:13.753,dev-089,humidity,523.64,C,GOOD
1754,2026-07-18 02:14:14.754,dev-090,current,289.59,A,GOOD
1755,2026-07-18 03:15:15.755,dev-091,current,799.14,A,GOOD
1756,2026-07-18 04:16:16.756,dev-092,pressure,104.57,A,UNCERTAIN
1757,2026-07-18 05:17:17.757,dev-093,current,728.43,C,GOOD
1758,2026-07-18 06:18:18.758,dev-094,temperature,976.58,A,UNCERTAIN
1759,2026-07-18 07:19:19.759,dev-095,humidity,518.68,%,GOOD
1760,2026-07-18 08:20:20.760,dev-096,temperature,295.93,kPa,GOOD
1761,2026-07-18 09:21:21.761,dev-097,humidity,393.82,kPa,GOOD
1762,2026-07-18 10:22:22.762,dev-098,temperature,103.75,A,GOOD
1763,2026-07-18 11:23:23.763,dev-099,humidity,642.46,kPa,GOOD
1764,2026-07-18 12:24:24.764,dev-100,temperature,523.59,V,GOOD
1765,2026-07-18 13:25:25.765,dev-101,humidity,672.86,%,GOOD
1766,2026-07-18 14:26:26.766,dev-102,humidity,375.66,A,GOOD
1767,2026-07-18 15:27:27.767,dev-103,voltage,446.43,%,GOOD
1768,2026-07-18 16:28:28.768,dev-104,pressure,40.42,A,GOOD
1769,2026-07-18 17:29:29.769,dev-105,temperature,868.92,kPa,UNCERTAIN
1770,2026-07-18 18:30:30.770,dev-106,current,380.52,V,GOOD
1771,2026-07-18 19:31:31.771,dev-107,pressure,351.50,%,GOOD
1772,2026-07-18 20:32:32.772,dev-108,voltage,861.85,%,GOOD
1773,2026-07-18 21:33:33.773,dev-109,voltage,675.57,kPa,GOOD
1774,2026-07-18 22:34:34.774,dev-110,temperature,990.88,V,UNCERTAIN
1775,2026-07-18 23:35:35.775,dev-111,humidity,916.89,%,GOOD
1776,2026-07-19 00:36:36.776,dev-112,current,942.50,%,GOOD
1777,2026-07-19 01:37:37.777,dev-113,pressure,349.38,%,GOOD
1778,2026-07-19 02:38:38.778,dev-114,temperature,574.23,kPa,GOOD
1779,2026-07-19 03:39:39.779,dev-115,temperature,769.06,C,UNCERTAIN
1780,2026-07-19 04:40:40.780,dev-116,voltage,892.35,kPa,UNCERTAIN
1781,2026-07-19 05:41:41.781,dev-117,temperature,633.77,V,GOOD
1782,2026-07-19 06:42:42.782,dev-118,voltage,274.89,A,UNCERTAIN
1783,2026-07-19 07:43:43.783,dev-119,humidity,962.12,V,GOOD
1784,2026-07-19 08:44:44.784,dev-120,voltage,347.13,V,GOOD
1785,2026-07-19 09:45:45.785,dev-121,current,427.29,A,GOOD
1786,2026-07-19 10:46:46.786,dev-122,voltage,844.43,V,GOOD
1787,2026-07-19 11:47:47.787,dev-123,voltage,311.42,A,GOOD
1788,2026-07-19 12:48:48.788,dev-124,temperature,438.85,kPa,GOOD
1789,2026-07-19 13:49:49.789,dev-125,pressure,178.78,kPa,UNCERTAIN
1790,2026-07-19 14:50:50.790,dev-126,temperature,610.96,kPa,GOOD
1791,2026-07-19 15:51:51.791,dev-127,pressure,700.88,V,GOOD
1792,2026-07-19 16:52:52.792,dev-000,pressure,991.71,C,GOOD
1793,2026-07-19 17:53:53.793,dev-001,voltage,844.66,V,GOOD
1794,2026-07-19 18:54:54.794,dev-002,temperature,25.12,kPa,GOOD
1795,2026-07-19 19:55:55.795,dev-003,humidity,983.97,C,UNCERTAIN
1796,2026-07-19 20:56:56.796,dev-004,current,253.40,V,UNCERTAIN
1797,2026-07-19 21:57:57.797,dev-005,humidity,647.28,C,GOOD
1798,2026-07-19 22:58:58.798,dev-006,temperature,572.54,C,GOOD
1799,2026-07-19 23:59:59.799,dev-007,current,643.18,C,GOOD
1800,2026-07-20 00:00:00.800,dev-008,temperature,517.74,%,UNCERTAIN
1801,2026-07-20 01:01:01.801,dev-009,temperature,223.01,kPa,GOOD
1802,2026-07-20 02:02:02.802,dev-010,current,754.63,A,GOOD
1803,2026-07-20 03:03:03.803,dev-011,pressure,931.29,A,GOOD
1804,2026-07-20 04:04:04.804,dev-012,voltage,748.10,%,GOOD
1805,2026-07-20 05:05:05.805,dev-013,current,855.79,A,GOOD
1806,2026-07-20 06:06:06.806,dev-014,voltage,651.25,C,GOOD
1807,2026-07-20 07:07:07.807,dev-015,current,540.54,V,GOOD
1808,2026-07-20 08:08:08.808,dev-016,temperature,803.55,kPa,GOOD
1809,2026-07-20 09:09:09.809,dev-017,current,390.91,kPa,GOOD
1810,2026-07-20 10:10:10.810,dev-018,pressure,814.15,C,UNCERTAIN
1811,2026-07-20 11:11:11.811,dev-019,humidity,287.92,V,UNCERTAIN
1812,2026-07-20 12:12:12.812,dev-020,temperature,94.35,C,GOOD
1813,2026-07-20 13:13:13.813,dev-021,pressure,238.11,C,GOOD
1814,2026-07-20 14:14:14.814,dev-022,humidity,386.66,kPa,GOOD
1815,2026-07-20 15:15:15.815,dev-023,voltage,795.92,kPa,GOOD
1816,2026-07-20 16:16:16.816,dev-024,humidity,554.82,%,GOOD
1817,2026-07-20 17:17:17.817,dev-025,voltage,194.45,A,GOOD
1818,2026-07-20 18:18:18.818,dev-026,current,222.53,%,GOOD
1819,2026-07-20 19:19:19.819,dev-027,voltage,714.46,kPa,GOOD
1820,2026-07-20 20:20:20.820,dev-028,pressure,640.66,kPa,GOOD
1821,2026-07-20 21:21:21.821,dev-029,voltage,709.13,A,GOOD
1822,2026-07-20 22:22:22.822,dev-030,current,487.10,A,GOOD
1823,2026-07-20 23:23:23.823,dev-031,humidity,476.89,C,GOOD
1824,2026-07-21 00:24:24.824,dev-032,temperature,538.63,V,GOOD
1825,2026-07-21 01:25:25.825,dev-033,temperature,156.97,kPa,UNCERTAIN
1826,2026-07-21 02:26:26.826,dev-034,temperature,511.22,C,GOOD
1827,2026-07-21 03:27:27.827,dev-035,pressure,370.37,V,GOOD
1828,2026-07-21 04:28:28.828,dev-036,humidity,387.65,A,GOOD
1829,2026-07-21 05:29:29.829,dev-037,voltage,227.99,V,GOOD
1830,2026-07-21 06:30:30.830,dev-038,current,449.93,%,UNCERTAIN
1831,2026-07-21 07:31:31.831,dev-039,pressure,783.41,V,UNCERTAIN
1832,2026-07-21 08:32:32.832,dev-040,temperature,757.64,%,GOOD
1833,2026-07-21 09:33:33.833,dev-041,pressure,846.11,%,GOOD
1834,2026-07-21 10:34:34.834,dev-042,voltage,197.12,%,GOOD
1835,2026-07-21 11:35:35.835,dev-043,humidity,858.40,V,UNCERTAIN
1836,2026-07-21 12:36:36.836,dev-044,current,257.44,C,GOOD
1837,2026-07-21 13:37:37.837,dev-045,current,581.76,%,GOOD
1838,2026-07-21 14:38:38.838,dev-046,pressure,882.10,A,GOOD
1839,2026-07-21 15:39:39.839,dev-047,temperature,459.65,kPa,GOOD
1840,2026-07-21 16:40:40.840,dev-048,temperature,259.75,V,GOOD
1841,2026-07-21 17:41:41.841,dev-049,voltage,445.27,kPa,GOOD
1842,2026-07-21 18:42:42.842,dev-050,voltage,761.08,%,GOOD
1843,2026-07-21 19:43:43.843,dev-051,current,857.44,kPa,UNCERTAIN
1844,2026-07-21 20:44:44.844,dev-052,current,973.52,A,GOOD
1845,2026-07-21 21:45:45.845,dev-053,current,850.75,A,GOOD
1846,2026-07-21 22:46:46.846,dev-054,pressure,547.91,A,UNCERTAIN
1847,2026-07-21 23:47:47.847,dev-055,temperature,557.58,V,GOOD
1848,2026-07-22 00:48:48.848,dev-056,voltage,472.63,kPa,GOOD
1849,2026-07-22 01:49:49.849,dev-057,pressure,850.14,%,UNCERTAIN
1850,2026-07-22 02:50:50.850,dev-058,temperature,289.44,V,GOOD
1851,2026-07-22 03:51:51.851,dev-059,voltage,563.03,kPa,GOOD
1852,2026-07-22 04:52:52.852,dev-060,temperature,378.79,kPa,GOOD
1853,2026-07-22 05:53:53.853,dev-061,humidity,774.13,kPa,GOOD
1854,2026-07-22 06:54:54.854,dev-062,temperature,639.40,%,UNCERTAIN
1855,2026-07-22 07:55:55.855,dev-063,voltage,35.46,A,GOOD
1856,2026-07-22 08:56:56.856,dev-064,temperature,482.71,V,GOOD
1857,2026-07-22 09:57:57.857,dev-065,humidity,621.68,A,GOOD
1858,2026-07-22 10:58:58.858,dev-066,pressure,853.51,kPa,GOOD
1859,2026-07-22 11:59:59.859,dev-067,pressure,938.73,%,GOOD
1860,2026-07-22 12:00:00.860,dev-068,pressure,909.84,C,UNCERTAIN
1861,2026-07-22 13:01:01.861,dev-069,temperature,132.65,V,UNCERTAIN
1862,2026-07-22 14:02:02.862,dev-070,pressure,26.91,%,GOOD
1863,2026-07-22 15:03:03.863,dev-071,pressure,708.01,C,GOOD
1864,2026-07-22 16:04:04.864,dev-072,pressure,54.91,A,GOOD
1865,2026-07-22 17:05:05.865,dev-073,temperature,398.35,C,GOOD
1866,2026-07-22 18:06:06.866,dev-074,current,45.76,kPa,GOOD
1867,2026-07-22 19:07:07.867,dev-075,current,835.91,kPa,GOOD
1868,2026-07-22 20:08:08.868,dev-076,current,341.85,%,GOOD
1869,2026-07-22 21:09:09.869,dev-077,pressure,825.85,%,GOOD
1870,2026-07-22 22:10:10.870,dev-078,voltage,657.24,%,GOOD
1871,2026-07-22 23:11:11.871,dev-079,voltage,701.93,kPa,GOOD
1872,2026-07-23 00:12:12.872,dev-080,temperature,610.43,%,GOOD
1873,2026-07-23 01:13:13.873,dev-081,current,373.70,C,GOOD
1874,2026-07-23 02:14:14.874,dev-082,pressure,375.95,C,UNCERTAIN
1875,2026-07-23 03:15:15.875,dev-083,voltage,720.78,A,GOOD
1876,2026-07-23 04:16:16.876,dev-084,humidity,19.08,V,GOOD
1877,2026-07-23 05:17:17.877,dev-085,temperature,932.44,%,GOOD
1878,2026-07-23 06:18:18.878,dev-086,voltage,935.32,kPa,UNCERTAIN
1879,2026-07-23 07:19:19.879,dev-087,temperature,440.83,A,GOOD
1880,2026-07-23 08:20:20.880,dev-088,pressure,631.99,A,GOOD
1881,2026-07-23 09:21:21.881,dev-089,current,341.86,kPa,GOOD
1882,2026-07-23 10:22:22.882,dev-090,humidity,577.22,A,UNCERTAIN
1883,2026-07-23 11:23:23.883,dev-091,temperature,739.48,C,UNCERTAIN
1884,2026-07-23 12:24:24.884,dev-092,humidity,551.42,%,UNCERTAIN
1885,2026-07-23 13:25:25.885,dev-093,temperature,124.45,V,GOOD
1886,2026-07-23 14:26:26.886,dev-094,current,346.23,V,UNCERTAIN
1887,2026-07-23 15:27:27.887,dev-095,temperature,69.63,V,GOOD
1888,2026-07-23 16:28:28.888,dev-096,temperature,925.98,A,UNCERTAIN
1889,2026-07-23 17:29:29.889,dev-097,pressure,917.01,A,GOOD
1890,2026-07-23 18:30:30.890,dev-098,pressure,229.98,C,GOOD
1891,2026-07-23 19:31:31.891,dev-099,humidity,211.94,%,GOOD
1892,2026-07-23 20:32:32.892,dev-100,temperature,747.40,kPa,UNCERTAIN
1893,2026-07-23 21:33:33.893,dev-101,humidity,311.53,V,UNCERTAIN
1894,2026-07-23 22:34:34.894,dev-102,current,693.41,C,GOOD
1895,2026-07-23 23:35:35.895,dev-103,pressure,940.92,V,GOOD
1896,2026-07-24 00:36:36.896,dev-104,humidity,78.30,A,UNCERTAIN
1897,2026-07-24 01:37:37.897,dev-105,current,383.78,%,GOOD
1898,2026-07-24 02:38:38.898,dev-106,current,344.82,kPa,UNCERTAIN
1899,2026-07-24 03:39:39.899,dev-107,pressure,739.79,C,GOOD
1900,2026-07-24 04:40:40.900,dev-108,temperature,195.52,V,GOOD
1901,2026-07-24 05:41:41.901,dev-109,temperature,283.78,A,GOOD
1902,2026-07-24 06:42:42.902,dev-110,current,973.77,%,UNCERTAIN
1903,2026-07-24 07:43:43.903,dev-111,pressure,360.25,A,GOOD
1904,2026-07-24 08:44:44.904,dev-112,current,899.31,C,UNCERTAIN
1905,2026-07-24 09:45:45.905,dev-113,humidity,871.64,kPa,GOOD
1906,2026-07-24 10:46:46.906,dev-114,pressure,105.07,V,GOOD
1907,2026-07-24 11:47:47.907,dev-115,current,837.79,kPa,GOOD
1908,2026-07-24 12:48:48.908,dev-116,humidity,837.59,kPa,GOOD
1909,2026-07-24 13:49:49.909,dev-117,voltage,714.48,A,UNCERTAIN
1910,2026-07-24 14:50:50.910,dev-118,pressure,293.71,C,GOOD
1911,2026-07-24 15:51:51.911,dev-119,current,648.59,kPa,GOOD
1912,2026-07-24 16:52:52.912,dev-120,pressure,230.57,kPa,GOOD
1913,2026-07-24 17:53:53.913,dev-121,voltage,329.58,A,GOOD
1914,2026-07-24 18:54:54.914,dev-122,voltage,890.29,A,GOOD
1915,2026-07-24 19:55:55.915,dev-123,pressure,889.16,V,GOOD
1916,2026-07-24 20:56:56.916,dev-124,humidity,639.77,V,GOOD
1917,2026-07-24 21:57:57.917,dev-125,humidity,345.80,kPa,GOOD
1918,2026-07-24 22:58:58.918,dev-126,temperature,805.94,C,UNCERTAIN
1919,2026-07-24 23:59:59.919,dev-127,pressure,571.33,V,GOOD
1920,2026-07-25 00:00:00.920,dev-000,pressure,990.66,kPa,GOOD
1921,2026-07-25 01:01:01.921,dev-001,voltage,482.12,%,UNCERTAIN
1922,2026-07-25 02:02:02.922,dev-002,current,883.06,V,GOOD
1923,2026-07-25 03:03:03.923,dev-003,current,575.47,%,GOOD
1924,2026-07-25 04:04:04.924,dev-004,voltage,802.23,V,GOOD
1925,2026-07-25 05:05:05.925,dev-005,voltage,555.10,%,GOOD
1926,2026-07-25 06:06:06.926,dev-006,humidity,414.14,V,GOOD
1927,2026-07-25 07:07:07.927,dev-007,voltage,626.19,%,UNCERTAIN
1928,2026-07-25 08:08:08.928,dev-008,temperature,392.13,A,UNCERTAIN
1929,2026-07-25 09:09:09.929,dev-009,voltage,851.78,C,GOOD
1930,2026-07-25 10:10:10.930,dev-010,pressure,716.93,C,GOOD
1931,2026-07-25 11:11:11.931,dev-011,temperature,801.10,kPa,GOOD
1932,2026-07-25 12:12:12.932,dev-012,voltage,522.21,C,GOOD
1933,2026-07-25 13:13:13.933,dev-013,pressure,889.24,A,GOOD
1934,2026-07-25 14:14:14.934,dev-014,temperature,901.47,%,UNCERTAIN
1935,2026-07-25 15:15:15.935,dev-015,pressure,978.57,A,GOOD
1936,2026-07-25 16:16:16.936,dev-016,humidity,368.98,kPa,GOOD
1937,2026-07-25 17:17:17.937,dev-017,pressure,307.08,%,GOOD
1938,2026-07-25 18:18:18.938,dev-018,voltage,705.48,%,GOOD
1939,2026-07-25 19:19:19.939,dev-019,temperature,979.55,A,GOOD
1940,2026-07-25 20:20:20.940,dev-020,pressure,752.65,kPa,GOOD
1941,2026-07-25 21:21:21.941,dev-021,voltage,435.47,C,GOOD
1942,2026-07-25 22:22:22.942,dev-022,temperature,188.59,A,GOOD
1943,2026-07-25 23:23:23.943,dev-023,pressure,617.71,V,GOOD
1944,2026-07-26 00:24:24.944,dev-024,temperature,753.95,V,GOOD
1945,2026-07-26 01:25:25.945,dev-025,humidity,221.16,kPa,UNCERTAIN
1946,2026-07-26 02:26:26.946,dev-026,current,512.63,V,GOOD
1947,2026-07-26 03:27:27.947,dev-027,current,474.35,V,GOOD
1948,2026-07-26 04:28:28.948,dev-028,current,24.73,V,GOOD
1949,2026-07-26 05:29:29.949,dev-029,temperature,190.16,%,UNCERTAIN
1950,2026-07-26 06:30:30.950,dev-030,humidity,954.13,V,GOOD
1951,2026-07-26 07:31:31.951,dev-031,voltage,28.38,V,GOOD
1952,2026-07-26 08:32:32.952,dev-032,voltage,639.57,A,GOOD
1953,2026-07-26 09:33:33.953,dev-033,temperature,36.85,C,GOOD
1954,2026-07-26 10:34:34.954,dev-034,temperature,458.57,kPa,GOOD
1955,2026-07-26 11:35:35.955,dev-035,pressure,709.18,kPa,UNCERTAIN
1956,2026-07-26 12:36:36.956,dev-036,humidity,421.81,V,GOOD
1957,2026-07-26 13:37:37.957,dev-037,temperature,946.91,%,GOOD
1958,2026-07-26 14:38:38.958,dev-038,pressure,126.45,V,UNCERTAIN
1959,2026-07-26 15:39:39.959,dev-039,humidity,748.25,V,GOOD
1960,2026-07-26 16:40:40.960,dev-040,pressure,819.65,%,GOOD
1961,2026-07-26 17:41:41.961,dev-041,voltage,57.82,A,GOOD
1962,2026-07-26 18:42:42.962,dev-042,voltage,198.00,V,GOOD
1963,2026-07-26 19:43:43.963,dev-043,pressure,276.33,kPa,UNCERTAIN
1964,2026-07-26 20:44:44.964,dev-044,temperature,891.87,C,GOOD
1965,2026-07-26 21:45:45.965,dev-045,pressure,546.81,A,GOOD
1966,2026-07-26 22:46:46.966,dev-046,voltage,895.42,A,GOOD
1967,2026-07-26 23:47:47.967,dev-047,voltage,823.71,A,GOOD
1968,2026-07-27 00:48:48.968,dev-048,current,800.16,V,GOOD
1969,2026-07-27 01:49:49.969,dev-049,pressure,429.54,%,GOOD
1970,2026-07-27 02:50:50.970,dev-050,humidity,668.65,V,GOOD
1971,2026-07-27 03:51:51.971,dev-051,voltage,116.80,V,GOOD
1972,2026-07-27 04:52:52.972,dev-052,current,613.64,A,GOOD
1973,2026-07-27 05:53:53.973,dev-053,temperature,985.12,A,UNCERTAIN
1974,2026-07-27 06:54:54.974,dev-054,temperature,97.07,V,GOOD
1975,2026-07-27 07:55:55.975,dev-055,pressure,300.81,kPa,GOOD
1976,2026-07-27 08:56:56.976,dev-056,current,771.80,A,GOOD
1977,2026-07-27 09:57:57.977,dev-057,current,47.49,C,UNCERTAIN
1978,2026-07-27 10:58:58.978,dev-058,temperature,236.15,V,GOOD
1979,2026-07-27 11:59:59.979,dev-059,current,835.50,%,UNCERTAIN
1980,2026-07-27 12:00:00.980,dev-060,temperature,488.35,C,GOOD
1981,2026-07-27 13:01:01.981,dev-061,temperature,891.60,%,GOOD
1982,2026-07-27 14:02:02.982,dev-062,pressure,781.97,A,GOOD
1983,2026-07-27 15:03:03.983,dev-063,voltage,773.46,V,GOOD
1984,2026-07-27 16:04:04.984,dev-064,pressure,993.55,kPa,GOOD
1985,2026-07-27 17:05:05.985,dev-065,pressure,704.98,C,GOOD
1986,2026-07-27 18:06:06.986,dev-066,humidity,653.31,V,GOOD
1987,2026-07-27 19:07:07.987,dev-067,current,917.74,C,GOOD
1988,2026-07-27 20:08:08.988,dev-068,voltage,427.98,A,GOOD
1989,2026-07-27 21:09:09.989,dev-069,pressure,274.92,kPa,UNCERTAIN
1990,2026-07-27 22:10:10.990,dev-070,temperature,294.74,C,UNCERTAIN
1991,2026-07-27 23:11:11.991,dev-071,pressure,367.95,C,GOOD
1992,2026-07-28 00:12:12.992,dev-072,voltage,994.43,C,GOOD
1993,2026-07-28 01:13:13.993,dev-073,pressure,965.60,V,GOOD
1994,2026-07-28 02:14:14.994,dev-074,voltage,963.31,%,UNCERTAIN
1995,2026-07-28 03:15:15.995,dev-075,humidity,404.88,kPa,GOOD
1996,2026-07-28 04:16:16.996,dev-076,pressure,650.26,A,GOOD
1997,2026-07-28 05:17:17.997,dev-077,temperature,23.80,C,UNCERTAIN
1998,2026-07-28 06:18:18.998,dev-078,voltage,84.12,A,UNCERTAIN
1999,2026-07-28 07:19:19.999,dev-079,pressure,64.55,V,GOOD
2000,2026-07-28 08:20:20.000,dev-080,voltage,927.76,kPa,UNCERTAIN
2001,2026-07-28 09:21:21.001,dev-081,voltage,891.78,kPa,UNCERTAIN
2002,2026-07-28 10:22:22.002,dev-082,voltage,661.71,kPa,UNCERTAIN
2003,2026-07-28 11:23:23.003,dev-083,current,995.63,kPa,UNCERTAIN
2004,2026-07-28 12:24:24.004,dev-084,current,381.52,kPa,GOOD
2005,2026-07-28 13:25:25.005,dev-085,current,822.18,A,GOOD
2006,2026-07-28 14:26:26.006,dev-086,pressure,445.46,%,GOOD
2007,2026-07-28 15:27:27.007,dev-087,current,975.64,C,GOOD
2008,2026-07-28 16:28:28.008,dev-088,voltage,358.56,kPa,GOOD
2009,2026-07-28 17:29:29.009,dev-089,current,91.75,%,GOOD
2010,2026-07-28 18:30:30.010,dev-090,pressure,69.93,kPa,UNCERTAIN
2011,2026-07-28 19:31:31.011,dev-091,pressure,371.67,A,GOOD
2012,2026-07-28 20:32:32.012,dev-092,pressure,215.93,A,GOOD
2013,2026-07-28 21:33:33.013,dev-093,pressure,895.08,A,GOOD
2014,2026-07-28 22:34:34.014,dev-094,pressure,564.64,C,GOOD
2015,2026-07-28 23:35:35.015,dev-095,pressure,497.35,kPa,GOOD
2016,2026-07-01 00:36:36.016,dev-096,pressure,20.67,V,GOOD
2017,2026-07-01 01:37:37.017,dev-097,humidity,408.24,%,UNCERTAIN
2018,2026-07-01 02:38:38.018,dev-098,current,728.25,V,GOOD
2019,2026-07-01 03:39:39.019,dev-099,current,182.90,%,GOOD
2020,2026-07-01 04:40:40.020,dev-100,humidity,774.51,%,GOOD
2021,2026-07-01 05:41:41.021,dev-101,current,445.59,%,GOOD
2022,2026-07-01 06:42:42.022,dev-102,current,991.55,%,GOOD
2023,2026-07-01 07:43:43.023,dev-103,temperature,810.72,C,GOOD
2024,2026-07-01 08:44:44.024,dev-104,pressure,941.88,kPa,GOOD
2025,2026-07-01 09:45:45.025,dev-105,current,808.39,kPa,GOOD
2026,2026-07-01 10:46:46.026,dev-106,current,668.88,kPa,UNCERTAIN
2027,2026-07-01 11:47:47.027,dev-107,humidity,882.98,%,GOOD
2028,2026-07-01 12:48:48.028,dev-108,humidity,603.38,C,GOOD
2029,2026-07-01 13:49:49.029,dev-109,current,946.27,kPa,GOOD
2030,2026-07-01 14:50:50.030,dev-110,current,892.05,V,UNCERTAIN
2031,2026-07-01 15:51:51.031,dev-111,voltage,359.08,A,GOOD
2032,2026-07-01 16:52:52.032,dev-112,current,532.48,%,GOOD
2033,2026-07-01 17:53:53.033,dev-113,voltage,751.75,%,GOOD
2034,2026-07-01 18:54:54.034,dev-114,temperature,74.27,kPa,GOOD
2035,2026-07-01 19:55:55.035,dev-115,current,559.02,V,GOOD
2036,2026-07-01 20:56:56.036,dev-116,pressure,509.73,%,GOOD
2037,2026-07-01 21:57:57.037,dev-117,humidity,238.47,A,GOOD
2038,2026-07-01 22:58:58.038,dev-118,humidity,883.64,kPa,GOOD
2039,2026-07-01 23:59:59.039,dev-119,voltage,361.65,V,UNCERTAIN
2040,2026-07-02 00:00:00.040,dev-120,pressure,865.61,C,GOOD
2041,2026-07-02 01:01:01.041,dev-121,voltage,459.94,kPa,GOOD
2042,2026-07-02 02:02:02.042,dev-122,pressure,573.75,C,UNCERTAIN
2043,2026-07-02 03:03:03.043,dev-123,current,180.56,kPa,GOOD
2044,2026-07-02 04:04:04.044,dev-124,voltage,545.26,%,GOOD
2045,2026-07-02 05:05:05.045,dev-125,pressure,975.95,C,UNCERTAIN
2046,2026-07-02 06:06:06.046,dev-126,temperature,539.73,V,GOOD
2047,2026-07-02 07:07:07.047,dev-127,voltage,874.18,A,GOOD
2048,2026-07-02 08:08:08.048,dev-000,voltage,605.82,kPa,UNCERTAIN
2049,2026-07-02 09:09:09.049,dev-001,pressure,526.19,%,GOOD
2050,2026-07-02 10:10:10.050,dev-002,temperature,754.60,C,GOOD
2051,2026-07-02 11:11:11.051,dev-003,humidity,822.53,C,GOOD
2052,2026-07-02 12:12:12.052,dev-004,humidity,799.68,kPa,UNCERTAIN
2053,2026-07-02 13:13:13.053,dev-005,humidity,87.63,%,GOOD
2054,2026-07-02 14:14:14.054,dev-006,pressure,919.08,A,GOOD
2055,2026-07-02 15:15:15.055,dev-007,voltage,429.11,C,UNCERTAIN
2056,2026-07-02 16:16:16.056,dev-008,humidity,258.02,A,GOOD
2057,2026-07-02 17:17:17.057,dev-009,pressure,576.45,kPa,GOOD
2058,2026-07-02 18:18:18.058,dev-010,pressure,368.32,kPa,GOOD
2059,2026-07-02 19:19:19.059,dev-011,current,391.47,A,GOOD
2060,2026-07-02 20:20:20.060,dev-012,humidity,188.72,%,UNCERTAIN
2061,2026-07-02 21:21:21.061,dev-013,pressure,537.28,C,GOOD
2062,2026-07-02 22:22:22.062,dev-014,pressure,543.50,C,GOOD
2063,2026-07-02 23:23:23.063,dev-015,humidity,629.01,A,UNCERTAIN
2064,2026-07-03 00:24:24.064,dev-016,pressure,350.01,A,GOOD
2065,2026-07-03 01:25:25.065,dev-017,voltage,495.14,%,GOOD
2066,2026-07-03 02:26:26.066,dev-018,temperature,127.67,C,GOOD
2067,2026-07-03 03:27:27.067,dev-019,pressure,287.95,C,GOOD
2068,2026-07-03 04:28:28.068,dev-020,current,346.10,kPa,GOOD
2069,2026-07-03 05:29:29.069,dev-021,current,624.46,C,GOOD
2070,2026-07-03 06:30:30.070,dev-022,current,707.56,V,GOOD
2071,2026-07-03 07:31:31.071,dev-023,voltage,668.75,A,GOOD
2072,2026-07-03 08:32:32.072,dev-024,current,141.52,V,GOOD
2073,2026-07-03 09:33:33.073,dev-025,temperature,870.54,%,GOOD
2074,2026-07-03 10:34:34.074,dev-026,humidity,78.62,kPa,UNCERTAIN
2075,2026-07-03 11:35:35.075,dev-027,temperature,87.99,V,GOOD
2076,2026-07-03 12:36:36.076,dev-028,voltage,18.32,V,GOOD
2077,2026-07-03 13:37:37.077,dev-029,temperature,636.15,V,GOOD
2078,2026-07-03 14:38:38.078,dev-030,humidity,213.49,A,UNCERTAIN
2079,2026-07-03 15:39:39.079,dev-031,humidity,274.70,A,UNCERTAIN
2080,2026-07-03 16:40:40.080,dev-032,humidity,177.12,V,GOOD
2081,2026-07-03 17:41:41.081,dev-033,temperature,624.84,%,GOOD
2082,2026-07-03 18:42:42.082,dev-034,current,713.67,C,UNCERTAIN
2083,2026-07-03 19:43:43.083,dev-035,humidity,754.20,A,GOOD
2084,2026-07-03 20:44:44.084,dev-036,humidity,882.04,V,GOOD
2085,2026-07-03 21:45:45.085,dev-037,humidity,400.89,%,UNCERTAIN
2086,2026-07-03 22:46:46.086,dev-038,humidity,432.58,C,GOOD
2087,2026-07-03 23:47:47.087,dev-039,voltage,181.02,%,UNCERTAIN
2088,2026-07-04 00:48:48.088,dev-040,voltage,105.76,C,GOOD
2089,2026-07-04 01:49:49.089,dev-041,temperature,781.30,C,GOOD
2090,2026-07-04 02:50:50.090,dev-042,temperature,251.13,A,GOOD
2091,2026-07-04 03:51:51.091,dev-043,temperature,348.17,V,UNCERTAIN
2092,2026-07-04 04:52:52.092,dev-044,pressure,973.20,V,UNCERTAIN
2093,2026-07-04 05:53:53.093,dev-045,temperature,68.45,A,UNCERTAIN
2094,2026-07-04 06:54:54.094,dev-046,current,868.85,kPa,GOOD
2095,2026-07-04 07:55:55.095,dev-047,voltage,129.72,kPa,UNCERTAIN
2096,2026-07-04 08:56:56.096,dev-048,pressure,476.11,%,GOOD
2097,2026-07-04 09:57:57.097,dev-049,current,247.68,kPa,UNCERTAIN
2098,2026-07-04 10:58:58.098,dev-050,humidity,975.20,A,GOOD
2099,2026-07-04 11:59:59.099,dev-051,pressure,930.50,C,GOOD
2100,2026-07-04 12:00:00.100,dev-052,voltage,167.76,kPa,GOOD
2101,2026-07-04 13:01:01.101,dev-053,humidity,262.28,V,GOOD
2102,2026-07-04 14:02:02.102,dev-054,current,325.82,C,UNCERTAIN
2103,2026-07-04 15:03:03.103,dev-055,temperature,797.83,C,GOOD
2104,2026-07-04 16:04:04.104,dev-056,current,495.04,V,GOOD
2105,2026-07-04 17:05:05.105,dev-057,pressure,266.54,%,GOOD
2106,2026-07-04 18:06:06.106,dev-058,voltage,427.16,%,GOOD
2107,2026-07-04 19:07:07.107,dev-059,voltage,56.97,V,GOOD
2108,2026-07-04 20:08:08.108,dev-060,pressure,409.23,A,GOOD
2109,2026-07-04 21:09:09.109,dev-061,pressure,16.15,A,UNCERTAIN
2110,2026-07-04 22:10:10.110,dev-062,temperature,176.78,%,GOOD
2111,2026-07-04 23:11:11.111,dev-063,humidity,405.46,A,GOOD
2112,2026-07-05 00:12:12.112,dev-064,humidity,897.49,A,GOOD
2113,2026-07-05 01:13:13.113,dev-065,humidity,299.87,%,GOOD
2114,2026-07-05 02:14:14.114,dev-066,current,52.25,%,GOOD
2115,2026-07-05 03:15:15.115,dev-067,humidity,686.68,V,GOOD
2116,2026-07-05 04:16:16.116,dev-068,humidity,519.76,%,GOOD
2117,2026-07-05 05:17:17.117,dev-069,current,337.85,%,GOOD
2118,2026-07-05 06:18:18.118,dev-070,pressure,232.96,kPa,UNCERTAIN
2119,2026-07-05 07:19:19.119,dev-071,temperature,457.57,V,UNCERTAIN
2120,2026-07-05 08:20:20.120,dev-072,humidity,206.51,%,GOOD
2121,2026-07-05 09:21:21.121,dev-073,voltage,803.04,A,GOOD
2122,2026-07-05 10:22:22.122,dev-074,temperature,848.42,A,GOOD
2123,2026-07-05 11:23:23.123,dev-075,humidity,771.67,A,GOOD
2124,2026-07-05 12:24:24.124,dev-076,humidity,992.48,V,GOOD
2125,2026-07-05 13:25:25.125,dev-077,pressure,372.95,A,GOOD
2126,2026-07-05 14:26:26.126,dev-078,humidity,901.99,kPa,GOOD
2127,2026-07-05 15:27:27.127,dev-079,temperature,592.81,A,GOOD
2128,2026-07-05 16:28:28.128,dev-080,humidity,50.74,kPa,UNCERTAIN
2129,2026-07-05 17:29:29.129,dev-081,voltage,463.90,%,GOOD
2130,2026-07-05 18:30:30.130,dev-082,pressure,90.96,A,GOOD
2131,2026-07-05 19:31:31.131,dev-083,humidity,995.71,V,GOOD
2132,2026-07-05 20:32:32.132,dev-084,temperature,137.05,A,UNCERTAIN
2133,2026-07-05 21:33:33.133,dev-085,temperature,149.73,V,GOOD
2134,2026-07-05 22:34:34.134,dev-086,humidity,801.10,C,GOOD
2135,2026-07-05 23:35:35.135,dev-087,voltage,922.58,C,UNCERTAIN
2136,2026-07-06 00:36:36.136,dev-088,voltage,331.34,%,GOOD
2137,2026-07-06 01:37:37.137,dev-089,temperature,378.91,%,GOOD
2138,2026-07-06 02:38:38.138,dev-090,voltage,940.42,kPa,GOOD
2139,2026-07-06 03:39:39.139,dev-091,voltage,812.18,%,GOOD
2140,2026-07-06 04:40:40.140,dev-092,humidity,843.36,V,GOOD
2141,2026-07-06 05:41:41.141,dev-093,current,221.37,C,GOOD
2142,2026-07-06 06:42:42.142,dev-094,humidity,937.39,%,UNCERTAIN
2143,2026-07-06 07:43:43.143,dev-095,current,624.69,kPa,GOOD
2144,2026-07-06 08:44:44.144,dev-096,pressure,997.91,kPa,GOOD
2145,2026-07-06 09:45:45.145,dev-097,humidity,55.54,kPa,GOOD
2146,2026-07-06 10:46:46.146,dev-098,temperature,284.62,A,GOOD
2147,2026-07-06 11:47:47.147,dev-099,humidity,4.74,%,GOOD
2148,2026-07-06 12:48:48.148,dev-100,pressure,141.33,kPa,GOOD
2149,2026-07-06 13:49:49.149,dev-101,voltage,657.53,V,GOOD
2150,2026-07-06 14:50:50.150,dev-102,current,697.45,kPa,GOOD
2151,2026-07-06 15:51:51.151,dev-103,current,192.94,kPa,GOOD
2152,2026-07-06 16:52:52.152,dev-104,humidity,393.42,V,GOOD
2153,2026-07-06 17:53:53.153,dev-105,current,42.48,%,GOOD
2154,2026-07-06 18:54:54.154,dev-106,pressure,71.06,A,UNCERTAIN
2155,2026-07-06 19:55:55.155,dev-107,pressure,253.34,A,GOOD
2156,2026-07-06 20:56:56.156,dev-108,voltage,965.07,%,GOOD
2157,2026-07-06 21:57:57.157,dev-109,humidity,541.42,%,GOOD
2158,2026-07-06 22:58:58.158,dev-110,temperature,105.84,A,UNCERTAIN
2159,2026-07-06 23:59:59.159,dev-111,voltage,89.06,A,GOOD
2160,2026-07-07 00:00:00.160,dev-112,voltage,429.51,C,GOOD
2161,2026-07-07 01:01:01.161,dev-113,current,702.71,%,GOOD
2162,2026-07-07 02:02:02.162,dev-114,humidity,576.31,%,GOOD
2163,2026-07-07 03:03:03.163,dev-115,temperature,114.16,A,GOOD
2164,2026-07-07 04:04:04.164,dev-116,humidity,126.70,%,GOOD
2165,2026-07-07 05:05:05.165,dev-117,voltage,949.56,V,GOOD
2166,2026-07-07 06:06:06.166,dev-118,current,555.08,kPa,GOOD
2167,2026-07-07 07:07:07.167,dev-119,pressure,602.76,C,UNCERTAIN
2168,2026-07-07 08:08:08.168,dev-120,pressure,49.99,kPa,GOOD
2169,2026-07-07 09:09:09.169,dev-121,temperature,906.00,A,UNCERTAIN
2170,2026-07-07 10:10:10.170,dev-122,current,51.68,C,GOOD
2171,2026-07-07 11:11:11.171,dev-123,voltage,644.56,kPa,GOOD
2172,2026-07-07 12:12:12.172,dev-124,humidity,860.71,%,UNCERTAIN
2173,2026-07-07 13:13:13.173,dev-125,current,298.00,%,GOOD
2174,2026-07-07 14:14:14.174,dev-126,voltage,762.12,kPa,GOOD
2175,2026-07-07 15:15:15.175,dev-127,humidity,257.62,V,GOOD
2176,2026-07-07 16:16:16.176,dev-000,voltage,988.80,C,GOOD
2177,2026-07-07 17:17:17.177,dev-001,current,530.34,%,GOOD
2178,2026-07-07 18:18:18.178,dev-002,voltage,529.17,%,GOOD
2179,2026-07-07 19:19:19.179,dev-003,voltage,987.13,V,GOOD
2180,2026-07-07 20:20:20.180,dev-004,voltage,156.47,%,GOOD
2181,2026-07-07 21:21:21.181,dev-005,pressure,190.54,%,GOOD
2182,2026-07-07 22:22:22.182,dev-006,humidity,508.40,C,GOOD
2183,2026-07-07 23:23:23.183,dev-007,voltage,328.53,V,GOOD
2184,2026-07-08 00:24:24.184,dev-008,humidity,271.13,A,UNCERTAIN
2185,2026-07-08 01:25:25.185,dev-009,voltage,346.87,A,GOOD
2186,2026-07-08 02:26:26.186,dev-010,current,218.58,C,GOOD
2187,2026-07-08 03:27:27.187,dev-011,voltage,326.68,%,GOOD
2188,2026-07-08 04:28:28.188,dev-012,current,788.54,A,GOOD
2189,2026-07-08 05:29:29.189,dev-013,current,553.59,kPa,UNCERTAIN
2190,2026-07-08 06:30:30.190,dev-014,current,910.95,V,GOOD
2191,2026-07-08 07:31:31.191,dev-015,voltage,120.74,V,GOOD
2192,2026-07-08 08:32:32.192,dev-016,humidity,23.95,V,GOOD
2193,2026-07-08 09:33:33.193,dev-017,humidity,207.24,kPa,GOOD
2194,2026-07-08 10:34:34.194,dev-018,voltage,947.51,%,GOOD
2195,2026-07-08 11:35:35.195,dev-019,pressure,624.69,A,GOOD
2196,2026-07-08 12:36:36.196,dev-020,voltage,406.87,C,GOOD
2197,2026-07-08 13:37:37.197,dev-021,humidity,134.67,kPa,GOOD
2198,2026-07-08 14:38:38.198,dev-022,temperature,886.55,%,GOOD
2199,2026-07-08 15:39:39.199,dev-023,current,608.61,kPa,GOOD
2200,2026-07-08 16:40:40.200,dev-024,voltage,201.59,V,GOOD
2201,2026-07-08 17:41:41.201,dev-025,voltage,638.17,kPa,GOOD
2202,2026-07-08 18:42:42.202,dev-026,current,927.74,kPa,GOOD
2203,2026-07-08 19:43:43.203,dev-027,humidity,57.24,%,UNCERTAIN
2204,2026-07-08 20:44:44.204,dev-028,temperature,477.42,V,GOOD
2205,2026-07-08 21:45:45.205,dev-029,current,89.44,A,GOOD
2206,2026-07-08 22:46:46.206,dev-030,temperature,449.47,C,GOOD
2207,2026-07-08 23:47:47.207,dev-031,voltage,79.06,C,GOOD
2208,2026-07-09 00:48:48.208,dev-032,voltage,293.45,A,GOOD
2209,2026-07-09 01:49:49.209,dev-033,humidity,331.54,A,GOOD
2210,2026-07-09 02:50:50.210,dev-034,current,295.34,V,GOOD
2211,2026-07-09 03:51:51.211,dev-035,pressure,972.09,V,GOOD
2212,2026-07-09 04:52:52.212,dev-036,pressure,691.87,V,UNCERTAIN
2213,2026-07-09 05:53:53.213,dev-037,pressure,238.46,V,GOOD
2214,2026-07-09 06:54:54.214,dev-038,current,610.34,C,GOOD
2215,2026-07-09 07:55:55.215,dev-039,pressure,233.91,A,UNCERTAIN
2216,2026-07-09 08:56:56.216,dev-040,current,417.89,C,GOOD
2217,2026-07-09 09:57:57.217,dev-041,humidity,37.52,A,UNCERTAIN
2218,2026-07-09 10:58:58.218,dev-042,humidity,317.12,V,GOOD
2219,2026-07-09 11:59:59.219,dev-043,current,453.03,V,GOOD
2220,2026-07-09 12:00:00.220,dev-044,humidity,487.77,kPa,GOOD
2221,2026-07-09 13:01:01.221,dev-045,pressure,655.91,A,GOOD
2222,2026-07-09 14:02:02.222,dev-046,temperature,661.98,%,UNCERTAIN
2223,2026-07-09 15:03:03.223,dev-047,humidity,169.04,kPa,GOOD
2224,2026-07-09 16:04:04.224,dev-048,humidity,296.84,A,GOOD
2225,2026-07-09 17:05:05.225,dev-049,voltage,466.99,A,GOOD
2226,2026-07-09 18:06:06.226,dev-050,current,630.21,kPa,UNCERTAIN
2227,2026-07-09 19:07:07.227,dev-051,current,683.55,C,UNCERTAIN
2228,2026-07-09 20:08:08.228,dev-052,voltage,501.63,C,UNCERTAIN
2229,2026-07-09 21:09:09.229,dev-053,voltage,410.11,kPa,GOOD
2230,2026-07-09 22:10:10.230,dev-054,humidity,89.00,C,GOOD
2231,2026-07-09 23:11:11.231,dev-055,voltage,519.21,C,UNCERTAIN
2232,2026-07-10 00:12:12.232,dev-056,temperature,444.46,kPa,GOOD
2233,2026-07-10 01:13:13.233,dev-057,voltage,403.50,%,GOOD
2234,2026-07-10 02:14:14.234,dev-058,temperature,15.72,V,GOOD
2235,2026-07-10 03:15:15.235,dev-059,current,9.16,A,GOOD
2236,2026-07-10 04:16:16.236,dev-060,pressure,216.80,A,GOOD
2237,2026-07-10 05:17:17.237,dev-061,pressure,80.94,kPa,GOOD
2238,2026-07-10 06:18:18.238,dev-062,humidity,465.51,C,UNCERTAIN
2239,2026-07-10 07:19:19.239,dev-063,current,740.14,A,UNCERTAIN
2240,2026-07-10 08:20:20.240,dev-064,humidity,921.14,%,GOOD
2241,2026-07-10 09:21:21.241,dev-065,humidity,101.99,kPa,GOOD
2242,2026-07-10 10:22:22.242,dev-066,temperature,421.26,C,GOOD
2243,2026-07-10 11:23:23.243,dev-067,temperature,19.83,kPa,GOOD
2244,2026-07-10 12:24:24.244,dev-068,temperature,777.69,V,GOOD
2245,2026-07-10 13:25:25.245,dev-069,humidity,635.13,%,GOOD
2246,2026-07-10 14:26:26.246,dev-070,temperature,67.06,%,GOOD
2247,2026-07-10 15:27:27.247,dev-071,voltage,579.01,kPa,UNCERTAIN
2248,2026-07-10 16:28:28.248,dev-072,humidity,291.06,%,UNCERTAIN
2249,2026-07-10 17:29:29.249,dev-073,current,760.86,C,GOOD
2250,2026-07-10 18:30:30.250,dev-074,humidity,982.74,kPa,GOOD
2251,2026-07-10 19:31:31.251,dev-075,voltage,514.08,C,GOOD
2252,2026-07-10 20:32:32.252,dev-076,temperature,5.09,A,GOOD
2253,2026-07-10 21:33:33.253,dev-077,temperature,236.76,C,GOOD
2254,2026-07-10 22:34:34.254,dev-078,humidity,554.74,C,GOOD
2255,2026-07-10 23:35:35.255,dev-079,humidity,170.73,%,GOOD
2256,2026-07-11 00:36:36.256,dev-080,voltage,160.62,V,UNCERTAIN
2257,2026-07-11 01:37:37.257,dev-081,current,328.54,C,GOOD
2258,2026-07-11 02:38:38.258,dev-082,current,477.16,kPa,UNCERTAIN
2259,2026-07-11 03:39:39.259,dev-083,current,681.04,%,GOOD
2260,2026-07-11 04:40:40.260,dev-084,humidity,275.03,%,GOOD
2261,2026-07-11 05:41:41.261,dev-085,current,9.89,kPa,GOOD
2262,2026-07-11 06:42:42.262,dev-086,temperature,500.78,C,GOOD
2263,2026-07-11 07:43:43.263,dev-087,temperature,229.11,A,GOOD
2264,2026-07-11 08:44:44.264,dev-088,humidity,71.26,V,GOOD
2265,2026-07-11 09:45:45.265,dev-089,pressure,349.74,V,GOOD
2266,2026-07-11 10:46:46.266,dev-090,current,167.45,%,UNCERTAIN
2267,2026-07-11 11:47:47.267,dev-091,humidity,90.52,A,GOOD
2268,2026-07-11 12:48:48.268,dev-092,voltage,660.20,%,GOOD
2269,2026-07-11 13:49:49.269,dev-093,temperature,74.10,V,UNCERTAIN
2270,2026-07-11 14:50:50.270,dev-094,humidity,818.09,V,GOOD
2271,2026-07-11 15:51:51.271,dev-095,temperature,62.58,C,GOOD
2272,2026-07-11 16:52:52.272,dev-096,humidity,51.76,V,GOOD
2273,2026-07-11 17:53:53.273,dev-097,humidity,377.39,A,GOOD
2274,2026-07-11 18:54:54.274,dev-098,pressure,633.80,C,GOOD
2275,2026-07-11 19:55:55.275,dev-099,humidity,140.62,%,GOOD
2276,2026-07-11 20:56:56.276,dev-100,current,966.29,A,GOOD
2277,2026-07-11 21:57:57.277,dev-101,humidity,124.71,%,GOOD
2278,2026-07-11 22:58:58.278,dev-102,pressure,767.37,V,GOOD
2279,2026-07-11 23:59:59.279,dev-103,pressure,6.05,kPa,GOOD
2280,2026-07-12 00:00:00.280,dev-104,pressure,238.61,kPa,GOOD
2281,2026-07-12 01:01:01.281,dev-105,pressure,855.28,kPa,GOOD
2282,2026-07-12 02:02:02.282,dev-106,voltage,187.98,%,UNCERTAIN
2283,2026-07-12 03:03:03.283,dev-107,humidity,308.46,V,GOOD
2284,2026-07-12 04:04:04.284,dev-108,pressure,705.47,%,UNCERTAIN
2285,2026-07-12 05:05:05.285,dev-109,humidity,459.33,A,GOOD
2286,2026-07-12 06:06:06.286,dev-110,humidity,762.20,C,GOOD
2287,2026-07-12 07:07:07.287,dev-111,current,852.38,A,GOOD
2288,2026-07-12 08:08:08.288,dev-112,temperature,746.51,V,GOOD
2289,2026-07-12 09:09:09.289,dev-113,humidity,52.29,kPa,GOOD
2290,2026-07-12 10:10:10.290,dev-114,temperature,561.67,kPa,GOOD
2291,2026-07-12 11:11:11.291,dev-115,humidity,172.39,C,UNCERTAIN
2292,2026-07-12 12:12:12.292,dev-116,pressure,578.25,V,UNCERTAIN
2293,2026-07-12 13:13:13.293,dev-117,temperature,413.08,kPa,GOOD
2294,2026-07-12 14:14:14.294,dev-118,pressure,244.93,V,GOOD
2295,2026-07-12 15:15:15.295,dev-119,current,772.31,A,GOOD
2296,2026-07-12 16:16:16.296,dev-120,current,106.28,kPa,GOOD
2297,2026-07-12 17:17:17.297,dev-121,pressure,123.53,A,UNCERTAIN
2298,2026-07-12 18:18:18.298,dev-122,humidity,13.19,C,UNCERTAIN
2299,2026-07-12 19:19:19.299,dev-123,temperature,585.53,kPa,GOOD
2300,2026-07-12 20:20:20.300,dev-124,pressure,307.70,%,GOOD
2301,2026-07-12 21:21:21.301,dev-125,voltage,448.35,V,GOOD
2302,2026-07-12 22:22:22.302,dev-126,humidity,319.86,%,GOOD
2303,2026-07-12 23:23:23.303,dev-127,current,972.91,A,GOOD
2304,2026-07-13 00:24:24.304,dev-000,temperature,856.67,%,UNCERTAIN
2305,2026-07-13 01:25:25.305,dev-001,pressure,517.48,%,GOOD
2306,2026-07-13 02:26:26.306,dev-002,temperature,190.08,A,UNCERTAIN
2307,2026-07-13 03:27:27.307,dev-003,temperature,826.31,V,GOOD
2308,2026-07-13 04:28:28.308,dev-004,pressure,658.08,V,UNCERTAIN
2309,2026-07-13 05:29:29.309,dev-005,voltage,387.30,A,GOOD
2310,2026-07-13 06:30:30.310,dev-006,current,155.90,A,GOOD
2311,2026-07-13 07:31:31.311,dev-007,current,149.40,A,GOOD
2312,2026-07-13 08:32:32.312,dev-008,voltage,952.11,kPa,GOOD
2313,2026-07-13 09:33:33.313,dev-009,current,480.12,A,GOOD
2314,2026-07-13 10:34:34.314,dev-010,humidity,751.42,C,GOOD
2315,2026-07-13 11:35:35.315,dev-011,pressure,617.77,V,UNCERTAIN
2316,2026-07-13 12:36:36.316,dev-012,temperature,363.13,A,GOOD
2317,2026-07-13 13:37:37.317,dev-013,voltage,351.18,A,UNCERTAIN
2318,2026-07-13 14:38:38.318,dev-014,humidity,626.45,kPa,GOOD
2319,2026-07-13 15:39:39.319,dev-015,voltage,511.84,C,GOOD
2320,2026-07-13 16:40:40.320,dev-016,voltage,310.75,C,UNCERTAIN
2321,2026-07-13 17:41:41.321,dev-017,temperature,944.76,kPa,GOOD
2322,2026-07-13 18:42:42.322,dev-018,current,65.57,kPa,GOOD
2323,2026-07-13 19:43:43.323,dev-019,voltage,667.16,kPa,GOOD
2324,2026-07-13 20:44:44.324,dev-020,pressure,360.62,V,GOOD
2325,2026-07-13 21:45:45.325,dev-021,current,62.65,C,GOOD
2326,2026-07-13 22:46:46.326,dev-022,pressure,658.53,kPa,GOOD
2327,2026-07-13 23:47:47.327,dev-023,current,318.59,A,GOOD
2328,2026-07-14 00:48:48.328,dev-024,voltage,54.24,V,GOOD
2329,2026-07-14 01:49:49.329,dev-025,voltage,458.23,V,GOOD
2330,2026-07-14 02:50:50.330,dev-026,temperature,967.03,V,GOOD
2331,2026-07-14 03:51:51.331,dev-027,voltage,988.43,%,GOOD
2332,2026-07-14 04:52:52.332,dev-028,current,916.11,C,GOOD
2333,2026-07-14 05:53:53.333,dev-029,current,174.18,V,GOOD
2334,2026-07-14 06:54:54.334,dev-030,current,603.90,A,GOOD
2335,2026-07-14 07:55:55.335,dev-031,pressure,625.17,A,GOOD
2336,2026-07-14 08:56:56.336,dev-032,current,777.28,kPa,UNCERTAIN
2337,2026-07-14 09:57:57.337,dev-033,current,521.59,A,GOOD
2338,2026-07-14 10:58:58.338,dev-034,temperature,874.57,%,GOOD
2339,2026-07-14 11:59:59.339,dev-035,humidity,949.28,kPa,GOOD
2340,2026-07-14 12:00:00.340,dev-036,temperature,208.23,kPa,GOOD
2341,2026-07-14 13:01:01.341,dev-037,pressure,194.79,kPa,UNCERTAIN
2342,2026-07-14 14:02:02.342,dev-038,pressure,350.69,%,GOOD
2343,2026-07-14 15:03:03.343,dev-039,pressure,269.81,A,GOOD
2344,2026-07-14 16:04:04.344,dev-040,temperature,772.09,C,UNCERTAIN
2345,2026-07-14 17:05:05.345,dev-041,voltage,346.15,V,UNCERTAIN
2346,2026-07-14 18:06:06.346,dev-042,voltage,549.94,%,GOOD
2347,2026-07-14 19:07:07.347,dev-043,humidity,508.18,kPa,GOOD
2348,2026-07-14 20:08:08.348,dev-044,humidity,513.45,A,GOOD
2349,2026-07-14 21:09:09.349,dev-045,voltage,71.78,V,GOOD
2350,2026-07-14 22:10:10.350,dev-046,voltage,254.73,A,UNCERTAIN
2351,2026-07-14 23:11:11.351,dev-047,current,44.01,kPa,GOOD
2352,2026-07-15 00:12:12.352,dev-048,humidity,115.95,A,GOOD
2353,2026-07-15 01:13:13.353,dev-049,voltage,456.04,C,UNCERTAIN
2354,2026-07-15 02:14:14.354,dev-050,current,765.94,kPa,GOOD
2355,2026-07-15 03:15:15.355,dev-051,current,321.46,A,UNCERTAIN
2356,2026-07-15 04:16:16.356,dev-052,temperature,994.08,V,GOOD
2357,2026-07-15 05:17:17.357,dev-053,voltage,888.41,V,UNCERTAIN
2358,2026-07-15 06:18:18.358,dev-054,humidity,316.30,V,UNCERTAIN
2359,2026-07-15 07:19:19.359,dev-055,current,511.15,%,GOOD
2360,2026-07-15 08:20:20.360,dev-056,voltage,869.74,V,UNCERTAIN
2361,2026-07-15 09:21:21.361,dev-057,temperature,942.61,%,GOOD
2362,2026-07-15 10:22:22.362,dev-058,voltage,917.37,C,GOOD
2363,2026-07-15 11:23:23.363,dev-059,humidity,264.94,%,GOOD
2364,2026-07-15 12:24:24.364,dev-060,voltage,630.65,A,UNCERTAIN
2365,2026-07-15 13:25:25.365,dev-061,humidity,817.84,kPa,GOOD
2366,2026-07-15 14:26:26.366,dev-062,temperature,5.94,C,GOOD
2367,2026-07-15 15:27:27.367,dev-063,voltage,558.90,kPa,UNCERTAIN
2368,2026-07-15 16:28:28.368,dev-064,humidity,325.52,V,GOOD
2369,2026-07-15 17:29:29.369,dev-065,humidity,681.21,C,GOOD
2370,2026-07-15 18:30:30.370,dev-066,pressure,350.79,V,UNCERTAIN
2371,2026-07-15 19:31:31.371,dev-067,pressure,895.62,C,UNCERTAIN
2372,2026-07-15 20:32:32.372,dev-068,temperature,79.87,%,UNCERTAIN
2373,2026-07-15 21:33:33.373,dev-069,pressure,924.78,A,GOOD
2374,2026-07-15 22:34:34.374,dev-070,voltage,538.00,C,GOOD
2375,2026-07-15 23:35:35.375,dev-071,humidity,934.35,C,GOOD
2376,2026-07-16 00:36:36.376,dev-072,humidity,450.08,V,GOOD
2377,2026-07-16 01:37:37.377,dev-073,pressure,998.33,C,GOOD
2378,2026-07-16 02:38:38.378,dev-074,humidity,224.74,A,GOOD
2379,2026-07-16 03:39:39.379,dev-075,current,770.08,V,UNCERTAIN
2380,2026-07-16 04:40:40.380,dev-076,temperature,553.79,C,UNCERTAIN
2381,2026-07-16 05:41:41.381,dev-077,humidity,617.02,A,GOOD
2382,2026-07-16 06:42:42.382,dev-078,temperature,175.94,A,GOOD
2383,2026-07-16 07:43:43.383,dev-079,pressure,455.73,A,GOOD
2384,2026-07-16 08:44:44.384,dev-080,temperature,700.06,C,UNCERTAIN
2385,2026-07-16 09:45:45.385,dev-081,pressure,82.05,V,UNCERTAIN
2386,2026-07-16 10:46:46.386,dev-082,temperature,280.27,V,GOOD
2387,2026-07-16 11:47:47.387,dev-083,current,872.18,A,UNCERTAIN
2388,2026-07-16 12:48:48.388,dev-084,pressure,917.81,A,UNCERTAIN
2389,2026-07-16 13:49:49.389,dev-085,current,55.40,V,GOOD
2390,2026-07-16 14:50:50.390,dev-086,humidity,900.54,C,UNCERTAIN
2391,2026-07-16 15:51:51.391,dev-087,temperature,883.08,V,GOOD
2392,2026-07-16 16:52:52.392,dev-088,voltage,144.97,C,UNCERTAIN
2393,2026-07-16 17:53:53.393,dev-089,humidity,830.43,V,GOOD
2394,2026-07-16 18:54:54.394,dev-090,voltage,373.03,V,GOOD
2395,2026-07-16 19:55:55.395,dev-091,pressure,361.64,kPa,GOOD
2396,2026-07-16 20:56:56.396,dev-092,pressure,398.92,kPa,UNCERTAIN
2397,2026-07-16 21:57:57.397,dev-093,current,191.15,A,GOOD
2398,2026-07-16 22:58:58.398,dev-094,temperature,78.64,%,GOOD
2399,2026-07-16 23:59:59.399,dev-095,voltage,23.63,%,GOOD
2400,2026-07-17 00:00:00.400,dev-096,voltage,619.02,%,UNCERTAIN
2401,2026-07-17 01:01:01.401,dev-097,current,70.16,%,GOOD
2402,2026-07-17 02:02:02.402,dev-098,humidity,545.93,A,GOOD
2403,2026-07-17 03:03:03.403,dev-099,temperature,771.03,%,GOOD
2404,2026-07-17 04:04:04.404,dev-100,humidity,993.36,%,GOOD
2405,2026-07-17 05:05:05.405,dev-101,pressure,785.19,kPa,GOOD
2406,2026-07-17 06:06:06.406,dev-102,current,720.39,%,UNCERTAIN
2407,2026-07-17 07:07:07.407,dev-103,temperature,369.78,V,UNCERTAIN
2408,2026-07-17 08:08:08.408,dev-104,pressure,964.19,kPa,GOOD
2409,2026-07-17 09:09:09.409,dev-105,current,940.81,C,UNCERTAIN
2410,2026-07-17 10:10:10.410,dev-106,temperature,730.82,kPa,GOOD
2411,2026-07-17 11:11:11.411,dev-107,pressure,89.56,kPa,GOOD
2412,2026-07-17 12:12:12.412,dev-108,humidity,691.93,%,GOOD
2413,2026-07-17 13:13:13.413,dev-109,current,849.60,kPa,UNCERTAIN
2414,2026-07-17 14:14:14.414,dev-110,current,95.26,V,GOOD
2415,2026-07-17 15:15:15.415,dev-111,temperature,808.21,A,GOOD
2416,2026-07-17 16:16:16.416,dev-112,temperature,926.15,V,GOOD
2417,2026-07-17 17:17:17.417,dev-113,current,164.44,V,GOOD
2418,2026-07-17 18:18:18.418,dev-114,current,356.83,kPa,GOOD
2419,2026-07-17 19:19:19.419,dev-115,humidity,328.58,V,UNCERTAIN
2420,2026-07-17 20:20:20.420,dev-116,voltage,614.04,V,GOOD
2421,2026-07-17 21:21:21.421,dev-117,current,427.10,%,UNCERTAIN
2422,2026-07-17 22:22:22.422,dev-118,pressure,702.00,%,UNCERTAIN
2423,2026-07-17 23:23:23.423,dev-119,current,233.76,A,GOOD
2424,2026-07-18 00:24:24.424,dev-120,temperature,862.02,%,GOOD
2425,2026-07-18 01:25:25.425,dev-121,temperature,351.65,C,GOOD
2426,2026-07-18 02:26:26.426,dev-122,voltage,167.80,V,GOOD
2427,2026-07-18 03:27:27.427,dev-123,pressure,89.75,kPa,GOOD
2428,2026-07-18 04:28:28.428,dev-124,temperature,717.49,kPa,GOOD
2429,2026-07-18 05:29:29.429,dev-125,current,486.96,V,UNCERTAIN
2430,2026-07-18 06:30:30.430,dev-126,current,909.61,kPa,UNCERTAIN
2431,2026-07-18 07:31:31.431,dev-127,pressure,949.66,C,UNCERTAIN
2432,2026-07-18 08:32:32.432,dev-000,temperature,536.01,%,UNCERTAIN
2433,2026-07-18 09:33:33.433,dev-001,temperature,52.42,%,GOOD
2434,2026-07-18 10:34:34.434,dev-002,pressure,666.62,kPa,UNCERTAIN
2435,2026-07-18 11:35:35.435,dev-003,voltage,969.22,C,UNCERTAIN
2436,2026-07-18 12:36:36.436,dev-004,humidity,364.91,%,GOOD
2437,2026-07-18 13:37:37.437,dev-005,current,194.01,A,GOOD
2438,2026-07-18 14:38:38.438,dev-006,humidity,142.82,A,GOOD
2439,2026-07-18 15:39:39.439,dev-007,humidity,789.69,%,UNCERTAIN
2440,2026-07-18 16:40:40.440,dev-008,current,446.09,A,UNCERTAIN
2441,2026-07-18 17:41:41.441,dev-009,humidity,240.54,kPa,GOOD
2442,2026-07-18 18:42:42.442,dev-010,pressure,978.32,kPa,GOOD
2443,2026-07-18 19:43:43.443,dev-011,current,778.77,kPa,GOOD
2444,2026-07-18 20:44:44.444,dev-012,pressure,531.20,kPa,GOOD
2445,2026-07-18 21:45:45.445,dev-013,temperature,933.57,C,GOOD
2446,2026-07-18 22:46:46.446,dev-014,voltage,732.91,kPa,GOOD
2447,2026-07-18 23:47:47.447,dev-015,humidity,248.31,%,UNCERTAIN
2448,2026-07-19 00:48:48.448,dev-016,voltage,565.34,C,GOOD
2449,2026-07-19 01:49:49.449,dev-017,current,879.35,%,GOOD
2450,2026-07-19 02:50:50.450,dev-018,pressure,261.34,kPa,UNCERTAIN
2451,2026-07-19 03:51:51.451,dev-019,voltage,195.37,%,UNCERTAIN
2452,2026-07-19 04:52:52.452,dev-020,pressure,301.30,kPa,UNCERTAIN
2453,2026-07-19 05:53:53.453,dev-021,pressure,172.43,C,GOOD
2454,2026-07-19 06:54:54.454,dev-022,pressure,795.22,kPa,UNCERTAIN
2455,2026-07-19 07:55:55.455,dev-023,pressure,347.62,A,GOOD
2456,2026-07-19 08:56:56.456,dev-024,pressure,0.10,kPa,UNCERTAIN
2457,2026-07-19 09:57:57.457,dev-025,current,187.30,%,GOOD
2458,2026-07-19 10:58:58.458,dev-026,current,951.75,V,GOOD
2459,2026-07-19 11:59:59.459,dev-027,humidity,379.25,kPa,GOOD
2460,2026-07-19 12:00:00.460,dev-028,voltage,368.64,kPa,UNCERTAIN
2461,2026-07-19 13:01:01.461,dev-029,pressure,174.55,A,GOOD
2462,2026-07-19 14:02:02.462,dev-030,current,143.17,kPa,UNCERTAIN
2463,2026-07-19 15:03:03.463,dev-031,temperature,340.73,kPa,UNCERTAIN
2464,2026-07-19 16:04:04.464,dev-032,current,294.60,V,UNCERTAIN
2465,2026-07-19 17:05:05.465,dev-033,temperature,149.00,C,GOOD
2466,2026-07-19 18:06:06.466,dev-034,humidity,226.26,kPa,GOOD
2467,2026-07-19 19:07:07.467,dev-035,temperature,823.71,kPa,UNCERTAIN
2468,2026-07-19 20:08:08.468,dev-036,pressure,451.19,%,GOOD
2469,2026-07-19 21:09:09.469,dev-037,current,945.41,V,GOOD
2470,2026-07-19 22:10:10.470,dev-038,humidity,81.59,C,GOOD
2471,2026-07-19 23:11:11.471,dev-039,humidity,853.99,%,UNCERTAIN
2472,2026-07-20 00:12:12.472,dev-040,voltage,273.45,A,GOOD
2473,2026-07-20 01:13:13.473,dev-041,current,110.33,V,UNCERTAIN
2474,2026-07-20 02:14:14.474,dev-042,humidity,323.89,A,UNCERTAIN
2475,2026-07-20 03:15:15.475,dev-043,voltage,105.51,%,GOOD
2476,2026-07-20 04:16:16.476,dev-044,current,726.76,%,GOOD
2477,2026-07-20 05:17:17.477,dev-045,voltage,968.33,kPa,GOOD
2478,2026-07-20 06:18:18.478,dev-046,voltage,750.53,C,UNCERTAIN
2479,2026-07-20 07:19:19.479,dev-047,voltage,53.53,kPa,GOOD
2480,2026-07-20 08:20:20.480,dev-048,current,660.37,C,GOOD
2481,2026-07-20 09:21:21.481,dev-049,pressure,751.02,kPa,UNCERTAIN
2482,2026-07-20 10:22:22.482,dev-050,temperature,766.81,A,GOOD
2483,2026-07-20 11:23:23.483,dev-051,temperature,560.18,kPa,GOOD
2484,2026-07-20 12:24:24.484,dev-052,current,726.40,A,GOOD
2485,2026-07-20 13:25:25.485,dev-053,current,597.59,%,UNCERTAIN
2486,2026-07-20 14:26:26.486,dev-054,current,923.87,C,UNCERTAIN
2487,2026-07-20 15:27:27.487,dev-055,temperature,835.06,kPa,UNCERTAIN
2488,2026-07-20 16:28:28.488,dev-056,temperature,743.15,C,GOOD
2489,2026-07-20 17:29:29.489,dev-057,humidity,437.71,C,GOOD
2490,2026-07-20 18:30:30.490,dev-058,humidity,101.87,C,GOOD
2491,2026-07-20 19:31:31.491,dev-059,pressure,814.04,kPa,UNCERTAIN
2492,2026-07-20 20:32:32.492,dev-060,humidity,78.45,%,GOOD
2493,2026-07-20 21:33:33.493,dev-061,temperature,149.87,V,GOOD
2494,2026-07-20 22:34:34.494,dev-062,voltage,487.63,%,UNCERTAIN
2495,2026-07-20 23:35:35.495,dev-063,temperature,121.04,%,UNCERTAIN
2496,2026-07-21 00:36:36.496,dev-064,humidity,788.85,A,GOOD
2497,2026-07-21 01:37:37.497,dev-065,current,532.13,%,GOOD
2498,2026-07-21 02:38:38.498,dev-066,current,440.15,C,GOOD
2499,2026-07-21 03:39:39.499,dev-067,pressure,39.19,kPa,GOOD
2500,2026-07-21 04:40:40.500,dev-068,voltage,768.65,A,UNCERTAIN
2501,2026-07-21 05:41:41.501,dev-069,pressure,318.22,C,GOOD
2502,2026-07-21 06:42:42.502,dev-070,humidity,420.97,%,GOOD
2503,2026-07-21 07:43:43.503,dev-071,pressure,33.44,V,GOOD
2504,2026-07-21 08:44:44.504,dev-072,humidity,181.97,V,GOOD
2505,2026-07-21 09:45:45.505,dev-073,current,298.87,kPa,UNCERTAIN
2506,2026-07-21 10:46:46.506,dev-074,current,533.28,kPa,GOOD
2507,2026-07-21 11:47:47.507,dev-075,humidity,829.88,%,GOOD
2508,2026-07-21 12:48:48.508,dev-076,temperature,649.78,C,UNCERTAIN
2509,2026-07-21 13:49:49.509,dev-077,voltage,161.32,A,GOOD
2510,2026-07-21 14:50:50.510,dev-078,voltage,113.23,C,GOOD
2511,2026-07-21 15:51:51.511,dev-079,humidity,689.65,kPa,GOOD
2512,2026-07-21 16:52:52.512,dev-080,humidity,889.62,A,GOOD
2513,2026-07-21 17:53:53.513,dev-081,temperature,355.40,V,UNCERTAIN
2514,2026-07-21 18:54:54.514,dev-082,voltage,680.87,kPa,GOOD
2515,2026-07-21 19:55:55.515,dev-083,voltage,391.17,A,GOOD
2516,2026-07-21 20:56:56.516,dev-084,humidity,22.01,%,GOOD
2517,2026-07-21 21:57:57.517,dev-085,pressure,456.24,%,GOOD
2518,2026-07-21 22:58:58.518,dev-086,temperature,220.31,C,GOOD
2519,2026-07-21 23:59:59.519,dev-087,temperature,488.10,%,GOOD
2520,2026-07-22 00:00:00.520,dev-088,current,978.38,A,UNCERTAIN
2521,2026-07-22 01:01:01.521,dev-089,temperature,324.15,A,GOOD
2522,2026-07-22 02:02:02.522,dev-090,voltage,345.44,A,GOOD
2523,2026-07-22 03:03:03.523,dev-091,temperature,234.27,C,GOOD
2524,2026-07-22 04:04:04.524,dev-092,voltage,572.20,kPa,GOOD
2525,2026-07-22 05:05:05.525,dev-093,temperature,465.13,%,UNCERTAIN
2526,2026-07-22 06:06:06.526,dev-094,voltage,17.49,A,GOOD
2527,2026-07-22 07:07:07.527,dev-095,voltage,142.42,V,GOOD
2528,2026-07-22 08:08:08.528,dev-096,voltage,256.76,V,GOOD
2529,2026-07-22 09:09:09.529,dev-097,voltage,418.94,%,GOOD
2530,2026-07-22 10:10:10.530,dev-098,pressure,414.94,kPa,GOOD
2531,2026-07-22 11:11:11.531,dev-099,temperature,791.34,%,GOOD
2532,2026-07-22 12:12:12.532,dev-100,voltage,882.21,C,GOOD
2533,2026-07-22 13:13:13.533,dev-101,current,826.25,V,GOOD
2534,2026-07-22 14:14:14.534,dev-102,humidity,801.76,V,GOOD
2535,2026-07-22 15:15:15.535,dev-103,humidity,501.31,kPa,GOOD
2536,2026-07-22 16:16:16.536,dev-104,current,795.32,A,GOOD
2537,2026-07-22 17:17:17.537,dev-105,temperature,20.42,C,GOOD
2538,2026-07-22 18:18:18.538,dev-106,voltage,431.88,%,GOOD
2539,2026-07-22 19:19:19.539,dev-107,pressure,150.48,A,GOOD
2540,2026-07-22 20:20:20.540,dev-108,temperature,141.01,%,GOOD
2541,2026-07-22 21:21:21.541,dev-109,voltage,964.62,kPa,GOOD
2542,2026-07-22 22:22:22.542,dev-110,voltage,465.14,%,GOOD
2543,2026-07-22 23:23:23.543,dev-111,voltage,942.35,C,GOOD
2544,2026-07-23 00:24:24.544,dev-112,humidity,656.80,C,UNCERTAIN
2545,2026-07-23 01:25:25.545,dev-113,voltage,514.66,V,UNCERTAIN
2546,2026-07-23 02:26:26.546,dev-114,humidity,92.04,C,GOOD
2547,2026-07-23 03:27:27.547,dev-115,humidity,977.62,A,UNCERTAIN
2548,2026-07-23 04:28:28.548,dev-116,temperature,402.24,V,GOOD
2549,2026-07-23 05:29:29.549,dev-117,voltage,937.75,kPa,GOOD
2550,2026-07-23 06:30:30.550,dev-118,current,304.18,kPa,GOOD
2551,2026-07-23 07:31:31.551,dev-119,current,226.00,kPa,GOOD
2552,2026-07-23 08:32:32.552,dev-120,humidity,11.81,A,GOOD
2553,2026-07-23 09:33:33.553,dev-121,pressure,974.43,A,GOOD
2554,2026-07-23 10:34:34.554,dev-122,temperature,217.79,A,GOOD
2555,2026-07-23 11:35:35.555,dev-123,temperature,800.93,V,UNCERTAIN
2556,2026-07-23 12:36:36.556,dev-124,temperature,435.53,V,GOOD
2557,2026-07-23 13:37:37.557,dev-125,voltage,190.95,C,GOOD
2558,2026-07-23 14:38:38.558,dev-126,pressure,170.89,C,GOOD
2559,2026-07-23 15:39:39.559,dev-127,humidity,990.91,A,GOOD
2560,2026-07-23 16:40:40.560,dev-000,pressure,788.35,%,GOOD
2561,2026-07-23 17:41:41.561,dev-001,temperature,783.30,%,GOOD
2562,2026-07-23 18:42:42.562,dev-002,humidity,713.28,C,GOOD
2563,2026-07-23 19:43:43.563,dev-003,humidity,960.81,kPa,GOOD
2564,2026-07-23 20:44:44.564,dev-004,voltage,245.70,V,GOOD
2565,2026-07-23 21:45:45.565,dev-005,temperature,978.31,C,UNCERTAIN
2566,2026-07-23 22:46:46.566,dev-006,humidity,508.20,kPa,UNCERTAIN
2567,2026-07-23 23:47:47.567,dev-007,temperature,449.12,kPa,GOOD
2568,2026-07-24 00:48:48.568,dev-008,current,199.12,kPa,GOOD
2569,2026-07-24 01:49:49.569,dev-009,pressure,961.76,V,GOOD
2570,2026-07-24 02:50:50.570,dev-010,pressure,174.96,V,GOOD
2571,2026-07-24 03:51:51.571,dev-011,voltage,482.59,C,UNCERTAIN
2572,2026-07-24 04:52:52.572,dev-012,current,842.46,C,UNCERTAIN
2573,2026-07-24 05:53:53.573,dev-013,temperature,135.86,V,GOOD
2574,2026-07-24 06:54:54.574,dev-014,humidity,480.28,kPa,GOOD
2575,2026-07-24 07:55:55.575,dev-015,temperature,26.65,C,GOOD
2576,2026-07-24 08:56:56.576,dev-016,voltage,918.12,A,GOOD
2577,2026-07-24 09:57:57.577,dev-017,humidity,21.96,%,UNCERTAIN
2578,2026-07-24 10:58:58.578,dev-018,voltage,528.00,kPa,GOOD
2579,2026-07-24 11:59:59.579,dev-019,current,285.13,V,GOOD
2580,2026-07-24 12:00:00.580,dev-020,humidity,478.80,V,UNCERTAIN
2581,2026-07-24 13:01:01.581,dev-021,humidity,138.25,A,UNCERTAIN
2582,2026-07-24 14:02:02.582,dev-022,humidity,441.62,%,GOOD
2583,2026-07-24 15:03:03.583,dev-023,current,808.26,A,UNCERTAIN
2584,2026-07-24 16:04:04.584,dev-024,pressure,402.97,kPa,GOOD
2585,2026-07-24 17:05:05.585,dev-025,pressure,950.92,%,GOOD
2586,2026-07-24 18:06:06.586,dev-026,humidity,554.34,C,GOOD
2587,2026-07-24 19:07:07.587,dev-027,humidity,623.41,A,GOOD
2588,2026-07-24 20:08:08.588,dev-028,humidity,867.32,%,UNCERTAIN
2589,2026-07-24 21:09:09.589,dev-029,humidity,842.76,kPa,GOOD
2590,2026-07-24 22:10:10.590,dev-030,temperature,744.33,A,UNCERTAIN
2591,2026-07-24 23:11:11.591,dev-031,humidity,529.72,%,GOOD
2592,2026-07-25 00:12:12.592,dev-032,pressure,125.78,V,GOOD
2593,2026-07-25 01:13:13.593,dev-033,humidity,21.43,V,GOOD
2594,2026-07-25 02:14:14.594,dev-034,pressure,150.18,C,GOOD
2595,2026-07-25 03:15:15.595,dev-035,voltage,236.71,A,UNCERTAIN
2596,2026-07-25 04:16:16.596,dev-036,temperature,641.89,V,UNCERTAIN
2597,2026-07-25 05:17:17.597,dev-037,current,343.51,kPa,GOOD
2598,2026-07-25 06:18:18.598,dev-038,pressure,228.48,C,GOOD
2599,2026-07-25 07:19:19.599,dev-039,humidity,445.18,C,UNCERTAIN
2600,2026-07-25 08:20:20.600,dev-040,temperature,334.63,A,GOOD
2601,2026-07-25 09:21:21.601,dev-041,voltage,522.07,C,GOOD
2602,2026-07-25 10:22:22.602,dev-042,humidity,80.25,kPa,GOOD
2603,2026-07-25 11:23:23.603,dev-043,current,804.29,A,GOOD
2604,2026-07-25 12:24:24.604,dev-044,temperature,613.91,C,GOOD
2605,2026-07-25 13:25:25.605,dev-045,voltage,63.25,A,GOOD
2606,2026-07-25 14:26:26.606,dev-046,humidity,458.17,V,GOOD
2607,2026-07-25 15:27:27.607,dev-047,temperature,304.47,%,GOOD
2608,2026-07-25 16:28:28.608,dev-048,temperature,82.04,kPa,GOOD
2609,2026-07-25 17:29:29.609,dev-049,temperature,419.47,kPa,GOOD
2610,2026-07-25 18:30:30.610,dev-050,current,137.15,%,UNCERTAIN
2611,2026-07-25 19:31:31.611,dev-051,current,189.70,kPa,GOOD
2612,2026-07-25 20:32:32.612,dev-052,temperature,58.41,A,GOOD
2613,2026-07-25 21:33:33.613,dev-053,humidity,934.02,kPa,GOOD
2614,2026-07-25 22:34:34.614,dev-054,pressure,867.93,C,GOOD
2615,2026-07-25 23:35:35.615,dev-055,current,835.67,A,UNCERTAIN
2616,2026-07-26 00:36:36.616,dev-056,current,193.87,A,UNCERTAIN
2617,2026-07-26 01:37:37.617,dev-057,pressure,502.75,A,UNCERTAIN
2618,2026-07-26 02:38:38.618,dev-058,humidity,929.98,%,GOOD
2619,2026-07-26 03:39:39.619,dev-059,pressure,346.75,kPa,UNCERTAIN
2620,2026-07-26 04:40:40.620,dev-060,temperature,261.19,V,GOOD
2621,2026-07-26 05:41:41.621,dev-061,temperature,261.95,V,GOOD
2622,2026-07-26 06:42:42.622,dev-062,temperature,725.10,kPa,GOOD
2623,2026-07-26 07:43:43.623,dev-063,temperature,538.25,%,UNCERTAIN
2624,2026-07-26 08:44:44.624,dev-064,temperature,503.85,V,GOOD
2625,2026-07-26 09:45:45.625,dev-065,pressure,242.51,%,GOOD
2626,2026-07-26 10:46:46.626,dev-066,temperature,221.02,V,GOOD
2627,2026-07-26 11:47:47.627,dev-067,pressure,669.74,V,GOOD
2628,2026-07-26 12:48:48.628,dev-068,current,490.92,C,UNCERTAIN
2629,2026-07-26 13:49:49.629,dev-069,voltage,791.52,C,UNCERTAIN
2630,2026-07-26 14:50:50.630,dev-070,temperature,730.69,A,GOOD
2631,2026-07-26 15:51:51.631,dev-071,pressure,382.53,%,GOOD
2632,2026-07-26 16:52:52.632,dev-072,pressure,471.05,%,GOOD
2633,2026-07-26 17:53:53.633,dev-073,voltage,470.58,kPa,GOOD
2634,2026-07-26 18:54:54.634,dev-074,humidity,907.85,kPa,GOOD
2635,2026-07-26 19:55:55.635,dev-075,voltage,155.15,V,GOOD
2636,2026-07-26 20:56:56.636,dev-076,humidity,933.12,V,GOOD
2637,2026-07-26 21:57:57.637,dev-077,humidity,407.03,A,UNCERTAIN
2638,2026-07-26 22:58:58.638,dev-078,humidity,65.06,A,GOOD
2639,2026-07-26 23:59:59.639,dev-079,temperature,766.97,kPa,GOOD
2640,2026-07-27 00:00:00.640,dev-080,temperature,971.62,C,GOOD
2641,2026-07-27 01:01:01.641,dev-081,temperature,2.23,V,GOOD
2642,2026-07-27 02:02:02.642,dev-082,current,896.51,kPa,GOOD
2643,2026-07-27 03:03:03.643,dev-083,humidity,281.08,kPa,GOOD
2644,2026-07-27 04:04:04.644,dev-084,temperature,837.90,kPa,GOOD
2645,2026-07-27 05:05:05.645,dev-085,temperature,350.44,kPa,GOOD
2646,2026-07-27 06:06:06.646,dev-086,voltage,811.86,V,UNCERTAIN
2647,2026-07-27 07:07:07.647,dev-087,current,821.37,C,GOOD
2648,2026-07-27 08:08:08.648,dev-088,humidity,9.87,kPa,GOOD
2649,2026-07-27 09:09:09.649,dev-089,current,300.39,A,GOOD
2650,2026-07-27 10:10:10.650,dev-090,pressure,3.29,V,GOOD
2651,2026-07-27 11:11:11.651,dev-091,pressure,2.46,kPa,GOOD
2652,2026-07-27 12:12:12.652,dev-092,temperature,989.07,C,GOOD
2653,2026-07-27 13:13:13.653,dev-093,current,874.11,kPa,GOOD
2654,2026-07-27 14:14:14.654,dev-094,current,894.71,kPa,GOOD
2655,2026-07-27 15:15:15.655,dev-095,humidity,370.90,A,UNCERTAIN
2656,2026-07-27 16:16:16.656,dev-096,voltage,945.65,kPa,UNCERTAIN
2657,2026-07-27 17:17:17.657,dev-097,pressure,912.40,%,GOOD
2658,2026-07-27 18:18:18.658,dev-098,voltage,370.86,kPa,GOOD
2659,2026-07-27 19:19:19.659,dev-099,temperature,595.92,kPa,GOOD
2660,2026-07-27 20:20:20.660,dev-100,humidity,863.56,A,GOOD
2661,2026-07-27 21:21:21.661,dev-101,humidity,619.51,%,UNCERTAIN
2662,2026-07-27 22:22:22.662,dev-102,current,577.32,A,GOOD
2663,2026-07-27 23:23:23.663,dev-103,pressure,463.39,V,GOOD
2664,2026-07-28 00:24:24.664,dev-104,pressure,619.88,%,GOOD
2665,2026-07-28 01:25:25.665,dev-105,pressure,974.82,C,UNCERTAIN
2666,2026-07-28 02:26:26.666,dev-106,temperature,669.29,kPa,GOOD
2667,2026-07-28 03:27:27.667,dev-107,humidity,530.19,C,GOOD
2668,2026-07-28 04:28:28.668,dev-108,temperature,486.08,kPa,UNCERTAIN
2669,2026-07-28 05:29:29.669,dev-109,humidity,528.60,V,GOOD
2670,2026-07-28 06:30:30.670,dev-110,temperature,397.82,kPa,GOOD
2671,2026-07-28 07:31:31.671,dev-111,current,349.09,%,UNCERTAIN
2672,2026-07-28 08:32:32.672,dev-112,temperature,570.10,%,GOOD
2673,2026-07-28 09:33:33.673,dev-113,pressure,73.66,kPa,GOOD
2674,2026-07-28 10:34:34.674,dev-114,humidity,461.56,C,GOOD
2675,2026-07-28 11:35:35.675,dev-115,voltage,777.17,%,GOOD
2676,2026-07-28 12:36:36.676,dev-116,voltage,518.18,%,GOOD
2677,2026-07-28 13:37:37.677,dev-117,humidity,488.86,%,GOOD
2678,2026-07-28 14:38:38.678,dev-118,pressure,470.76,%,GOOD
2679,2026-07-28 15:39:39.679,dev-119,current,746.08,kPa,UNCERTAIN
2680,2026-07-28 16:40:40.680,dev-120,pressure,102.67,%,UNCERTAIN
2681,2026-07-28 17:41:41.681,dev-121,current,979.53,kPa,GOOD
2682,2026-07-28 18:42:42.682,dev-122,current,57.99,V,GOOD
2683,2026-07-28 19:43:43.683,dev-123,humidity,69.79,A,GOOD
2684,2026-07-28 20:44:44.684,dev-124,current,711.40,A,UNCERTAIN
2685,2026-07-28 21:45:45.685,dev-125,temperature,767.34,kPa,GOOD
2686,2026-07-28 22:46:46.686,dev-126,temperature,231.20,V,UNCERTAIN
2687,2026-07-28 23:47:47.687,dev-127,current,734.62,A,GOOD
2688,2026-07-01 00:48:48.688,dev-000,temperature,380.78,A,GOOD
2689,2026-07-01 01:49:49.689,dev-001,voltage,565.43,%,GOOD
2690,2026-07-01 02:50:50.690,dev-002,humidity,588.04,kPa,GOOD
2691,2026-07-01 03:51:51.691,dev-003,voltage,290.88,kPa,UNCERTAIN
2692,2026-07-01 04:52:52.692,dev-004,voltage,921.54,C,GOOD
2693,2026-07-01 05:53:53.693,dev-005,current,742.04,V,GOOD
2694,2026-07-01 06:54:54.694,dev-006,current,446.74,%,GOOD
2695,2026-07-01 07:55:55.695,dev-007,voltage,580.12,C,GOOD
2696,2026-07-01 08:56:56.696,dev-008,pressure,367.41,%,GOOD
2697,2026-07-01 09:57:57.697,dev-009,current,841.98,A,GOOD
2698,2026-07-01 10:58:58.698,dev-010,temperature,810.34,C,UNCERTAIN
2699,2026-07-01 11:59:59.699,dev-011,pressure,887.94,A,GOOD
2700,2026-07-01 12:00:00.700,dev-012,voltage,215.99,V,UNCERTAIN
2701,2026-07-01 13:01:01.701,dev-013,pressure,778.71,A,GOOD
2702,2026-07-01 14:02:02.702,dev-014,humidity,282.70,C,GOOD
2703,2026-07-01 15:03:03.703,dev-015,voltage,857.19,A,GOOD
2704,2026-07-01 16:04:04.704,dev-016,current,401.00,C,GOOD
2705,2026-07-01 17:05:05.705,dev-017,current,668.65,V,UNCERTAIN
2706,2026-07-01 18:06:06.706,dev-018,humidity,7.79,%,UNCERTAIN
2707,2026-07-01 19:07:07.707,dev-019,temperature,994.42,C,UNCERTAIN
2708,2026-07-01 20:08:08.708,dev-020,voltage,446.48,kPa,GOOD
2709,2026-07-01 21:09:09.709,dev-021,current,350.83,%,GOOD
2710,2026-07-01 22:10:10.710,dev-022,temperature,552.66,A,GOOD
2711,2026-07-01 23:11:11.711,dev-023,humidity,527.34,A,GOOD
2712,2026-07-02 00:12:12.712,dev-024,humidity,459.77,A,UNCERTAIN
2713,2026-07-02 01:13:13.713,dev-025,humidity,926.14,V,GOOD
2714,2026-07-02 02:14:14.714,dev-026,temperature,1.45,V,GOOD
2715,2026-07-02 03:15:15.715,dev-027,voltage,39.62,kPa,GOOD
2716,2026-07-02 04:16:16.716,dev-028,temperature,348.01,C,UNCERTAIN
2717,2026-07-02 05:17:17.717,dev-029,temperature,232.84,A,UNCERTAIN
2718,2026-07-02 06:18:18.718,dev-030,humidity,460.32,C,GOOD
2719,2026-07-02 07:19:19.719,dev-031,voltage,228.19,kPa,GOOD
2720,2026-07-02 08:20:20.720,dev-032,pressure,522.46,%,UNCERTAIN
2721,2026-07-02 09:21:21.721,dev-033,pressure,986.60,%,GOOD
2722,2026-07-02 10:22:22.722,dev-034,pressure,731.96,C,GOOD
2723,2026-07-02 11:23:23.723,dev-035,voltage,862.73,C,GOOD
2724,2026-07-02 12:24:24.724,dev-036,current,925.57,kPa,GOOD
2725,2026-07-02 13:25:25.725,dev-037,temperature,692.20,%,GOOD
2726,2026-07-02 14:26:26.726,dev-038,pressure,562.98,A,UNCERTAIN
2727,2026-07-02 15:27:27.727,dev-039,pressure,811.74,%,UNCERTAIN
2728,2026-07-02 16:28:28.728,dev-040,temperature,649.67,C,GOOD
2729,2026-07-02 17:29:29.729,dev-041,voltage,911.81,C,GOOD
2730,2026-07-02 18:30:30.730,dev-042,temperature,154.80,V,UNCERTAIN
2731,2026-07-02 19:31:31.731,dev-043,pressure,91.59,%,GOOD
2732,2026-07-02 20:32:32.732,dev-044,current,821.15,A,UNCERTAIN
2733,2026-07-02 21:33:33.733,dev-045,temperature,714.42,C,GOOD
2734,2026-07-02 22:34:34.734,dev-046,current,823.72,kPa,UNCERTAIN
2735,2026-07-02 23:35:35.735,dev-047,voltage,390.31,%,UNCERTAIN
2736,2026-07-03 00:36:36.736,dev-048,current,272.64,C,GOOD
2737,2026-07-03 01:37:37.737,dev-049,humidity,641.54,A,GOOD
2738,2026-07-03 02:38:38.738,dev-050,current,493.75,A,GOOD
2739,2026-07-03 03:39:39.739,dev-051,temperature,255.54,%,GOOD
2740,2026-07-03 04:40:40.740,dev-052,temperature,0.19,%,UNCERTAIN
2741,2026-07-03 05:41:41.741,dev-053,current,869.09,C,GOOD
2742,2026-07-03 06:42:42.742,dev-054,current,344.91,C,UNCERTAIN
2743,2026-07-03 07:43:43.743,dev-055,current,42.44,%,GOOD
2744,2026-07-03 08:44:44.744,dev-056,humidity,502.01,%,GOOD
2745,2026-07-03 09:45:45.745,dev-057,pressure,284.29,C,UNCERTAIN
2746,2026-07-03 10:46:46.746,dev-058,temperature,51.13,kPa,GOOD
2747,2026-07-03 11:47:47.747,dev-059,humidity,894.96,A,GOOD
2748,2026-07-03 12:48:48.748,dev-060,temperature,366.26,C,GOOD
2749,2026-07-03 13:49:49.749,dev-061,current,452.89,%,GOOD
2750,2026-07-03 14:50:50.750,dev-062,humidity,303.12,C,GOOD
2751,2026-07-03 15:51:51.751,dev-063,humidity,590.22,V,UNCERTAIN
2752,2026-07-03 16:52:52.752,dev-064,voltage,759.33,%,UNCERTAIN
2753,2026-07-03 17:53:53.753,dev-065,pressure,258.55,A,GOOD
2754,2026-07-03 18:54:54.754,dev-066,voltage,743.80,%,GOOD
2755,2026-07-03 19:55:55.755,dev-067,voltage,352.01,V,GOOD
2756,2026-07-03 20:56:56.756,dev-068,humidity,92.82,C,GOOD
2757,2026-07-03 21:57:57.757,dev-069,temperature,203.04,kPa,UNCERTAIN
2758,2026-07-03 22:58:58.758,dev-070,voltage,893.66,V,UNCERTAIN
2759,2026-07-03 23:59:59.759,dev-071,voltage,806.43,V,GOOD
2760,2026-07-04 00:00:00.760,dev-072,pressure,600.09,C,GOOD
2761,2026-07-04 01:01:01.761,dev-073,pressure,484.91,kPa,UNCERTAIN
2762,2026-07-04 02:02:02.762,dev-074,current,567.85,kPa,GOOD
2763,2026-07-04 03:03:03.763,dev-075,pressure,635.82,%,GOOD
2764,2026-07-04 04:04:04.764,dev-076,current,344.27,kPa,UNCERTAIN
2765,2026-07-04 05:05:05.765,dev-077,current,19.28,kPa,UNCERTAIN
2766,2026-07-04 06:06:06.766,dev-078,voltage,129.87,C,GOOD
2767,2026-07-04 07:07:07.767,dev-079,current,715.96,V,GOOD
2768,2026-07-04 08:08:08.768,dev-080,humidity,427.75,%,GOOD
2769,2026-07-04 09:09:09.769,dev-081,current,28.34,kPa,UNCERTAIN
2770,2026-07-04 10:10:10.770,dev-082,humidity,410.41,A,GOOD
2771,2026-07-04 11:11:11.771,dev-083,humidity,126.58,V,GOOD
2772,2026-07-04 12:12:12.772,dev-084,voltage,307.27,kPa,UNCERTAIN
2773,2026-07-04 13:13:13.773,dev-085,current,414.40,V,GOOD
2774,2026-07-04 14:14:14.774,dev-086,pressure,6.43,%,GOOD
2775,2026-07-04 15:15:15.775,dev-087,humidity,834.44,V,GOOD
2776,2026-07-04 16:16:16.776,dev-088,humidity,184.19,C,UNCERTAIN
2777,2026-07-04 17:17:17.777,dev-089,voltage,206.50,C,GOOD
2778,2026-07-04 18:18:18.778,dev-090,pressure,466.31,V,GOOD
2779,2026-07-04 19:19:19.779,dev-091,temperature,896.13,V,GOOD
2780,2026-07-04 20:20:20.780,dev-092,current,33.68,kPa,GOOD
2781,2026-07-04 21:21:21.781,dev-093,humidity,458.18,V,GOOD
2782,2026-07-04 22:22:22.782,dev-094,temperature,107.07,kPa,GOOD
2783,2026-07-04 23:23:23.783,dev-095,humidity,395.66,%,GOOD
2784,2026-07-05 00:24:24.784,dev-096,voltage,456.95,%,UNCERTAIN
2785,2026-07-05 01:25:25.785,dev-097,humidity,798.60,V,GOOD
2786,2026-07-05 02:26:26.786,dev-098,current,73.28,A,UNCERTAIN
2787,2026-07-05 03:27:27.787,dev-099,pressure,332.02,C,GOOD
2788,2026-07-05 04:28:28.788,dev-100,humidity,190.97,V,GOOD
2789,2026-07-05 05:29:29.789,dev-101,voltage,0.95,kPa,GOOD
2790,2026-07-05 06:30:30.790,dev-102,pressure,877.96,C,GOOD
2791,2026-07-05 07:31:31.791,dev-103,temperature,442.26,C,GOOD
2792,2026-07-05 08:32:32.792,dev-104,pressure,751.40,kPa,GOOD
2793,2026-07-05 09:33:33.793,dev-105,voltage,706.97,A,UNCERTAIN
2794,2026-07-05 10:34:34.794,dev-106,current,174.89,%,GOOD
2795,2026-07-05 11:35:35.795,dev-107,humidity,487.14,V,GOOD
2796,2026-07-05 12:36:36.796,dev-108,humidity,31.03,A,UNCERTAIN
2797,2026-07-05 13:37:37.797,dev-109,pressure,310.17,kPa,UNCERTAIN
2798,2026-07-05 14:38:38.798,dev-110,pressure,634.54,C,GOOD
2799,2026-07-05 15:39:39.799,dev-111,current,16.82,%,GOOD
2800,2026-07-05 16:40:40.800,dev-112,temperature,51.00,C,GOOD
2801,2026-07-05 17:41:41.801,dev-113,voltage,18.06,V,GOOD
2802,2026-07-05 18:42:42.802,dev-114,current,689.62,kPa,GOOD
2803,2026-07-05 19:43:43.803,dev-115,current,986.13,A,GOOD
2804,2026-07-05 20:44:44.804,dev-116,voltage,764.69,V,UNCERTAIN
2805,2026-07-05 21:45:45.805,dev-117,pressure,779.27,kPa,UNCERTAIN
2806,2026-07-05 22:46:46.806,dev-118,humidity,373.89,V,GOOD
2807,2026-07-05 23:47:47.807,dev-119,pressure,858.72,kPa,GOOD
2808,2026-07-06 00:48:48.808,dev-120,voltage,729.26,V,GOOD
2809,2026-07-06 01:49:49.809,dev-121,voltage,194.15,A,GOOD
2810,2026-07-06 02:50:50.810,dev-122,pressure,522.45,C,GOOD
2811,2026-07-06 03:51:51.811,dev-123,temperature,410.75,kPa,GOOD
2812,2026-07-06 04:52:52.812,dev-124,pressure,808.28,V,GOOD
2813,2026-07-06 05:53:53.813,dev-125,temperature,74.27,C,GOOD
2814,2026-07-06 06:54:54.814,dev-126,pressure,626.90,kPa,GOOD
2815,2026-07-06 07:55:55.815,dev-127,humidity,513.66,C,GOOD
2816,2026-07-06 08:56:56.816,dev-000,temperature,53.44,A,GOOD
2817,2026-07-06 09:57:57.817,dev-001,humidity,682.99,V,GOOD
2818,2026-07-06 10:58:58.818,dev-002,humidity,200.18,kPa,UNCERTAIN
2819,2026-07-06 11:59:59.819,dev-003,pressure,342.71,A,UNCERTAIN
2820,2026-07-06 12:00:00.820,dev-004,temperature,164.11,A,GOOD
2821,2026-07-06 13:01:01.821,dev-005,pressure,488.09,V,GOOD
2822,2026-07-06 14:02:02.822,dev-006,voltage,398.79,%,UNCERTAIN
2823,2026-07-06 15:03:03.823,dev-007,pressure,127.25,A,GOOD
2824,2026-07-06 16:04:04.824,dev-008,pressure,390.83,%,GOOD
2825,2026-07-06 17:05:05.825,dev-009,voltage,347.48,kPa,GOOD
2826,2026-07-06 18:06:06.826,dev-010,pressure,558.34,A,GOOD
2827,2026-07-06 19:07:07.827,dev-011,temperature,834.34,%,GOOD
2828,2026-07-06 20:08:08.828,dev-012,voltage,457.32,A,GOOD
2829,2026-07-06 21:09:09.829,dev-013,pressure,579.42,V,GOOD
2830,2026-07-06 22:10:10.830,dev-014,pressure,827.26,A,UNCERTAIN
2831,2026-07-06 23:11:11.831,dev-015,temperature,90.36,kPa,GOOD
2832,2026-07-07 00:12:12.832,dev-016,voltage,571.28,C,GOOD
2833,2026-07-07 01:13:13.833,dev-017,pressure,685.10,kPa,GOOD
2834,2026-07-07 02:14:14.834,dev-018,humidity,271.78,%,GOOD
2835,2026-07-07 03:15:15.835,dev-019,current,525.18,V,GOOD
2836,2026-07-07 04:16:16.836,dev-020,pressure,842.19,A,GOOD
2837,2026-07-07 05:17:17.837,dev-021,temperature,575.58,V,GOOD
2838,2026-07-07 06:18:18.838,dev-022,pressure,414.98,A,GOOD
2839,2026-07-07 07:19:19.839,dev-023,temperature,152.55,A,GOOD
2840,2026-07-07 08:20:20.840,dev-024,humidity,416.11,C,GOOD
2841,2026-07-07 09:21:21.841,dev-025,humidity,741.57,C,GOOD
2842,2026-07-07 10:22:22.842,dev-026,humidity,396.33,A,GOOD
2843,2026-07-07 11:23:23.843,dev-027,voltage,782.30,A,UNCERTAIN
2844,2026-07-07 12:24:24.844,dev-028,pressure,829.44,kPa,UNCERTAIN
2845,2026-07-07 13:25:25.845,dev-029,humidity,161.85,A,GOOD
2846,2026-07-07 14:26:26.846,dev-030,pressure,377.02,V,GOOD
2847,2026-07-07 15:27:27.847,dev-031,voltage,556.70,kPa,GOOD
2848,2026-07-07 16:28:28.848,dev-032,humidity,991.72,kPa,UNCERTAIN
2849,2026-07-07 17:29:29.849,dev-033,voltage,827.33,A,GOOD
2850,2026-07-07 18:30:30.850,dev-034,humidity,879.58,C,UNCERTAIN
2851,2026-07-07 19:31:31.851,dev-035,pressure,603.32,V,GOOD
2852,2026-07-07 20:32:32.852,dev-036,voltage,885.23,C,GOOD
2853,2026-07-07 21:33:33.853,dev-037,voltage,566.75,%,GOOD
2854,2026-07-07 22:34:34.854,dev-038,current,685.78,%,GOOD
2855,2026-07-07 23:35:35.855,dev-039,voltage,320.09,%,GOOD
2856,2026-07-08 00:36:36.856,dev-040,pressure,324.37,A,GOOD
2857,2026-07-08 01:37:37.857,dev-041,humidity,766.76,V,UNCERTAIN
2858,2026-07-08 02:38:38.858,dev-042,current,125.97,A,GOOD
2859,2026-07-08 03:39:39.859,dev-043,voltage,81.29,V,GOOD
2860,2026-07-08 04:40:40.860,dev-044,voltage,550.17,V,GOOD
2861,2026-07-08 05:41:41.861,dev-045,humidity,73.94,V,GOOD
2862,2026-07-08 06:42:42.862,dev-046,humidity,333.39,%,GOOD
2863,2026-07-08 07:43:43.863,dev-047,current,412.61,C,UNCERTAIN
2864,2026-07-08 08:44:44.864,dev-048,humidity,917.48,A,GOOD
2865,2026-07-08 09:45:45.865,dev-049,voltage,222.50,kPa,UNCERTAIN
2866,2026-07-08 10:46:46.866,dev-050,temperature,527.13,A,GOOD
2867,2026-07-08 11:47:47.867,dev-051,pressure,357.45,C,UNCERTAIN
2868,2026-07-08 12:48:48.868,dev-052,current,153.02,A,GOOD
2869,2026-07-08 13:49:49.869,dev-053,pressure,281.37,C,GOOD
2870,2026-07-08 14:50:50.870,dev-054,voltage,693.49,A,GOOD
2871,2026-07-08 15:51:51.871,dev-055,voltage,239.40,V,GOOD
2872,2026-07-08 16:52:52.872,dev-056,humidity,60.50,%,GOOD
2873,2026-07-08 17:53:53.873,dev-057,current,362.24,V,UNCERTAIN
2874,2026-07-08 18:54:54.874,dev-058,current,286.65,kPa,GOOD
2875,2026-07-08 19:55:55.875,dev-059,temperature,784.04,C,GOOD
2876,2026-07-08 20:56:56.876,dev-060,voltage,352.20,A,GOOD
2877,2026-07-08 21:57:57.877,dev-061,voltage,298.51,C,GOOD
2878,2026-07-08 22:58:58.878,dev-062,current,88.72,V,GOOD
2879,2026-07-08 23:59:59.879,dev-063,humidity,540.13,kPa,UNCERTAIN
2880,2026-07-09 00:00:00.880,dev-064,humidity,620.08,%,GOOD
2881,2026-07-09 01:01:01.881,dev-065,humidity,965.05,C,GOOD
2882,2026-07-09 02:02:02.882,dev-066,current,285.58,V,GOOD
2883,2026-07-09 03:03:03.883,dev-067,current,140.90,kPa,GOOD
2884,2026-07-09 04:04:04.884,dev-068,current,178.91,V,UNCERTAIN
2885,2026-07-09 05:05:05.885,dev-069,current,234.54,V,UNCERTAIN
2886,2026-07-09 06:06:06.886,dev-070,pressure,154.70,%,GOOD
2887,2026-07-09 07:07:07.887,dev-071,temperature,752.29,kPa,GOOD
2888,2026-07-09 08:08:08.888,dev-072,pressure,498.37,V,GOOD
2889,2026-07-09 09:09:09.889,dev-073,temperature,667.16,kPa,UNCERTAIN
2890,2026-07-09 10:10:10.890,dev-074,voltage,542.74,C,GOOD
2891,2026-07-09 11:11:11.891,dev-075,temperature,167.48,%,GOOD
2892,2026-07-09 12:12:12.892,dev-076,temperature,516.74,kPa,GOOD
2893,2026-07-09 13:13:13.893,dev-077,temperature,179.85,C,GOOD
2894,2026-07-09 14:14:14.894,dev-078,temperature,261.00,C,GOOD
2895,2026-07-09 15:15:15.895,dev-079,pressure,10.60,A,GOOD
2896,2026-07-09 16:16:16.896,dev-080,humidity,451.62,kPa,GOOD
2897,2026-07-09 17:17:17.897,dev-081,humidity,503.71,%,UNCERTAIN
2898,2026-07-09 18:18:18.898,dev-082,voltage,671.81,%,GOOD
2899,2026-07-09 19:19:19.899,dev-083,pressure,958.59,A,GOOD
2900,2026-07-09 20:20:20.900,dev-084,temperature,638.55,C,UNCERTAIN
2901,2026-07-09 21:21:21.901,dev-085,pressure,255.12,kPa,GOOD
2902,2026-07-09 22:22:22.902,dev-086,temperature,342.98,V,GOOD
2903,2026-07-09 23:23:23.903,dev-087,humidity,239.09,%,UNCERTAIN
2904,2026-07-10 00:24:24.904,dev-088,humidity,682.69,kPa,GOOD
2905,2026-07-10 01:25:25.905,dev-089,pressure,263.59,A,GOOD
2906,2026-07-10 02:26:26.906,dev-090,voltage,415.95,V,GOOD
2907,2026-07-10 03:27:27.907,dev-091,current,748.73,kPa,GOOD
2908,2026-07-10 04:28:28.908,dev-092,pressure,228.05,A,GOOD
2909,2026-07-10 05:29:29.909,dev-093,temperature,347.30,V,GOOD
2910,2026-07-10 06:30:30.910,dev-094,current,482.61,%,GOOD
2911,2026-07-10 07:31:31.911,dev-095,humidity,651.20,A,GOOD
2912,2026-07-10 08:32:32.912,dev-096,temperature,513.36,V,GOOD
2913,2026-07-10 09:33:33.913,dev-097,temperature,689.05,C,GOOD
2914,2026-07-10 10:34:34.914,dev-098,current,754.48,A,GOOD
2915,2026-07-10 11:35:35.915,dev-099,pressure,894.49,V,UNCERTAIN
2916,2026-07-10 12:36:36.916,dev-100,voltage,854.60,V,GOOD
2917,2026-07-10 13:37:37.917,dev-101,current,186.82,%,GOOD
2918,2026-07-10 14:38:38.918,dev-102,pressure,120.67,kPa,UNCERTAIN
2919,2026-07-10 15:39:39.919,dev-103,humidity,359.72,V,UNCERTAIN
2920,2026-07-10 16:40:40.920,dev-104,temperature,6.41,A,UNCERTAIN
2921,2026-07-10 17:41:41.921,dev-105,temperature,818.15,kPa,GOOD
2922,2026-07-10 18:42:42.922,dev-106,humidity,423.60,kPa,GOOD
2923,2026-07-10 19:43:43.923,dev-107,temperature,874.24,C,UNCERTAIN
2924,2026-07-10 20:44:44.924,dev-108,humidity,632.80,C,GOOD
2925,2026-07-10 21:45:45.925,dev-109,humidity,150.79,kPa,GOOD
2926,2026-07-10 22:46:46.926,dev-110,humidity,343.27,C,UNCERTAIN
2927,2026-07-10 23:47:47.927,dev-111,voltage,127.21,kPa,GOOD
2928,2026-07-11 00:48:48.928,dev-112,voltage,561.55,A,UNCERTAIN
2929,2026-07-11 01:49:49.929,dev-113,voltage,701.87,kPa,GOOD
2930,2026-07-11 02:50:50.930,dev-114,voltage,458.00,A,GOOD
2931,2026-07-11 03:51:51.931,dev-115,current,530.69,A,GOOD
2932,2026-07-11 04:52:52.932,dev-116,humidity,852.55,kPa,GOOD
2933,2026-07-11 05:53:53.933,dev-117,current,227.84,V,GOOD
2934,2026-07-11 06:54:54.934,dev-118,humidity,598.35,V,GOOD
2935,2026-07-11 07:55:55.935,dev-119,pressure,969.23,C,GOOD
2936,2026-07-11 08:56:56.936,dev-120,voltage,852.78,V,GOOD
2937,2026-07-11 09:57:57.937,dev-121,current,229.09,C,GOOD
2938,2026-07-11 10:58:58.938,dev-122,pressure,594.91,kPa,GOOD
2939,2026-07-11 11:59:59.939,dev-123,current,832.49,C,GOOD
2940,2026-07-11 12:00:00.940,dev-124,current,544.25,A,UNCERTAIN
2941,2026-07-11 13:01:01.941,dev-125,pressure,478.49,%,GOOD
2942,2026-07-11 14:02:02.942,dev-126,current,157.16,C,GOOD
2943,2026-07-11 15:03:03.943,dev-127,current,727.59,C,UNCERTAIN
2944,2026-07-11 16:04:04.944,dev-000,voltage,937.60,A,GOOD
2945,2026-07-11 17:05:05.945,dev-001,pressure,134.75,V,GOOD
2946,2026-07-11 18:06:06.946,dev-002,voltage,407.73,%,GOOD
2947,2026-07-11 19:07:07.947,dev-003,voltage,319.38,A,GOOD
2948,2026-07-11 20:08:08.948,dev-004,pressure,603.11,A,GOOD
2949,2026-07-11 21:09:09.949,dev-005,voltage,927.99,A,GOOD
2950,2026-07-11 22:10:10.950,dev-006,current,562.56,V,GOOD
2951,2026-07-11 23:11:11.951,dev-007,voltage,318.10,C,GOOD
2952,2026-07-12 00:12:12.952,dev-008,humidity,862.44,%,UNCERTAIN
2953,2026-07-12 01:13:13.953,dev-009,temperature,719.79,C,GOOD
2954,2026-07-12 02:14:14.954,dev-010,temperature,319.45,A,GOOD
2955,2026-07-12 03:15:15.955,dev-011,temperature,943.38,V,GOOD
2956,2026-07-12 04:16:16.956,dev-012,temperature,661.26,V,GOOD
2957,2026-07-12 05:17:17.957,dev-013,temperature,671.94,A,GOOD
2958,2026-07-12 06:18:18.958,dev-014,current,215.58,C,GOOD
2959,2026-07-12 07:19:19.959,dev-015,voltage,763.65,%,UNCERTAIN
2960,2026-07-12 08:20:20.960,dev-016,current,126.34,A,UNCERTAIN
2961,2026-07-12 09:21:21.961,dev-017,current,559.51,V,GOOD
2962,2026-07-12 10:22:22.962,dev-018,pressure,362.82,A,GOOD
2963,2026-07-12 11:23:23.963,dev-019,voltage,791.86,V,GOOD
2964,2026-07-12 12:24:24.964,dev-020,pressure,962.37,C,GOOD
2965,2026-07-12 13:25:25.965,dev-021,voltage,17.20,%,UNCERTAIN
2966,2026-07-12 14:26:26.966,dev-022,humidity,204.31,C,UNCERTAIN
2967,2026-07-12 15:27:27.967,dev-023,humidity,808.85,A,GOOD
2968,2026-07-12 16:28:28.968,dev-024,current,973.33,kPa,GOOD
2969,2026-07-12 17:29:29.969,dev-025,current,221.48,kPa,UNCERTAIN
2970,2026-07-12 18:30:30.970,dev-026,voltage,333.01,A,UNCERTAIN
2971,2026-07-12 19:31:31.971,dev-027,current,901.03,C,GOOD
2972,2026-07-12 20:32:32.972,dev-028,pressure,556.76,C,GOOD
2973,2026-07-12 21:33:33.973,dev-029,humidity,351.31,kPa,UNCERTAIN
2974,2026-07-12 22:34:34.974,dev-030,temperature,964.79,kPa,GOOD
2975,2026-07-12 23:35:35.975,dev-031,temperature,495.60,V,GOOD
2976,2026-07-13 00:36:36.976,dev-032,current,211.85,C,UNCERTAIN
2977,2026-07-13 01:37:37.977,dev-033,voltage,409.03,A,GOOD
2978,2026-07-13 02:38:38.978,dev-034,temperature,175.67,%,GOOD
2979,2026-07-13 03:39:39.979,dev-035,humidity,146.10,V,UNCERTAIN
2980,2026-07-13 04:40:40.980,dev-036,current,513.12,C,GOOD
2981,2026-07-13 05:41:41.981,dev-037,current,69.61,V,GOOD
2982,2026-07-13 06:42:42.982,dev-038,voltage,260.85,A,UNCERTAIN
2983,2026-07-13 07:43:43.983,dev-039,voltage,860.62,kPa,UNCERTAIN
2984,2026-07-13 08:44:44.984,dev-040,voltage,391.41,%,GOOD
2985,2026-07-13 09:45:45.985,dev-041,voltage,2.34,kPa,GOOD
2986,2026-07-13 10:46:46.986,dev-042,current,578.92,V,GOOD
2987,2026-07-13 11:47:47.987,dev-043,current,447.46,V,GOOD
2988,2026-07-13 12:48:48.988,dev-044,current,640.99,C,GOOD
2989,2026-07-13 13:49:49.989,dev-045,humidity,362.70,C,GOOD
2990,2026-07-13 14:50:50.990,dev-046,current,901.93,A,GOOD
2991,2026-07-13 15:51:51.991,dev-047,current,579.65,%,GOOD
2992,2026-07-13 16:52:52.992,dev-048,pressure,975.46,V,GOOD
2993,2026-07-13 17:53:53.993,dev-049,humidity,496.20,%,GOOD
2994,2026-07-13 18:54:54.994,dev-050,voltage,895.14,%,GOOD
2995,2026-07-13 19:55:55.995,dev-051,voltage,327.31,C,GOOD
2996,2026-07-13 20:56:56.996,dev-052,temperature,354.50,V,GOOD
2997,2026-07-13 21:57:57.997,dev-053,temperature,775.47,%,GOOD
2998,2026-07-13 22:58:58.998,dev-054,voltage,98.78,C,GOOD
2999,2026-07-13 23:59:59.999,dev-055,pressure,778.90,kPa,GOOD
3000,2026-07-14 00:00:00.000,dev-056,current,237.33,%,UNCERTAIN
3001,2026-07-14 01:01:01.001,dev-057,current,433.83,%,UNCERTAIN
3002,2026-07-14 02:02:02.002,dev-058,temperature,3.31,V,GOOD
3003,2026-07-14 03:03:03.003,dev-059,humidity,514.95,V,UNCERTAIN
3004,2026-07-14 04:04:04.004,dev-060,temperature,945.41,kPa,UNCERTAIN
3005,2026-07-14 05:05:05.005,dev-061,humidity,504.73,kPa,GOOD
3006,2026-07-14 06:06:06.006,dev-062,pressure,50.83,kPa,GOOD
3007,2026-07-14 07:07:07.007,dev-063,current,126.34,%,UNCERTAIN
3008,2026-07-14 08:08:08.008,dev-064,humidity,221.55,%,GOOD
3009,2026-07-14 09:09:09.009,dev-065,voltage,985.16,kPa,GOOD
3010,2026-07-14 10:10:10.010,dev-066,temperature,18.05,C,GOOD
3011,2026-07-14 11:11:11.011,dev-067,voltage,55.32,kPa,GOOD
3012,2026-07-14 12:12:12.012,dev-068,pressure,923.27,%,GOOD
3013,2026-07-14 13:13:13.013,dev-069,humidity,488.20,V,GOOD
3014,2026-07-14 14:14:14.014,dev-070,temperature,168.18,V,UNCERTAIN
3015,2026-07-14 15:15:15.015,dev-071,humidity,988.02,%,UNCERTAIN
3016,2026-07-14 16:16:16.016,dev-072,temperature,30.98,%,GOOD
3017,2026-07-14 17:17:17.017,dev-073,pressure,48.92,A,GOOD
3018,2026-07-14 18:18:18.018,dev-074,humidity,864.61,kPa,GOOD
3019,2026-07-14 19:19:19.019,dev-075,pressure,714.09,V,GOOD
3020,2026-07-14 20:20:20.020,dev-076,pressure,375.32,%,GOOD
3021,2026-07-14 21:21:21.021,dev-077,voltage,310.09,kPa,UNCERTAIN
3022,2026-07-14 22:22:22.022,dev-078,humidity,867.92,C,GOOD
3023,2026-07-14 23:23:23.023,dev-079,humidity,854.82,C,GOOD
3024,2026-07-15 00:24:24.024,dev-080,pressure,807.29,C,UNCERTAIN
3025,2026-07-15 01:25:25.025,dev-081,humidity,615.15,V,GOOD
3026,2026-07-15 02:26:26.026,dev-082,current,467.85,C,GOOD
3027,2026-07-15 03:27:27.027,dev-083,humidity,881.92,V,GOOD
3028,2026-07-15 04:28:28.028,dev-084,current,661.16,A,GOOD
3029,2026-07-15 05:29:29.029,dev-085,temperature,749.57,%,GOOD
3030,2026-07-15 06:30:30.030,dev-086,humidity,39.53,V,UNCERTAIN
3031,2026-07-15 07:31:31.031,dev-087,temperature,824.28,C,GOOD
3032,2026-07-15 08:32:32.032,dev-088,temperature,942.23,V,GOOD
3033,2026-07-15 09:33:33.033,dev-089,pressure,293.22,kPa,UNCERTAIN
3034,2026-07-15 10:34:34.034,dev-090,humidity,552.87,%,GOOD
3035,2026-07-15 11:35:35.035,dev-091,pressure,730.08,V,UNCERTAIN
3036,2026-07-15 12:36:36.036,dev-092,humidity,102.32,V,GOOD
3037,2026-07-15 13:37:37.037,dev-093,voltage,488.78,kPa,GOOD
3038,2026-07-15 14:38:38.038,dev-094,current,131.84,%,GOOD
3039,2026-07-15 15:39:39.039,dev-095,temperature,633.96,C,GOOD
3040,2026-07-15 16:40:40.040,dev-096,temperature,824.70,kPa,GOOD
3041,2026-07-15 17:41:41.041,dev-097,pressure,456.48,%,UNCERTAIN
3042,2026-07-15 18:42:42.042,dev-098,pressure,153.25,kPa,GOOD
3043,2026-07-15 19:43:43.043,dev-099,current,43.50,kPa,GOOD
3044,2026-07-15 20:44:44.044,dev-100,current,896.33,C,UNCERTAIN
3045,2026-07-15 21:45:45.045,dev-101,pressure,644.74,%,GOOD
3046,2026-07-15 22:46:46.046,dev-102,temperature,528.38,%,GOOD
3047,2026-07-15 23:47:47.047,dev-103,humidity,745.78,A,UNCERTAIN
3048,2026-07-16 00:48:48.048,dev-104,humidity,8.68,%,GOOD
3049,2026-07-16 01:49:49.049,dev-105,current,205.50,%,GOOD
3050,2026-07-16 02:50:50.050,dev-106,temperature,144.88,V,GOOD
3051,2026-07-16 03:51:51.051,dev-107,humidity,361.75,C,GOOD
3052,2026-07-16 04:52:52.052,dev-108,pressure,78.73,%,UNCERTAIN
3053,2026-07-16 05:53:53.053,dev-109,humidity,292.49,C,GOOD
3054,2026-07-16 06:54:54.054,dev-110,voltage,230.64,A,UNCERTAIN
3055,2026-07-16 07:55:55.055,dev-111,current,260.70,kPa,GOOD
3056,2026-07-16 08:56:56.056,dev-112,temperature,671.78,V,GOOD
3057,2026-07-16 09:57:57.057,dev-113,temperature,743.11,kPa,GOOD
3058,2026-07-16 10:58:58.058,dev-114,humidity,445.77,kPa,GOOD
3059,2026-07-16 11:59:59.059,dev-115,temperature,790.01,V,GOOD
3060,2026-07-16 12:00:00.060,dev-116,current,530.16,V,UNCERTAIN
3061,2026-07-16 13:01:01.061,dev-117,humidity,775.28,V,GOOD
3062,2026-07-16 14:02:02.062,dev-118,pressure,326.00,A,GOOD
3063,2026-07-16 15:03:03.063,dev-119,humidity,828.14,V,UNCERTAIN
3064,2026-07-16 16:04:04.064,dev-120,temperature,784.86,A,UNCERTAIN
3065,2026-07-16 17:05:05.065,dev-121,temperature,775.43,A,GOOD
3066,2026-07-16 18:06:06.066,dev-122,voltage,343.91,A,GOOD
3067,2026-07-16 19:07:07.067,dev-123,pressure,883.16,kPa,GOOD
3068,2026-07-16 20:08:08.068,dev-124,temperature,974.45,A,GOOD
3069,2026-07-16 21:09:09.069,dev-125,current,317.71,kPa,GOOD
3070,2026-07-16 22:10:10.070,dev-126,current,483.62,A,GOOD
3071,2026-07-16 23:11:11.071,dev-127,temperature,38.11,kPa,UNCERTAIN
3072,2026-07-17 00:12:12.072,dev-000,voltage,730.93,C,UNCERTAIN
3073,2026-07-17 01:13:13.073,dev-001,pressure,945.65,V,UNCERTAIN
3074,2026-07-17 02:14:14.074,dev-002,humidity,911.93,%,GOOD
3075,2026-07-17 03:15:15.075,dev-003,current,244.57,C,GOOD
3076,2026-07-17 04:16:16.076,dev-004,voltage,41.09,%,GOOD
3077,2026-07-17 05:17:17.077,dev-005,pressure,696.36,C,GOOD
3078,2026-07-17 06:18:18.078,dev-006,humidity,820.97,V,UNCERTAIN
3079,2026-07-17 07:19:19.079,dev-007,temperature,50.85,C,UNCERTAIN
3080,2026-07-17 08:20:20.080,dev-008,humidity,362.09,C,GOOD
3081,2026-07-17 09:21:21.081,dev-009,current,964.39,A,GOOD
3082,2026-07-17 10:22:22.082,dev-010,humidity,916.22,V,GOOD
3083,2026-07-17 11:23:23.083,dev-011,pressure,868.96,V,UNCERTAIN
3084,2026-07-17 12:24:24.084,dev-012,humidity,442.33,A,GOOD
3085,2026-07-17 13:25:25.085,dev-013,voltage,856.57,%,GOOD
3086,2026-07-17 14:26:26.086,dev-014,current,518.60,A,UNCERTAIN
3087,2026-07-17 15:27:27.087,dev-015,humidity,173.25,V,GOOD
3088,2026-07-17 16:28:28.088,dev-016,humidity,772.66,V,GOOD
3089,2026-07-17 17:29:29.089,dev-017,current,195.04,C,GOOD
3090,2026-07-17 18:30:30.090,dev-018,current,393.24,%,UNCERTAIN
3091,2026-07-17 19:31:31.091,dev-019,current,296.68,V,GOOD
3092,2026-07-17 20:32:32.092,dev-020,pressure,236.13,V,UNCERTAIN
3093,2026-07-17 21:33:33.093,dev-021,current,759.90,kPa,UNCERTAIN
3094,2026-07-17 22:34:34.094,dev-022,voltage,582.50,A,GOOD
3095,2026-07-17 23:35:35.095,dev-023,humidity,422.18,A,GOOD
3096,2026-07-18 00:36:36.096,dev-024,temperature,356.29,%,GOOD
3097,2026-07-18 01:37:37.097,dev-025,temperature,275.29,V,GOOD
3098,2026-07-18 02:38:38.098,dev-026,current,19.50,C,UNCERTAIN
3099,2026-07-18 03:39:39.099,dev-027,current,160.98,V,GOOD
3100,2026-07-18 04:40:40.100,dev-028,humidity,992.66,C,GOOD
3101,2026-07-18 05:41:41.101,dev-029,humidity,98.47,C,GOOD
3102,2026-07-18 06:42:42.102,dev-030,temperature,674.35,A,UNCERTAIN
3103,2026-07-18 07:43:43.103,dev-031,humidity,852.72,C,GOOD
3104,2026-07-18 08:44:44.104,dev-032,current,920.26,A,GOOD
3105,2026-07-18 09:45:45.105,dev-033,temperature,679.83,C,GOOD
3106,2026-07-18 10:46:46.106,dev-034,pressure,85.59,kPa,GOOD
3107,2026-07-18 11:47:47.107,dev-035,voltage,525.88,kPa,GOOD
3108,2026-07-18 12:48:48.108,dev-036,current,458.83,%,GOOD
3109,2026-07-18 13:49:49.109,dev-037,voltage,687.16,C,GOOD
3110,2026-07-18 14:50:50.110,dev-038,humidity,46.48,V,GOOD
3111,2026-07-18 15:51:51.111,dev-039,pressure,115.25,%,GOOD
3112,2026-07-18 16:52:52.112,dev-040,humidity,820.87,A,GOOD
3113,2026-07-18 17:53:53.113,dev-041,voltage,944.36,%,GOOD
3114,2026-07-18 18:54:54.114,dev-042,temperature,753.86,C,UNCERTAIN
3115,2026-07-18 19:55:55.115,dev-043,humidity,782.20,V,GOOD
3116,2026-07-18 20:56:56.116,dev-044,current,485.47,A,UNCERTAIN
3117,2026-07-18 21:57:57.117,dev-045,current,339.71,%,GOOD
3118,2026-07-18 22:58:58.118,dev-046,current,749.69,kPa,GOOD
3119,2026-07-18 23:59:59.119,dev-047,pressure,278.54,V,GOOD
3120,2026-07-19 00:00:00.120,dev-048,pressure,295.71,kPa,GOOD
3121,2026-07-19 01:01:01.121,dev-049,voltage,545.51,kPa,GOOD
3122,2026-07-19 02:02:02.122,dev-050,current,723.23,C,GOOD
3123,2026-07-19 03:03:03.123,dev-051,humidity,307.59,%,GOOD
3124,2026-07-19 04:04:04.124,dev-052,humidity,541.62,A,GOOD
3125,2026-07-19 05:05:05.125,dev-053,current,913.80,V,GOOD
3126,2026-07-19 06:06:06.126,dev-054,pressure,90.96,V,GOOD
3127,2026-07-19 07:07:07.127,dev-055,temperature,921.53,C,GOOD
3128,2026-07-19 08:08:08.128,dev-056,voltage,931.74,A,GOOD
3129,2026-07-19 09:09:09.129,dev-057,humidity,546.42,%,GOOD
3130,2026-07-19 10:10:10.130,dev-058,temperature,244.43,kPa,GOOD
3131,2026-07-19 11:11:11.131,dev-059,pressure,641.01,V,GOOD
3132,2026-07-19 12:12:12.132,dev-060,humidity,902.87,V,UNCERTAIN
3133,2026-07-19 13:13:13.133,dev-061,humidity,182.46,A,GOOD
3134,2026-07-19 14:14:14.134,dev-062,pressure,382.90,V,GOOD
3135,2026-07-19 15:15:15.135,dev-063,temperature,517.52,kPa,GOOD
3136,2026-07-19 16:16:16.136,dev-064,pressure,483.56,V,GOOD
3137,2026-07-19 17:17:17.137,dev-065,pressure,24.77,%,GOOD
3138,2026-07-19 18:18:18.138,dev-066,humidity,180.34,C,GOOD
3139,2026-07-19 19:19:19.139,dev-067,voltage,894.36,kPa,UNCERTAIN
3140,2026-07-19 20:20:20.140,dev-068,voltage,193.90,%,UNCERTAIN
3141,2026-07-19 21:21:21.141,dev-069,voltage,643.05,A,GOOD
3142,2026-07-19 22:22:22.142,dev-070,voltage,286.49,V,GOOD
3143,2026-07-19 23:23:23.143,dev-071,pressure,199.82,A,UNCERTAIN
3144,2026-07-20 00:24:24.144,dev-072,pressure,199.40,%,GOOD
3145,2026-07-20 01:25:25.145,dev-073,pressure,545.28,kPa,GOOD
3146,2026-07-20 02:26:26.146,dev-074,temperature,601.74,A,GOOD
3147,2026-07-20 03:27:27.147,dev-075,temperature,509.45,A,UNCERTAIN
3148,2026-07-20 04:28:28.148,dev-076,pressure,184.67,kPa,UNCERTAIN
3149,2026-07-20 05:29:29.149,dev-077,current,345.47,A,GOOD
3150,2026-07-20 06:30:30.150,dev-078,pressure,175.28,kPa,GOOD
3151,2026-07-20 07:31:31.151,dev-079,temperature,324.41,%,GOOD
3152,2026-07-20 08:32:32.152,dev-080,temperature,323.68,V,UNCERTAIN
3153,2026-07-20 09:33:33.153,dev-081,humidity,178.42,A,GOOD
3154,2026-07-20 10:34:34.154,dev-082,humidity,525.11,V,GOOD
3155,2026-07-20 11:35:35.155,dev-083,temperature,281.24,V,UNCERTAIN
3156,2026-07-20 12:36:36.156,dev-084,temperature,116.68,V,GOOD
3157,2026-07-20 13:37:37.157,dev-085,temperature,699.79,kPa,GOOD
3158,2026-07-20 14:38:38.158,dev-086,pressure,495.64,V,GOOD
3159,2026-07-20 15:39:39.159,dev-087,temperature,751.78,A,GOOD
3160,2026-07-20 16:40:40.160,dev-088,pressure,591.85,A,GOOD
3161,2026-07-20 17:41:41.161,dev-089,current,266.15,%,GOOD
3162,2026-07-20 18:42:42.162,dev-090,pressure,690.86,%,UNCERTAIN
3163,2026-07-20 19:43:43.163,dev-091,humidity,678.22,A,UNCERTAIN
3164,2026-07-20 20:44:44.164,dev-092,temperature,636.37,kPa,UNCERTAIN
3165,2026-07-20 21:45:45.165,dev-093,humidity,743.44,A,UNCERTAIN
3166,2026-07-20 22:46:46.166,dev-094,pressure,847.69,kPa,UNCERTAIN
3167,2026-07-20 23:47:47.167,dev-095,pressure,240.46,V,GOOD
3168,2026-07-21 00:48:48.168,dev-096,humidity,719.26,A,GOOD
3169,2026-07-21 01:49:49.169,dev-097,current,860.10,%,GOOD
3170,2026-07-21 02:50:50.170,dev-098,current,898.48,%,GOOD
3171,2026-07-21 03:51:51.171,dev-099,current,668.68,V,UNCERTAIN
3172,2026-07-21 04:52:52.172,dev-100,current,534.50,kPa,GOOD
3173,2026-07-21 05:53:53.173,dev-101,humidity,951.62,kPa,UNCERTAIN
3174,2026-07-21 06:54:54.174,dev-102,current,310.69,kPa,GOOD
3175,2026-07-21 07:55:55.175,dev-103,pressure,937.98,%,GOOD
3176,2026-07-21 08:56:56.176,dev-104,voltage,139.27,kPa,UNCERTAIN
3177,2026-07-21 09:57:57.177,dev-105,temperature,496.36,%,GOOD
3178,2026-07-21 10:58:58.178,dev-106,pressure,148.07,kPa,GOOD
3179,2026-07-21 11:59:59.179,dev-107,pressure,838.18,A,GOOD
3180,2026-07-21 12:00:00.180,dev-108,pressure,240.62,A,GOOD
3181,2026-07-21 13:01:01.181,dev-109,current,686.91,kPa,GOOD
3182,2026-07-21 14:02:02.182,dev-110,temperature,33.67,V,GOOD
3183,2026-07-21 15:03:03.183,dev-111,voltage,288.63,%,GOOD
3184,2026-07-21 16:04:04.184,dev-112,voltage,992.93,A,GOOD
3185,2026-07-21 17:05:05.185,dev-113,humidity,303.33,A,UNCERTAIN
3186,2026-07-21 18:06:06.186,dev-114,humidity,895.43,C,GOOD
3187,2026-07-21 19:07:07.187,dev-115,current,722.75,V,GOOD
3188,2026-07-21 20:08:08.188,dev-116,current,245.02,C,GOOD
3189,2026-07-21 21:09:09.189,dev-117,temperature,460.16,V,UNCERTAIN
3190,2026-07-21 22:10:10.190,dev-118,current,949.87,kPa,GOOD
3191,2026-07-21 23:11:11.191,dev-119,humidity,137.26,kPa,GOOD
3192,2026-07-22 00:12:12.192,dev-120,humidity,879.72,kPa,UNCERTAIN
3193,2026-07-22 01:13:13.193,dev-121,temperature,35.43,C,GOOD
3194,2026-07-22 02:14:14.194,dev-122,temperature,933.76,%,GOOD
3195,2026-07-22 03:15:15.195,dev-123,humidity,637.44,kPa,GOOD
3196,2026-07-22 04:16:16.196,dev-124,temperature,873.77,V,GOOD
3197,2026-07-22 05:17:17.197,dev-125,humidity,775.69,kPa,GOOD
3198,2026-07-22 06:18:18.198,dev-126,temperature,572.65,V,GOOD
3199,2026-07-22 07:19:19.199,dev-127,pressure,198.02,A,GOOD
3200,2026-07-22 08:20:20.200,dev-000,temperature,327.94,%,UNCERTAIN
3201,2026-07-22 09:21:21.201,dev-001,pressure,724.73,%,UNCERTAIN
3202,2026-07-22 10:22:22.202,dev-002,humidity,691.63,C,GOOD
3203,2026-07-22 11:23:23.203,dev-003,current,370.26,V,GOOD
3204,2026-07-22 12:24:24.204,dev-004,pressure,736.26,V,GOOD
3205,2026-07-22 13:25:25.205,dev-005,voltage,64.10,kPa,UNCERTAIN
3206,2026-07-22 14:26:26.206,dev-006,voltage,10.94,A,GOOD
3207,2026-07-22 15:27:27.207,dev-007,humidity,801.19,kPa,GOOD
3208,2026-07-22 16:28:28.208,dev-008,temperature,785.07,A,GOOD
3209,2026-07-22 17:29:29.209,dev-009,temperature,458.76,V,UNCERTAIN
3210,2026-07-22 18:30:30.210,dev-010,pressure,594.56,kPa,GOOD
3211,2026-07-22 19:31:31.211,dev-011,humidity,572.12,A,UNCERTAIN
3212,2026-07-22 20:32:32.212,dev-012,humidity,921.92,A,GOOD
3213,2026-07-22 21:33:33.213,dev-013,temperature,465.16,A,GOOD
3214,2026-07-22 22:34:34.214,dev-014,humidity,775.62,V,UNCERTAIN
3215,2026-07-22 23:35:35.215,dev-015,pressure,5.17,kPa,GOOD
3216,2026-07-23 00:36:36.216,dev-016,voltage,548.67,C,GOOD
3217,2026-07-23 01:37:37.217,dev-017,pressure,262.87,C,GOOD
3218,2026-07-23 02:38:38.218,dev-018,humidity,302.29,A,GOOD
3219,2026-07-23 03:39:39.219,dev-019,temperature,703.96,C,UNCERTAIN
3220,2026-07-23 04:40:40.220,dev-020,humidity,129.68,kPa,GOOD
3221,2026-07-23 05:41:41.221,dev-021,voltage,228.01,%,GOOD
3222,2026-07-23 06:42:42.222,dev-022,humidity,414.80,kPa,UNCERTAIN
3223,2026-07-23 07:43:43.223,dev-023,voltage,17.01,C,GOOD
3224,2026-07-23 08:44:44.224,dev-024,temperature,968.37,A,GOOD
3225,2026-07-23 09:45:45.225,dev-025,current,73.84,kPa,UNCERTAIN
3226,2026-07-23 10:46:46.226,dev-026,temperature,135.94,A,GOOD
3227,2026-07-23 11:47:47.227,dev-027,pressure,779.56,C,GOOD
3228,2026-07-23 12:48:48.228,dev-028,temperature,140.33,%,GOOD
3229,2026-07-23 13:49:49.229,dev-029,pressure,787.01,kPa,GOOD
3230,2026-07-23 14:50:50.230,dev-030,temperature,250.18,kPa,GOOD
3231,2026-07-23 15:51:51.231,dev-031,temperature,672.09,A,UNCERTAIN
3232,2026-07-23 16:52:52.232,dev-032,humidity,982.71,A,UNCERTAIN
3233,2026-07-23 17:53:53.233,dev-033,humidity,885.94,C,GOOD
3234,2026-07-23 18:54:54.234,dev-034,voltage,711.39,A,GOOD
3235,2026-07-23 19:55:55.235,dev-035,humidity,547.74,C,GOOD
3236,2026-07-23 20:56:56.236,dev-036,humidity,578.17,V,GOOD
3237,2026-07-23 21:57:57.237,dev-037,pressure,624.90,C,UNCERTAIN
3238,2026-07-23 22:58:58.238,dev-038,voltage,88.80,%,GOOD
3239,2026-07-23 23:59:59.239,dev-039,voltage,386.47,V,GOOD
3240,2026-07-24 00:00:00.240,dev-040,voltage,279.76,kPa,GOOD
3241,2026-07-24 01:01:01.241,dev-041,temperature,59.58,A,GOOD
3242,2026-07-24 02:02:02.242,dev-042,pressure,659.88,%,GOOD
3243,2026-07-24 03:03:03.243,dev-043,pressure,608.22,C,GOOD
3244,2026-07-24 04:04:04.244,dev-044,current,843.67,V,GOOD
3245,2026-07-24 05:05:05.245,dev-045,current,780.13,C,GOOD
3246,2026-07-24 06:06:06.246,dev-046,temperature,711.18,%,GOOD
3247,2026-07-24 07:07:07.247,dev-047,voltage,890.50,C,GOOD
3248,2026-07-24 08:08:08.248,dev-048,current,101.98,V,GOOD
3249,2026-07-24 09:09:09.249,dev-049,voltage,714.17,%,GOOD
3250,2026-07-24 10:10:10.250,dev-050,pressure,458.08,V,GOOD
3251,2026-07-24 11:11:11.251,dev-051,temperature,262.51,V,GOOD
3252,2026-07-24 12:12:12.252,dev-052,pressure,301.50,A,UNCERTAIN
3253,2026-07-24 13:13:13.253,dev-053,humidity,963.87,C,GOOD
3254,2026-07-24 14:14:14.254,dev-054,temperature,207.75,kPa,GOOD
3255,2026-07-24 15:15:15.255,dev-055,humidity,961.24,V,GOOD
3256,2026-07-24 16:16:16.256,dev-056,voltage,900.93,%,GOOD
3257,2026-07-24 17:17:17.257,dev-057,temperature,709.75,A,GOOD
3258,2026-07-24 18:18:18.258,dev-058,humidity,812.09,C,GOOD
3259,2026-07-24 19:19:19.259,dev-059,pressure,795.37,V,UNCERTAIN
3260,2026-07-24 20:20:20.260,dev-060,current,286.02,%,GOOD
3261,2026-07-24 21:21:21.261,dev-061,current,851.37,C,GOOD
3262,2026-07-24 22:22:22.262,dev-062,temperature,302.40,C,GOOD
3263,2026-07-24 23:23:23.263,dev-063,humidity,87.79,A,GOOD
3264,2026-07-25 00:24:24.264,dev-064,voltage,811.85,V,UNCERTAIN
3265,2026-07-25 01:25:25.265,dev-065,temperature,820.44,A,GOOD
3266,2026-07-25 02:26:26.266,dev-066,humidity,345.33,A,GOOD
3267,2026-07-25 03:27:27.267,dev-067,current,19.13,C,GOOD
3268,2026-07-25 04:28:28.268,dev-068,voltage,956.90,V,GOOD
3269,2026-07-25 05:29:29.269,dev-069,voltage,408.12,V,UNCERTAIN
3270,2026-07-25 06:30:30.270,dev-070,humidity,379.80,kPa,UNCERTAIN
3271,2026-07-25 07:31:31.271,dev-071,voltage,321.52,V,UNCERTAIN
3272,2026-07-25 08:32:32.272,dev-072,temperature,618.42,A,UNCERTAIN
3273,2026-07-25 09:33:33.273,dev-073,voltage,272.85,C,GOOD
3274,2026-07-25 10:34:34.274,dev-074,voltage,153.12,C,GOOD
3275,2026-07-25 11:35:35.275,dev-075,current,454.81,kPa,GOOD
3276,2026-07-25 12:36:36.276,dev-076,pressure,842.39,C,GOOD
3277,2026-07-25 13:37:37.277,dev-077,pressure,74.61,A,GOOD
3278,2026-07-25 14:38:38.278,dev-078,pressure,220.87,kPa,GOOD
3279,2026-07-25 15:39:39.279,dev-079,temperature,674.74,%,GOOD
3280,2026-07-25 16:40:40.280,dev-080,temperature,862.66,C,GOOD
3281,2026-07-25 17:41:41.281,dev-081,voltage,79.24,V,UNCERTAIN
3282,2026-07-25 18:42:42.282,dev-082,temperature,674.77,%,GOOD
3283,2026-07-25 19:43:43.283,dev-083,current,212.60,kPa,GOOD
3284,2026-07-25 20:44:44.284,dev-084,voltage,182.60,A,GOOD
3285,2026-07-25 21:45:45.285,dev-085,voltage,150.34,C,UNCERTAIN
3286,2026-07-25 22:46:46.286,dev-086,temperature,973.80,A,GOOD
3287,2026-07-25 23:47:47.287,dev-087,pressure,942.10,kPa,GOOD
3288,2026-07-26 00:48:48.288,dev-088,current,265.54,C,GOOD
3289,2026-07-26 01:49:49.289,dev-089,humidity,251.13,V,UNCERTAIN
3290,2026-07-26 02:50:50.290,dev-090,current,858.22,V,GOOD
3291,2026-07-26 03:51:51.291,dev-091,temperature,691.84,A,GOOD
3292,2026-07-26 04:52:52.292,dev-092,voltage,519.96,%,GOOD
3293,2026-07-26 05:53:53.293,dev-093,pressure,247.68,C,GOOD
3294,2026-07-26 06:54:54.294,dev-094,temperature,290.88,A,UNCERTAIN
3295,2026-07-26 07:55:55.295,dev-095,temperature,105.81,V,GOOD
3296,2026-07-26 08:56:56.296,dev-096,current,198.29,C,GOOD
3297,2026-07-26 09:57:57.297,dev-097,voltage,753.96,V,GOOD
3298,2026-07-26 10:58:58.298,dev-098,voltage,125.18,V,GOOD
3299,2026-07-26 11:59:59.299,dev-099,pressure,517.66,A,GOOD
3300,2026-07-26 12:00:00.300,dev-100,pressure,416.75,V,GOOD
3301,2026-07-26 13:01:01.301,dev-101,pressure,86.09,V,GOOD
3302,2026-07-26 14:02:02.302,dev-102,humidity,692.00,A,GOOD
3303,2026-07-26 15:03:03.303,dev-103,voltage,131.33,A,GOOD
3304,2026-07-26 16:04:04.304,dev-104,current,678.77,kPa,GOOD
3305,2026-07-26 17:05:05.305,dev-105,temperature,359.65,C,GOOD
3306,2026-07-26 18:06:06.306,dev-106,pressure,981.91,kPa,GOOD
3307,2026-07-26 19:07:07.307,dev-107,temperature,698.22,%,UNCERTAIN
3308,2026-07-26 20:08:08.308,dev-108,voltage,511.05,%,GOOD
3309,2026-07-26 21:09:09.309,dev-109,temperature,898.94,C,GOOD
3310,2026-07-26 22:10:10.310,dev-110,humidity,480.54,kPa,UNCERTAIN
3311,2026-07-26 23:11:11.311,dev-111,current,579.52,A,GOOD
3312,2026-07-27 00:12:12.312,dev-112,humidity,403.59,A,UNCERTAIN
3313,2026-07-27 01:13:13.313,dev-113,current,526.29,%,UNCERTAIN
3314,2026-07-27 02:14:14.314,dev-114,temperature,812.78,C,GOOD
3315,2026-07-27 03:15:15.315,dev-115,humidity,159.16,kPa,GOOD
3316,2026-07-27 04:16:16.316,dev-116,current,607.30,C,UNCERTAIN
3317,2026-07-27 05:17:17.317,dev-117,current,846.43,A,GOOD
3318,2026-07-27 06:18:18.318,dev-118,humidity,93.52,kPa,GOOD
3319,2026-07-27 07:19:19.319,dev-119,humidity,638.64,C,GOOD
3320,2026-07-27 08:20:20.320,dev-120,current,180.11,%,GOOD
3321,2026-07-27 09:21:21.321,dev-121,temperature,128.21,%,GOOD
3322,2026-07-27 10:22:22.322,dev-122,humidity,342.60,V,UNCERTAIN
3323,2026-07-27 11:23:23.323,dev-123,current,727.01,C,UNCERTAIN
3324,2026-07-27 12:24:24.324,dev-124,pressure,682.80,V,GOOD
3325,2026-07-27 13:25:25.325,dev-125,voltage,632.80,kPa,UNCERTAIN
3326,2026-07-27 14:26:26.326,dev-126,humidity,624.56,A,GOOD
3327,2026-07-27 15:27:27.327,dev-127,pressure,277.65,%,GOOD
3328,2026-07-27 16:28:28.328,dev-000,current,317.24,A,GOOD
3329,2026-07-27 17:29:29.329,dev-001,current,661.03,%,GOOD
3330,2026-07-27 18:30:30.330,dev-002,humidity,366.14,A,UNCERTAIN
3331,2026-07-27 19:31:31.331,dev-003,temperature,482.95,A,GOOD
3332,2026-07-27 20:32:32.332,dev-004,humidity,352.65,A,GOOD
3333,2026-07-27 21:33:33.333,dev-005,voltage,667.57,%,GOOD
3334,2026-07-27 22:34:34.334,dev-006,current,306.95,A,GOOD
3335,2026-07-27 23:35:35.335,dev-007,pressure,82.85,A,GOOD
3336,2026-07-28 00:36:36.336,dev-008,current,637.19,%,UNCERTAIN
3337,2026-07-28 01:37:37.337,dev-009,humidity,634.48,V,UNCERTAIN
3338,2026-07-28 02:38:38.338,dev-010,humidity,867.96,C,GOOD
3339,2026-07-28 03:39:39.339,dev-011,humidity,720.06,C,GOOD
3340,2026-07-28 04:40:40.340,dev-012,current,270.97,V,UNCERTAIN
3341,2026-07-28 05:41:41.341,dev-013,humidity,188.48,V,GOOD
3342,2026-07-28 06:42:42.342,dev-014,temperature,823.70,V,GOOD
3343,2026-07-28 07:43:43.343,dev-015,pressure,466.67,C,GOOD
3344,2026-07-28 08:44:44.344,dev-016,humidity,733.93,A,GOOD
3345,2026-07-28 09:45:45.345,dev-017,voltage,196.11,A,GOOD
3346,2026-07-28 10:46:46.346,dev-018,temperature,511.37,%,GOOD
3347,2026-07-28 11:47:47.347,dev-019,temperature,909.76,kPa,GOOD
3348,2026-07-28 12:48:48.348,dev-020,current,63.20,kPa,UNCERTAIN
3349,2026-07-28 13:49:49.349,dev-021,humidity,559.79,A,GOOD
3350,2026-07-28 14:50:50.350,dev-022,temperature,936.53,%,UNCERTAIN
3351,2026-07-28 15:51:51.351,dev-023,humidity,544.56,A,GOOD
3352,2026-07-28 16:52:52.352,dev-024,current,139.38,%,GOOD
3353,2026-07-28 17:53:53.353,dev-025,current,298.86,%,GOOD
3354,2026-07-28 18:54:54.354,dev-026,voltage,182.00,kPa,UNCERTAIN
3355,2026-07-28 19:55:55.355,dev-027,current,774.79,A,GOOD
3356,2026-07-28 20:56:56.356,dev-028,current,851.56,kPa,UNCERTAIN
3357,2026-07-28 21:57:57.357,dev-029,pressure,760.12,C,GOOD
3358,2026-07-28 22:58:58.358,dev-030,humidity,212.91,C,GOOD
3359,2026-07-28 23:59:59.359,dev-031,current,291.35,%,UNCERTAIN
3360,2026-07-01 00:00:00.360,dev-032,voltage,65.22,kPa,GOOD
3361,2026-07-01 01:01:01.361,dev-033,voltage,386.08,C,UNCERTAIN
3362,2026-07-01 02:02:02.362,dev-034,voltage,519.86,V,UNCERTAIN
3363,2026-07-01 03:03:03.363,dev-035,temperature,581.15,%,UNCERTAIN
3364,2026-07-01 04:04:04.364,dev-036,pressure,468.91,C,GOOD
3365,2026-07-01 05:05:05.365,dev-037,pressure,396.05,kPa,GOOD
3366,2026-07-01 06:06:06.366,dev-038,pressure,622.76,V,GOOD
3367,2026-07-01 07:07:07.367,dev-039,current,880.02,%,GOOD
3368,2026-07-01 08:08:08.368,dev-040,pressure,184.05,%,GOOD
3369,2026-07-01 09:09:09.369,dev-041,temperature,208.01,kPa,GOOD
3370,2026-07-01 10:10:10.370,dev-042,humidity,693.97,C,GOOD
3371,2026-07-01 11:11:11.371,dev-043,temperature,654.30,V,GOOD
3372,2026-07-01 12:12:12.372,dev-044,pressure,557.75,%,UNCERTAIN
3373,2026-07-01 13:13:13.373,dev-045,current,962.02,A,GOOD
3374,2026-07-01 14:14:14.374,dev-046,voltage,437.59,kPa,UNCERTAIN
3375,2026-07-01 15:15:15.375,dev-047,temperature,147.67,A,GOOD
3376,2026-07-01 16:16:16.376,dev-048,current,504.67,C,GOOD
3377,2026-07-01 17:17:17.377,dev-049,temperature,37.84,V,UNCERTAIN
3378,2026-07-01 18:18:18.378,dev-050,humidity,975.29,V,GOOD
3379,2026-07-01 19:19:19.379,dev-051,temperature,294.33,kPa,GOOD
3380,2026-07-01 20:20:20.380,dev-052,current,383.42,V,GOOD
3381,2026-07-01 21:21:21.381,dev-053,current,337.32,V,GOOD
3382,2026-07-01 22:22:22.382,dev-054,current,900.56,%,GOOD
3383,2026-07-01 23:23:23.383,dev-055,pressure,543.46,V,GOOD
3384,2026-07-02 00:24:24.384,dev-056,current,241.01,V,UNCERTAIN
3385,2026-07-02 01:25:25.385,dev-057,temperature,806.03,%,GOOD
3386,2026-07-02 02:26:26.386,dev-058,temperature,999.87,%,GOOD
3387,2026-07-02 03:27:27.387,dev-059,humidity,555.06,V,GOOD
3388,2026-07-02 04:28:28.388,dev-060,temperature,520.64,%,UNCERTAIN
3389,2026-07-02 05:29:29.389,dev-061,humidity,219.01,%,GOOD
3390,2026-07-02 06:30:30.390,dev-062,temperature,880.78,%,UNCERTAIN
3391,2026-07-02 07:31:31.391,dev-063,humidity,113.23,V,GOOD
3392,2026-07-02 08:32:32.392,dev-064,pressure,184.70,%,GOOD
3393,2026-07-02 09:33:33.393,dev-065,voltage,210.61,C,GOOD
3394,2026-07-02 10:34:34.394,dev-066,humidity,685.44,V,GOOD
3395,2026-07-02 11:35:35.395,dev-067,humidity,879.32,A,GOOD
3396,2026-07-02 12:36:36.396,dev-068,pressure,103.94,kPa,GOOD
3397,2026-07-02 13:37:37.397,dev-069,humidity,540.47,kPa,UNCERTAIN
3398,2026-07-02 14:38:38.398,dev-070,current,347.32,%,GOOD
3399,2026-07-02 15:39:39.399,dev-071,temperature,48.39,kPa,GOOD
3400,2026-07-02 16:40:40.400,dev-072,voltage,710.80,kPa,GOOD
3401,2026-07-02 17:41:41.401,dev-073,temperature,316.25,kPa,GOOD
3402,2026-07-02 18:42:42.402,dev-074,humidity,329.11,C,GOOD
3403,2026-07-02 19:43:43.403,dev-075,humidity,359.67,V,GOOD
3404,2026-07-02 20:44:44.404,dev-076,humidity,377.22,C,UNCERTAIN
3405,2026-07-02 21:45:45.405,dev-077,temperature,884.98,kPa,GOOD
3406,2026-07-02 22:46:46.406,dev-078,pressure,734.66,V,GOOD
3407,2026-07-02 23:47:47.407,dev-079,current,297.68,kPa,GOOD
3408,2026-07-03 00:48:48.408,dev-080,voltage,319.04,V,GOOD
3409,2026-07-03 01:49:49.409,dev-081,current,211.51,kPa,UNCERTAIN
3410,2026-07-03 02:50:50.410,dev-082,voltage,142.27,kPa,GOOD
3411,2026-07-03 03:51:51.411,dev-083,pressure,352.27,A,GOOD
3412,2026-07-03 04:52:52.412,dev-084,humidity,408.53,kPa,UNCERTAIN
3413,2026-07-03 05:53:53.413,dev-085,pressure,298.47,V,GOOD
3414,2026-07-03 06:54:54.414,dev-086,pressure,371.66,C,UNCERTAIN
3415,2026-07-03 07:55:55.415,dev-087,current,917.88,kPa,GOOD
3416,2026-07-03 08:56:56.416,dev-088,temperature,429.78,kPa,UNCERTAIN
3417,2026-07-03 09:57:57.417,dev-089,temperature,895.00,A,GOOD
3418,2026-07-03 10:58:58.418,dev-090,temperature,346.07,%,GOOD
3419,2026-07-03 11:59:59.419,dev-091,voltage,277.45,%,GOOD
3420,2026-07-03 12:00:00.420,dev-092,pressure,140.55,V,GOOD
3421,2026-07-03 13:01:01.421,dev-093,voltage,13.90,V,GOOD
3422,2026-07-03 14:02:02.422,dev-094,temperature,216.54,V,GOOD
3423,2026-07-03 15:03:03.423,dev-095,voltage,575.83,kPa,UNCERTAIN
3424,2026-07-03 16:04:04.424,dev-096,voltage,857.71,%,GOOD
3425,2026-07-03 17:05:05.425,dev-097,voltage,681.94,kPa,UNCERTAIN
3426,2026-07-03 18:06:06.426,dev-098,voltage,944.40,A,GOOD
3427,2026-07-03 19:07:07.427,dev-099,humidity,354.46,V,GOOD
3428,2026-07-03 20:08:08.428,dev-100,current,56.32,V,GOOD
3429,2026-07-03 21:09:09.429,dev-101,humidity,538.79,%,GOOD
3430,2026-07-03 22:10:10.430,dev-102,current,473.38,%,GOOD
3431,2026-07-03 23:11:11.431,dev-103,current,985.53,V,GOOD
3432,2026-07-04 00:12:12.432,dev-104,pressure,790.01,%,UNCERTAIN
3433,2026-07-04 01:13:13.433,dev-105,current,614.44,kPa,GOOD
3434,2026-07-04 02:14:14.434,dev-106,current,585.31,A,UNCERTAIN
3435,2026-07-04 03:15:15.435,dev-107,humidity,710.56,%,UNCERTAIN
3436,2026-07-04 04:16:16.436,dev-108,temperature,235.44,V,GOOD
3437,2026-07-04 05:17:17.437,dev-109,temperature,722.80,C,UNCERTAIN
3438,2026-07-04 06:18:18.438,dev-110,humidity,239.50,kPa,GOOD
3439,2026-07-04 07:19:19.439,dev-111,current,866.43,%,GOOD
3440,2026-07-04 08:20:20.440,dev-112,humidity,384.42,V,GOOD
3441,2026-07-04 09:21:21.441,dev-113,humidity,81.14,kPa,GOOD
3442,2026-07-04 10:22:22.442,dev-114,current,221.57,%,GOOD
3443,2026-07-04 11:23:23.443,dev-115,temperature,51.17,%,UNCERTAIN
3444,2026-07-04 12:24:24.444,dev-116,voltage,55.95,A,UNCERTAIN
3445,2026-07-04 13:25:25.445,dev-117,voltage,525.46,kPa,GOOD
3446,2026-07-04 14:26:26.446,dev-118,current,69.16,C,GOOD
3447,2026-07-04 15:27:27.447,dev-119,pressure,958.59,C,UNCERTAIN
3448,2026-07-04 16:28:28.448,dev-120,voltage,472.11,kPa,GOOD
3449,2026-07-04 17:29:29.449,dev-121,temperature,361.74,kPa,UNCERTAIN
3450,2026-07-04 18:30:30.450,dev-122,voltage,2.95,%,GOOD
3451,2026-07-04 19:31:31.451,dev-123,voltage,696.54,V,UNCERTAIN
3452,2026-07-04 20:32:32.452,dev-124,current,308.86,%,GOOD
3453,2026-07-04 21:33:33.453,dev-125,voltage,604.16,A,UNCERTAIN
3454,2026-07-04 22:34:34.454,dev-126,voltage,475.37,kPa,UNCERTAIN
3455,2026-07-04 23:35:35.455,dev-127,humidity,448.16,C,GOOD
3456,2026-07-05 00:36:36.456,dev-000,humidity,885.68,C,GOOD
3457,2026-07-05 01:37:37.457,dev-001,humidity,907.22,C,GOOD
3458,2026-07-05 02:38:38.458,dev-002,humidity,761.55,V,GOOD
3459,2026-07-05 03:39:39.459,dev-003,voltage,402.00,C,GOOD
3460,2026-07-05 04:40:40.460,dev-004,current,422.35,%,GOOD
3461,2026-07-05 05:41:41.461,dev-005,temperature,848.82,kPa,GOOD
3462,2026-07-05 06:42:42.462,dev-006,current,626.74,A,GOOD
3463,2026-07-05 07:43:43.463,dev-007,temperature,412.44,V,UNCERTAIN
3464,2026-07-05 08:44:44.464,dev-008,current,375.28,%,GOOD
3465,2026-07-05 09:45:45.465,dev-009,temperature,514.64,A,GOOD
3466,2026-07-05 10:46:46.466,dev-010,humidity,478.25,%,GOOD
3467,2026-07-05 11:47:47.467,dev-011,current,548.21,V,GOOD
3468,2026-07-05 12:48:48.468,dev-012,pressure,625.16,A,GOOD
3469,2026-07-05 13:49:49.469,dev-013,current,624.56,A,UNCERTAIN
3470,2026-07-05 14:50:50.470,dev-014,voltage,995.60,kPa,GOOD
3471,2026-07-05 15:51:51.471,dev-015,voltage,285.86,%,GOOD
3472,2026-07-05 16:52:52.472,dev-016,humidity,326.82,A,UNCERTAIN
3473,2026-07-05 17:53:53.473,dev-017,temperature,669.76,%,GOOD
3474,2026-07-05 18:54:54.474,dev-018,voltage,318.38,V,GOOD
3475,2026-07-05 19:55:55.475,dev-019,voltage,781.41,C,UNCERTAIN
3476,2026-07-05 20:56:56.476,dev-020,voltage,482.90,A,GOOD
3477,2026-07-05 21:57:57.477,dev-021,humidity,770.72,C,UNCERTAIN
3478,2026-07-05 22:58:58.478,dev-022,pressure,34.49,A,UNCERTAIN
3479,2026-07-05 23:59:59.479,dev-023,current,838.07,C,GOOD
3480,2026-07-06 00:00:00.480,dev-024,temperature,51.79,C,UNCERTAIN
3481,2026-07-06 01:01:01.481,dev-025,current,871.28,A,GOOD
3482,2026-07-06 02:02:02.482,dev-026,temperature,83.81,C,UNCERTAIN
3483,2026-07-06 03:03:03.483,dev-027,voltage,600.12,A,GOOD
3484,2026-07-06 04:04:04.484,dev-028,pressure,132.01,%,GOOD
3485,2026-07-06 05:05:05.485,dev-029,voltage,731.08,V,UNCERTAIN
3486,2026-07-06 06:06:06.486,dev-030,pressure,381.31,V,GOOD
3487,2026-07-06 07:07:07.487,dev-031,temperature,878.18,C,GOOD
3488,2026-07-06 08:08:08.488,dev-032,current,29.26,A,UNCERTAIN
3489,2026-07-06 09:09:09.489,dev-033,voltage,880.35,%,GOOD
3490,2026-07-06 10:10:10.490,dev-034,temperature,675.73,kPa,GOOD
3491,2026-07-06 11:11:11.491,dev-035,temperature,942.72,A,GOOD
3492,2026-07-06 12:12:12.492,dev-036,temperature,537.17,kPa,UNCERTAIN
3493,2026-07-06 13:13:13.493,dev-037,current,158.67,kPa,UNCERTAIN
3494,2026-07-06 14:14:14.494,dev-038,voltage,850.30,%,GOOD
3495,2026-07-06 15:15:15.495,dev-039,humidity,652.29,V,GOOD
3496,2026-07-06 16:16:16.496,dev-040,temperature,577.37,V,UNCERTAIN
3497,2026-07-06 17:17:17.497,dev-041,current,824.14,kPa,GOOD
3498,2026-07-06 18:18:18.498,dev-042,humidity,604.47,%,GOOD
3499,2026-07-06 19:19:19.499,dev-043,humidity,636.21,%,GOOD
3500,2026-07-06 20:20:20.500,dev-044,temperature,771.01,%,GOOD
3501,2026-07-06 21:21:21.501,dev-045,pressure,637.56,C,GOOD
3502,2026-07-06 22:22:22.502,dev-046,current,626.58,A,UNCERTAIN
3503,2026-07-06 23:23:23.503,dev-047,current,708.68,C,GOOD
3504,2026-07-07 00:24:24.504,dev-048,voltage,830.04,A,GOOD
3505,2026-07-07 01:25:25.505,dev-049,temperature,76.07,A,GOOD
3506,2026-07-07 02:26:26.506,dev-050,pressure,321.07,%,GOOD
3507,2026-07-07 03:27:27.507,dev-051,humidity,144.10,C,GOOD
3508,2026-07-07 04:28:28.508,dev-052,voltage,276.57,kPa,GOOD
3509,2026-07-07 05:29:29.509,dev-053,pressure,791.20,C,GOOD
3510,2026-07-07 06:30:30.510,dev-054,voltage,537.36,V,GOOD
3511,2026-07-07 07:31:31.511,dev-055,temperature,683.96,kPa,UNCERTAIN
3512,2026-07-07 08:32:32.512,dev-056,current,575.34,%,GOOD
3513,2026-07-07 09:33:33.513,dev-057,current,220.69,V,GOOD
3514,2026-07-07 10:34:34.514,dev-058,current,98.85,V,GOOD
3515,2026-07-07 11:35:35.515,dev-059,current,963.37,kPa,GOOD
3516,2026-07-07 12:36:36.516,dev-060,current,578.31,V,GOOD
3517,2026-07-07 13:37:37.517,dev-061,humidity,493.64,kPa,GOOD
3518,2026-07-07 14:38:38.518,dev-062,temperature,110.88,kPa,GOOD
3519,2026-07-07 15:39:39.519,dev-063,humidity,778.13,A,GOOD
3520,2026-07-07 16:40:40.520,dev-064,pressure,806.99,kPa,GOOD
3521,2026-07-07 17:41:41.521,dev-065,current,509.03,V,GOOD
3522,2026-07-07 18:42:42.522,dev-066,temperature,855.59,C,GOOD
3523,2026-07-07 19:43:43.523,dev-067,current,176.99,%,GOOD
3524,2026-07-07 20:44:44.524,dev-068,humidity,659.93,C,GOOD
3525,2026-07-07 21:45:45.525,dev-069,voltage,488.83,A,GOOD
3526,2026-07-07 22:46:46.526,dev-070,current,711.88,V,GOOD
3527,2026-07-07 23:47:47.527,dev-071,pressure,759.54,A,GOOD
3528,2026-07-08 00:48:48.528,dev-072,humidity,170.42,kPa,UNCERTAIN
3529,2026-07-08 01:49:49.529,dev-073,humidity,708.47,kPa,UNCERTAIN
3530,2026-07-08 02:50:50.530,dev-074,temperature,434.44,C,UNCERTAIN
3531,2026-07-08 03:51:51.531,dev-075,humidity,800.70,kPa,UNCERTAIN
3532,2026-07-08 04:52:52.532,dev-076,current,580.95,V,UNCERTAIN
3533,2026-07-08 05:53:53.533,dev-077,current,731.02,%,GOOD
3534,2026-07-08 06:54:54.534,dev-078,voltage,286.31,V,GOOD
3535,2026-07-08 07:55:55.535,dev-079,current,132.71,kPa,GOOD
3536,2026-07-08 08:56:56.536,dev-080,pressure,846.73,V,GOOD
3537,2026-07-08 09:57:57.537,dev-081,humidity,901.46,V,GOOD
3538,2026-07-08 10:58:58.538,dev-082,current,199.94,C,GOOD
3539,2026-07-08 11:59:59.539,dev-083,current,488.95,A,UNCERTAIN
3540,2026-07-08 12:00:00.540,dev-084,humidity,655.80,C,GOOD
3541,2026-07-08 13:01:01.541,dev-085,humidity,76.05,C,UNCERTAIN
3542,2026-07-08 14:02:02.542,dev-086,pressure,323.51,V,GOOD
3543,2026-07-08 15:03:03.543,dev-087,pressure,950.95,V,GOOD
3544,2026-07-08 16:04:04.544,dev-088,humidity,950.74,C,GOOD
3545,2026-07-08 17:05:05.545,dev-089,humidity,445.70,C,UNCERTAIN
3546,2026-07-08 18:06:06.546,dev-090,humidity,587.22,%,GOOD
3547,2026-07-08 19:07:07.547,dev-091,current,557.65,A,UNCERTAIN
3548,2026-07-08 20:08:08.548,dev-092,temperature,404.91,A,GOOD
3549,2026-07-08 21:09:09.549,dev-093,humidity,4.55,A,GOOD
3550,2026-07-08 22:10:10.550,dev-094,temperature,276.42,kPa,GOOD
3551,2026-07-08 23:11:11.551,dev-095,voltage,150.61,C,GOOD
3552,2026-07-09 00:12:12.552,dev-096,voltage,565.98,V,GOOD
3553,2026-07-09 01:13:13.553,dev-097,voltage,671.14,A,GOOD
3554,2026-07-09 02:14:14.554,dev-098,voltage,125.09,V,GOOD
3555,2026-07-09 03:15:15.555,dev-099,current,634.07,%,GOOD
3556,2026-07-09 04:16:16.556,dev-100,pressure,882.51,V,GOOD
3557,2026-07-09 05:17:17.557,dev-101,voltage,388.17,C,GOOD
3558,2026-07-09 06:18:18.558,dev-102,pressure,870.70,%,GOOD
3559,2026-07-09 07:19:19.559,dev-103,voltage,809.25,kPa,GOOD
3560,2026-07-09 08:20:20.560,dev-104,current,491.00,A,GOOD
3561,2026-07-09 09:21:21.561,dev-105,pressure,646.45,kPa,UNCERTAIN
3562,2026-07-09 10:22:22.562,dev-106,voltage,580.47,kPa,GOOD
3563,2026-07-09 11:23:23.563,dev-107,voltage,237.04,A,GOOD
3564,2026-07-09 12:24:24.564,dev-108,temperature,366.61,V,GOOD
3565,2026-07-09 13:25:25.565,dev-109,voltage,447.01,A,GOOD
3566,2026-07-09 14:26:26.566,dev-110,current,475.20,V,UNCERTAIN
3567,2026-07-09 15:27:27.567,dev-111,pressure,976.13,%,GOOD
3568,2026-07-09 16:28:28.568,dev-112,pressure,870.97,kPa,GOOD
3569,2026-07-09 17:29:29.569,dev-113,voltage,552.60,V,GOOD
3570,2026-07-09 18:30:30.570,dev-114,voltage,116.80,kPa,GOOD
3571,2026-07-09 19:31:31.571,dev-115,voltage,452.35,kPa,GOOD
3572,2026-07-09 20:32:32.572,dev-116,humidity,172.13,C,GOOD
3573,2026-07-09 21:33:33.573,dev-117,humidity,213.44,%,GOOD
3574,2026-07-09 22:34:34.574,dev-118,current,320.26,kPa,UNCERTAIN
3575,2026-07-09 23:35:35.575,dev-119,voltage,146.51,kPa,GOOD
3576,2026-07-10 00:36:36.576,dev-120,temperature,595.69,C,GOOD
3577,2026-07-10 01:37:37.577,dev-121,pressure,820.33,kPa,GOOD
3578,2026-07-10 02:38:38.578,dev-122,humidity,774.22,A,GOOD
3579,2026-07-10 03:39:39.579,dev-123,voltage,413.10,A,GOOD
3580,2026-07-10 04:40:40.580,dev-124,humidity,809.98,A,GOOD
3581,2026-07-10 05:41:41.581,dev-125,humidity,323.67,%,GOOD
3582,2026-07-10 06:42:42.582,dev-126,humidity,512.83,%,GOOD
3583,2026-07-10 07:43:43.583,dev-127,voltage,432.12,%,GOOD
3584,2026-07-10 08:44:44.584,dev-000,temperature,216.35,V,GOOD
3585,2026-07-10 09:45:45.585,dev-001,current,307.15,V,UNCERTAIN
3586,2026-07-10 10:46:46.586,dev-002,voltage,40.36,C,GOOD
3587,2026-07-10 11:47:47.587,dev-003,temperature,30.38,C,GOOD
3588,2026-07-10 12:48:48.588,dev-004,voltage,337.44,V,UNCERTAIN
3589,2026-07-10 13:49:49.589,dev-005,voltage,727.54,A,GOOD
3590,2026-07-10 14:50:50.590,dev-006,pressure,923.81,V,GOOD
3591,2026-07-10 15:51:51.591,dev-007,pressure,832.22,%,GOOD
3592,2026-07-10 16:52:52.592,dev-008,current,672.88,C,GOOD
3593,2026-07-10 17:53:53.593,dev-009,voltage,872.54,A,GOOD
3594,2026-07-10 18:54:54.594,dev-010,current,802.03,%,UNCERTAIN
3595,2026-07-10 19:55:55.595,dev-011,temperature,415.06,C,UNCERTAIN
3596,2026-07-10 20:56:56.596,dev-012,temperature,446.88,kPa,GOOD
3597,2026-07-10 21:57:57.597,dev-013,pressure,769.24,C,GOOD
3598,2026-07-10 22:58:58.598,dev-014,current,166.50,V,GOOD
3599,2026-07-10 23:59:59.599,dev-015,temperature,413.45,A,UNCERTAIN
3600,2026-07-11 00:00:00.600,dev-016,humidity,307.05,%,GOOD
3601,2026-07-11 01:01:01.601,dev-017,pressure,736.90,%,GOOD
3602,2026-07-11 02:02:02.602,dev-018,humidity,30.91,A,GOOD
3603,2026-07-11 03:03:03.603,dev-019,current,133.70,%,GOOD
3604,2026-07-11 04:04:04.604,dev-020,temperature,819.89,%,UNCERTAIN
3605,2026-07-11 05:05:05.605,dev-021,temperature,471.77,%,UNCERTAIN
3606,2026-07-11 06:06:06.606,dev-022,humidity,476.36,A,GOOD
3607,2026-07-11 07:07:07.607,dev-023,current,336.48,C,GOOD
3608,2026-07-11 08:08:08.608,dev-024,temperature,797.78,V,GOOD
3609,2026-07-11 09:09:09.609,dev-025,pressure,623.71,A,GOOD
3610,2026-07-11 10:10:10.610,dev-026,humidity,439.06,C,GOOD
3611,2026-07-11 11:11:11.611,dev-027,voltage,689.15,A,UNCERTAIN
3612,2026-07-11 12:12:12.612,dev-028,humidity,30.96,V,UNCERTAIN
3613,2026-07-11 13:13:13.613,dev-029,current,341.38,V,GOOD
3614,2026-07-11 14:14:14.614,dev-030,humidity,879.38,kPa,UNCERTAIN
3615,2026-07-11 15:15:15.615,dev-031,pressure,687.75,V,GOOD
3616,2026-07-11 16:16:16.616,dev-032,temperature,679.87,kPa,UNCERTAIN
3617,2026-07-11 17:17:17.617,dev-033,temperature,52.84,kPa,GOOD
3618,2026-07-11 18:18:18.618,dev-034,pressure,363.85,kPa,GOOD
3619,2026-07-11 19:19:19.619,dev-035,current,89.00,A,GOOD
3620,2026-07-11 20:20:20.620,dev-036,temperature,89.77,V,UNCERTAIN
3621,2026-07-11 21:21:21.621,dev-037,current,387.37,A,GOOD
3622,2026-07-11 22:22:22.622,dev-038,voltage,220.90,%,GOOD
3623,2026-07-11 23:23:23.623,dev-039,pressure,563.01,V,GOOD
3624,2026-07-12 00:24:24.624,dev-040,pressure,951.44,%,GOOD
3625,2026-07-12 01:25:25.625,dev-041,pressure,304.03,kPa,GOOD
3626,2026-07-12 02:26:26.626,dev-042,humidity,40.85,V,GOOD
3627,2026-07-12 03:27:27.627,dev-043,temperature,984.38,A,GOOD
3628,2026-07-12 04:28:28.628,dev-044,humidity,31.64,A,UNCERTAIN
3629,2026-07-12 05:29:29.629,dev-045,current,269.84,A,GOOD
3630,2026-07-12 06:30:30.630,dev-046,pressure,307.94,V,GOOD
3631,2026-07-12 07:31:31.631,dev-047,pressure,184.51,kPa,GOOD
3632,2026-07-12 08:32:32.632,dev-048,current,500.99,kPa,GOOD
3633,2026-07-12 09:33:33.633,dev-049,humidity,423.63,C,GOOD
3634,2026-07-12 10:34:34.634,dev-050,humidity,707.57,V,GOOD
3635,2026-07-12 11:35:35.635,dev-051,pressure,256.54,A,UNCERTAIN
3636,2026-07-12 12:36:36.636,dev-052,temperature,259.91,C,GOOD
3637,2026-07-12 13:37:37.637,dev-053,pressure,573.12,C,GOOD
3638,2026-07-12 14:38:38.638,dev-054,temperature,997.77,%,GOOD
3639,2026-07-12 15:39:39.639,dev-055,pressure,362.60,kPa,GOOD
3640,2026-07-12 16:40:40.640,dev-056,temperature,969.71,A,GOOD
3641,2026-07-12 17:41:41.641,dev-057,pressure,592.67,kPa,GOOD
3642,2026-07-12 18:42:42.642,dev-058,temperature,652.26,V,UNCERTAIN
3643,2026-07-12 19:43:43.643,dev-059,current,974.95,C,GOOD
3644,2026-07-12 20:44:44.644,dev-060,humidity,258.98,V,GOOD
3645,2026-07-12 21:45:45.645,dev-061,voltage,698.15,C,GOOD
3646,2026-07-12 22:46:46.646,dev-062,humidity,39.53,kPa,GOOD
3647,2026-07-12 23:47:47.647,dev-063,temperature,835.53,%,UNCERTAIN
3648,2026-07-13 00:48:48.648,dev-064,voltage,880.84,%,GOOD
3649,2026-07-13 01:49:49.649,dev-065,pressure,732.80,kPa,GOOD
3650,2026-07-13 02:50:50.650,dev-066,humidity,751.00,C,GOOD
3651,2026-07-13 03:51:51.651,dev-067,pressure,830.53,V,GOOD
3652,2026-07-13 04:52:52.652,dev-068,current,941.85,C,GOOD
3653,2026-07-13 05:53:53.653,dev-069,temperature,909.71,%,UNCERTAIN
3654,2026-07-13 06:54:54.654,dev-070,humidity,250.31,C,GOOD
3655,2026-07-13 07:55:55.655,dev-071,humidity,183.81,%,GOOD
3656,2026-07-13 08:56:56.656,dev-072,pressure,283.65,C,UNCERTAIN
3657,2026-07-13 09:57:57.657,dev-073,pressure,80.26,A,GOOD
3658,2026-07-13 10:58:58.658,dev-074,current,217.67,A,UNCERTAIN
3659,2026-07-13 11:59:59.659,dev-075,pressure,358.55,A,GOOD
3660,2026-07-13 12:00:00.660,dev-076,temperature,816.69,%,GOOD
3661,2026-07-13 13:01:01.661,dev-077,pressure,764.93,A,GOOD
3662,2026-07-13 14:02:02.662,dev-078,temperature,347.97,kPa,UNCERTAIN
3663,2026-07-13 15:03:03.663,dev-079,voltage,41.25,kPa,GOOD
3664,2026-07-13 16:04:04.664,dev-080,current,887.88,A,GOOD
3665,2026-07-13 17:05:05.665,dev-081,current,32.50,C,GOOD
3666,2026-07-13 18:06:06.666,dev-082,pressure,217.27,C,UNCERTAIN
3667,2026-07-13 19:07:07.667,dev-083,temperature,409.75,V,GOOD
3668,2026-07-13 20:08:08.668,dev-084,current,141.46,A,GOOD
3669,2026-07-13 21:09:09.669,dev-085,humidity,638.47,C,GOOD
3670,2026-07-13 22:10:10.670,dev-086,current,767.71,V,GOOD
3671,2026-07-13 23:11:11.671,dev-087,pressure,21.57,V,GOOD
3672,2026-07-14 00:12:12.672,dev-088,temperature,99.34,kPa,UNCERTAIN
3673,2026-07-14 01:13:13.673,dev-089,pressure,532.55,V,GOOD
3674,2026-07-14 02:14:14.674,dev-090,humidity,393.96,%,GOOD
3675,2026-07-14 03:15:15.675,dev-091,pressure,394.74,A,GOOD
3676,2026-07-14 04:16:16.676,dev-092,temperature,996.62,V,GOOD
3677,2026-07-14 05:17:17.677,dev-093,humidity,911.11,A,GOOD
3678,2026-07-14 06:18:18.678,dev-094,temperature,978.54,%,UNCERTAIN
3679,2026-07-14 07:19:19.679,dev-095,humidity,380.35,A,GOOD
3680,2026-07-14 08:20:20.680,dev-096,voltage,586.70,kPa,GOOD
3681,2026-07-14 09:21:21.681,dev-097,humidity,194.48,kPa,GOOD
3682,2026-07-14 10:22:22.682,dev-098,humidity,298.55,kPa,GOOD
3683,2026-07-14 11:23:23.683,dev-099,pressure,973.53,kPa,GOOD
3684,2026-07-14 12:24:24.684,dev-100,voltage,202.61,%,UNCERTAIN
3685,2026-07-14 13:25:25.685,dev-101,voltage,333.89,%,GOOD
3686,2026-07-14 14:26:26.686,dev-102,pressure,510.44,V,GOOD
3687,2026-07-14 15:27:27.687,dev-103,voltage,473.28,C,GOOD
3688,2026-07-14 16:28:28.688,dev-104,current,607.95,V,GOOD
3689,2026-07-14 17:29:29.689,dev-105,voltage,200.48,A,GOOD
3690,2026-07-14 18:30:30.690,dev-106,current,515.63,A,GOOD
3691,2026-07-14 19:31:31.691,dev-107,pressure,999.34,A,UNCERTAIN
3692,2026-07-14 20:32:32.692,dev-108,current,365.80,%,GOOD
3693,2026-07-14 21:33:33.693,dev-109,current,677.10,A,UNCERTAIN
3694,2026-07-14 22:34:34.694,dev-110,temperature,241.98,A,GOOD
3695,2026-07-14 23:35:35.695,dev-111,voltage,296.52,%,GOOD
3696,2026-07-15 00:36:36.696,dev-112,humidity,242.26,V,GOOD
3697,2026-07-15 01:37:37.697,dev-113,voltage,268.25,V,GOOD
3698,2026-07-15 02:38:38.698,dev-114,pressure,134.21,V,GOOD
3699,2026-07-15 03:39:39.699,dev-115,temperature,478.46,V,UNCERTAIN
3700,2026-07-15 04:40:40.700,dev-116,temperature,250.75,V,GOOD
3701,2026-07-15 05:41:41.701,dev-117,pressure,3.67,%,GOOD
3702,2026-07-15 06:42:42.702,dev-118,pressure,989.51,A,UNCERTAIN
3703,2026-07-15 07:43:43.703,dev-119,pressure,804.54,C,GOOD
3704,2026-07-15 08:44:44.704,dev-120,temperature,821.00,C,GOOD
3705,2026-07-15 09:45:45.705,dev-121,voltage,539.40,A,UNCERTAIN
3706,2026-07-15 10:46:46.706,dev-122,pressure,273.02,kPa,GOOD
3707,2026-07-15 11:47:47.707,dev-123,pressure,85.07,%,GOOD
3708,2026-07-15 12:48:48.708,dev-124,humidity,295.29,V,UNCERTAIN
3709,2026-07-15 13:49:49.709,dev-125,voltage,640.50,kPa,GOOD
3710,2026-07-15 14:50:50.710,dev-126,humidity,795.90,A,UNCERTAIN
3711,2026-07-15 15:51:51.711,dev-127,current,252.79,%,UNCERTAIN
3712,2026-07-15 16:52:52.712,dev-000,current,541.35,A,GOOD
3713,2026-07-15 17:53:53.713,dev-001,temperature,123.65,C,GOOD
3714,2026-07-15 18:54:54.714,dev-002,temperature,710.11,kPa,GOOD
3715,2026-07-15 19:55:55.715,dev-003,temperature,509.56,C,GOOD
3716,2026-07-15 20:56:56.716,dev-004,pressure,781.50,%,UNCERTAIN
3717,2026-07-15 21:57:57.717,dev-005,humidity,313.23,V,GOOD
3718,2026-07-15 22:58:58.718,dev-006,pressure,183.40,kPa,GOOD
3719,2026-07-15 23:59:59.719,dev-007,current,11.88,C,GOOD
3720,2026-07-16 00:00:00.720,dev-008,pressure,898.90,V,GOOD
3721,2026-07-16 01:01:01.721,dev-009,current,791.19,V,UNCERTAIN
3722,2026-07-16 02:02:02.722,dev-010,humidity,278.79,kPa,UNCERTAIN
3723,2026-07-16 03:03:03.723,dev-011,voltage,49.58,C,GOOD
3724,2026-07-16 04:04:04.724,dev-012,humidity,257.96,A,GOOD
3725,2026-07-16 05:05:05.725,dev-013,humidity,808.99,A,GOOD
3726,2026-07-16 06:06:06.726,dev-014,pressure,978.60,kPa,UNCERTAIN
3727,2026-07-16 07:07:07.727,dev-015,humidity,378.04,kPa,GOOD
3728,2026-07-16 08:08:08.728,dev-016,current,89.76,V,GOOD
3729,2026-07-16 09:09:09.729,dev-017,voltage,649.83,C,GOOD
3730,2026-07-16 10:10:10.730,dev-018,humidity,428.69,C,UNCERTAIN
3731,2026-07-16 11:11:11.731,dev-019,temperature,534.20,A,GOOD
3732,2026-07-16 12:12:12.732,dev-020,current,423.36,V,UNCERTAIN
3733,2026-07-16 13:13:13.733,dev-021,voltage,101.48,C,UNCERTAIN
3734,2026-07-16 14:14:14.734,dev-022,humidity,772.57,kPa,GOOD
3735,2026-07-16 15:15:15.735,dev-023,temperature,16.82,%,GOOD
3736,2026-07-16 16:16:16.736,dev-024,current,37.45,kPa,UNCERTAIN
3737,2026-07-16 17:17:17.737,dev-025,temperature,808.33,C,GOOD
3738,2026-07-16 18:18:18.738,dev-026,current,307.61,A,GOOD
3739,2026-07-16 19:19:19.739,dev-027,pressure,62.53,kPa,GOOD
3740,2026-07-16 20:20:20.740,dev-028,current,78.46,V,UNCERTAIN
3741,2026-07-16 21:21:21.741,dev-029,current,559.36,A,UNCERTAIN
3742,2026-07-16 22:22:22.742,dev-030,pressure,875.02,V,UNCERTAIN
3743,2026-07-16 23:23:23.743,dev-031,temperature,169.01,V,GOOD
3744,2026-07-17 00:24:24.744,dev-032,temperature,739.18,A,GOOD
3745,2026-07-17 01:25:25.745,dev-033,voltage,574.20,A,UNCERTAIN
3746,2026-07-17 02:26:26.746,dev-034,temperature,792.78,V,GOOD
3747,2026-07-17 03:27:27.747,dev-035,pressure,971.75,V,UNCERTAIN
3748,2026-07-17 04:28:28.748,dev-036,humidity,776.28,%,GOOD
3749,2026-07-17 05:29:29.749,dev-037,pressure,408.73,C,GOOD
3750,2026-07-17 06:30:30.750,dev-038,humidity,317.46,kPa,GOOD
3751,2026-07-17 07:31:31.751,dev-039,voltage,504.29,%,GOOD
3752,2026-07-17 08:32:32.752,dev-040,humidity,901.63,C,GOOD
3753,2026-07-17 09:33:33.753,dev-041,voltage,711.10,C,GOOD
3754,2026-07-17 10:34:34.754,dev-042,voltage,122.96,%,UNCERTAIN
3755,2026-07-17 11:35:35.755,dev-043,voltage,776.95,V,GOOD
3756,2026-07-17 12:36:36.756,dev-044,current,242.59,kPa,GOOD
3757,2026-07-17 13:37:37.757,dev-045,voltage,840.16,C,GOOD
3758,2026-07-17 14:38:38.758,dev-046,current,998.26,V,UNCERTAIN
3759,2026-07-17 15:39:39.759,dev-047,temperature,35.23,C,GOOD
3760,2026-07-17 16:40:40.760,dev-048,temperature,347.74,V,GOOD
3761,2026-07-17 17:41:41.761,dev-049,humidity,410.92,C,GOOD
3762,2026-07-17 18:42:42.762,dev-050,humidity,226.61,C,GOOD
3763,2026-07-17 19:43:43.763,dev-051,current,698.63,V,GOOD
3764,2026-07-17 20:44:44.764,dev-052,pressure,887.30,kPa,GOOD
3765,2026-07-17 21:45:45.765,dev-053,humidity,740.60,kPa,GOOD
3766,2026-07-17 22:46:46.766,dev-054,current,827.29,V,GOOD
3767,2026-07-17 23:47:47.767,dev-055,pressure,995.03,kPa,UNCERTAIN
3768,2026-07-18 00:48:48.768,dev-056,voltage,7.64,V,GOOD
3769,2026-07-18 01:49:49.769,dev-057,humidity,950.51,C,UNCERTAIN
3770,2026-07-18 02:50:50.770,dev-058,temperature,779.00,%,GOOD
3771,2026-07-18 03:51:51.771,dev-059,voltage,250.23,%,GOOD
3772,2026-07-18 04:52:52.772,dev-060,voltage,284.35,V,UNCERTAIN
3773,2026-07-18 05:53:53.773,dev-061,pressure,648.88,kPa,GOOD
3774,2026-07-18 06:54:54.774,dev-062,current,857.06,kPa,UNCERTAIN
3775,2026-07-18 07:55:55.775,dev-063,temperature,386.93,%,GOOD
3776,2026-07-18 08:56:56.776,dev-064,voltage,963.44,A,GOOD
3777,2026-07-18 09:57:57.777,dev-065,voltage,247.84,C,GOOD
3778,2026-07-18 10:58:58.778,dev-066,voltage,301.82,kPa,GOOD
3779,2026-07-18 11:59:59.779,dev-067,voltage,37.92,A,GOOD
3780,2026-07-18 12:00:00.780,dev-068,humidity,949.56,%,UNCERTAIN
3781,2026-07-18 13:01:01.781,dev-069,current,829.91,A,GOOD
3782,2026-07-18 14:02:02.782,dev-070,humidity,276.39,%,GOOD
3783,2026-07-18 15:03:03.783,dev-071,pressure,795.24,kPa,GOOD
3784,2026-07-18 16:04:04.784,dev-072,pressure,74.25,kPa,GOOD
3785,2026-07-18 17:05:05.785,dev-073,temperature,194.98,V,GOOD
3786,2026-07-18 18:06:06.786,dev-074,temperature,312.01,C,GOOD
3787,2026-07-18 19:07:07.787,dev-075,current,680.69,kPa,UNCERTAIN
3788,2026-07-18 20:08:08.788,dev-076,pressure,9.48,C,GOOD
3789,2026-07-18 21:09:09.789,dev-077,humidity,534.96,A,GOOD
3790,2026-07-18 22:10:10.790,dev-078,current,39.29,A,GOOD
3791,2026-07-18 23:11:11.791,dev-079,pressure,187.03,C,UNCERTAIN
3792,2026-07-19 00:12:12.792,dev-080,current,969.98,%,GOOD
3793,2026-07-19 01:13:13.793,dev-081,temperature,629.84,%,GOOD
3794,2026-07-19 02:14:14.794,dev-082,current,25.84,%,GOOD
3795,2026-07-19 03:15:15.795,dev-083,voltage,990.72,kPa,UNCERTAIN
3796,2026-07-19 04:16:16.796,dev-084,pressure,900.97,V,GOOD
3797,2026-07-19 05:17:17.797,dev-085,voltage,855.70,C,GOOD
3798,2026-07-19 06:18:18.798,dev-086,voltage,715.71,C,GOOD
3799,2026-07-19 07:19:19.799,dev-087,current,16.06,C,GOOD
3800,2026-07-19 08:20:20.800,dev-088,voltage,215.49,%,GOOD
3801,2026-07-19 09:21:21.801,dev-089,pressure,246.05,A,GOOD
3802,2026-07-19 10:22:22.802,dev-090,current,824.21,kPa,UNCERTAIN
3803,2026-07-19 11:23:23.803,dev-091,temperature,564.73,V,GOOD
3804,2026-07-19 12:24:24.804,dev-092,humidity,905.80,C,GOOD
3805,2026-07-19 13:25:25.805,dev-093,current,593.01,kPa,UNCERTAIN
3806,2026-07-19 14:26:26.806,dev-094,current,910.76,A,GOOD
3807,2026-07-19 15:27:27.807,dev-095,current,776.22,V,GOOD
3808,2026-07-19 16:28:28.808,dev-096,humidity,106.26,V,GOOD
3809,2026-07-19 17:29:29.809,dev-097,current,359.88,V,UNCERTAIN
3810,2026-07-19 18:30:30.810,dev-098,humidity,473.86,%,GOOD
3811,2026-07-19 19:31:31.811,dev-099,pressure,201.91,C,GOOD
3812,2026-07-19 20:32:32.812,dev-100,temperature,208.18,%,GOOD
3813,2026-07-19 21:33:33.813,dev-101,temperature,997.22,C,UNCERTAIN
3814,2026-07-19 22:34:34.814,dev-102,temperature,987.94,%,GOOD
3815,2026-07-19 23:35:35.815,dev-103,current,826.18,V,GOOD
3816,2026-07-20 00:36:36.816,dev-104,humidity,716.40,A,GOOD
3817,2026-07-20 01:37:37.817,dev-105,temperature,37.55,C,GOOD
3818,2026-07-20 02:38:38.818,dev-106,current,306.62,V,GOOD
3819,2026-07-20 03:39:39.819,dev-107,humidity,527.33,C,UNCERTAIN
3820,2026-07-20 04:40:40.820,dev-108,voltage,944.29,V,GOOD
3821,2026-07-20 05:41:41.821,dev-109,voltage,631.78,kPa,UNCERTAIN
3822,2026-07-20 06:42:42.822,dev-110,temperature,676.43,V,UNCERTAIN
3823,2026-07-20 07:43:43.823,dev-111,current,903.81,V,UNCERTAIN
3824,2026-07-20 08:44:44.824,dev-112,humidity,709.99,V,UNCERTAIN
3825,2026-07-20 09:45:45.825,dev-113,humidity,478.47,V,GOOD
3826,2026-07-20 10:46:46.826,dev-114,temperature,635.26,C,GOOD
3827,2026-07-20 11:47:47.827,dev-115,voltage,15.70,A,GOOD
3828,2026-07-20 12:48:48.828,dev-116,pressure,445.06,kPa,GOOD
3829,2026-07-20 13:49:49.829,dev-117,current,193.46,C,GOOD
3830,2026-07-20 14:50:50.830,dev-118,current,92.57,A,GOOD
3831,2026-07-20 15:51:51.831,dev-119,humidity,303.14,V,GOOD
3832,2026-07-20 16:52:52.832,dev-120,voltage,507.10,C,UNCERTAIN
3833,2026-07-20 17:53:53.833,dev-121,temperature,451.93,V,UNCERTAIN
3834,2026-07-20 18:54:54.834,dev-122,pressure,746.14,kPa,GOOD
3835,2026-07-20 19:55:55.835,dev-123,voltage,312.48,kPa,GOOD
3836,2026-07-20 20:56:56.836,dev-124,temperature,433.43,%,GOOD
3837,2026-07-20 21:57:57.837,dev-125,pressure,459.09,V,UNCERTAIN
3838,2026-07-20 22:58:58.838,dev-126,pressure,946.27,C,GOOD
3839,2026-07-20 23:59:59.839,dev-127,voltage,84.86,V,GOOD
3840,2026-07-21 00:00:00.840,dev-000,current,863.20,A,GOOD
3841,2026-07-21 01:01:01.841,dev-001,pressure,633.15,V,GOOD
3842,2026-07-21 02:02:02.842,dev-002,temperature,638.22,V,GOOD
3843,2026-07-21 03:03:03.843,dev-003,temperature,944.63,kPa,GOOD
3844,2026-07-21 04:04:04.844,dev-004,humidity,54.36,V,GOOD
3845,2026-07-21 05:05:05.845,dev-005,current,316.35,kPa,UNCERTAIN
3846,2026-07-21 06:06:06.846,dev-006,temperature,113.24,V,GOOD
3847,2026-07-21 07:07:07.847,dev-007,humidity,695.78,A,UNCERTAIN
3848,2026-07-21 08:08:08.848,dev-008,pressure,555.07,V,GOOD
3849,2026-07-21 09:09:09.849,dev-009,temperature,573.60,C,GOOD
3850,2026-07-21 10:10:10.850,dev-010,current,83.93,%,GOOD
3851,2026-07-21 11:11:11.851,dev-011,humidity,669.47,A,GOOD
3852,2026-07-21 12:12:12.852,dev-012,humidity,25.30,A,GOOD
3853,2026-07-21 13:13:13.853,dev-013,humidity,156.62,%,GOOD
3854,2026-07-21 14:14:14.854,dev-014,temperature,878.35,kPa,GOOD
3855,2026-07-21 15:15:15.855,dev-015,humidity,604.86,kPa,GOOD
3856,2026-07-21 16:16:16.856,dev-016,humidity,434.23,V,GOOD
3857,2026-07-21 17:17:17.857,dev-017,pressure,479.39,V,GOOD
3858,2026-07-21 18:18:18.858,dev-018,pressure,158.51,V,GOOD
3859,2026-07-21 19:19:19.859,dev-019,pressure,731.65,kPa,UNCERTAIN
3860,2026-07-21 20:20:20.860,dev-020,humidity,603.08,V,UNCERTAIN
3861,2026-07-21 21:21:21.861,dev-021,current,685.97,kPa,GOOD
3862,2026-07-21 22:22:22.862,dev-022,humidity,16.48,%,GOOD
3863,2026-07-21 23:23:23.863,dev-023,humidity,704.88,C,GOOD
3864,2026-07-22 00:24:24.864,dev-024,humidity,808.96,%,GOOD
3865,2026-07-22 01:25:25.865,dev-025,temperature,968.74,kPa,GOOD
3866,2026-07-22 02:26:26.866,dev-026,current,844.44,V,UNCERTAIN
3867,2026-07-22 03:27:27.867,dev-027,pressure,270.77,C,GOOD
3868,2026-07-22 04:28:28.868,dev-028,voltage,847.62,V,GOOD
3869,2026-07-22 05:29:29.869,dev-029,current,503.35,C,GOOD
3870,2026-07-22 06:30:30.870,dev-030,voltage,55.82,C,UNCERTAIN
3871,2026-07-22 07:31:31.871,dev-031,current,397.66,%,UNCERTAIN
3872,2026-07-22 08:32:32.872,dev-032,humidity,171.80,A,UNCERTAIN
3873,2026-07-22 09:33:33.873,dev-033,temperature,447.49,A,GOOD
3874,2026-07-22 10:34:34.874,dev-034,voltage,567.56,%,UNCERTAIN
3875,2026-07-22 11:35:35.875,dev-035,pressure,851.23,A,UNCERTAIN
3876,2026-07-22 12:36:36.876,dev-036,humidity,675.58,kPa,UNCERTAIN
3877,2026-07-22 13:37:37.877,dev-037,current,734.85,%,GOOD
3878,2026-07-22 14:38:38.878,dev-038,pressure,479.87,A,GOOD
3879,2026-07-22 15:39:39.879,dev-039,pressure,549.24,%,GOOD
3880,2026-07-22 16:40:40.880,dev-040,current,302.19,V,GOOD
3881,2026-07-22 17:41:41.881,dev-041,temperature,963.49,%,GOOD
3882,2026-07-22 18:42:42.882,dev-042,voltage,336.56,V,GOOD
3883,2026-07-22 19:43:43.883,dev-043,pressure,834.66,%,UNCERTAIN
3884,2026-07-22 20:44:44.884,dev-044,current,85.84,C,GOOD
3885,2026-07-22 21:45:45.885,dev-045,current,740.95,C,GOOD
3886,2026-07-22 22:46:46.886,dev-046,pressure,231.15,%,GOOD
3887,2026-07-22 23:47:47.887,dev-047,temperature,833.75,A,GOOD
3888,2026-07-23 00:48:48.888,dev-048,pressure,942.53,A,GOOD
3889,2026-07-23 01:49:49.889,dev-049,voltage,0.92,C,GOOD
3890,2026-07-23 02:50:50.890,dev-050,temperature,823.26,kPa,UNCERTAIN
3891,2026-07-23 03:51:51.891,dev-051,pressure,791.85,%,GOOD
3892,2026-07-23 04:52:52.892,dev-052,current,982.67,A,GOOD
3893,2026-07-23 05:53:53.893,dev-053,voltage,480.57,C,GOOD
3894,2026-07-23 06:54:54.894,dev-054,pressure,638.06,%,GOOD
3895,2026-07-23 07:55:55.895,dev-055,pressure,2.28,V,GOOD
3896,2026-07-23 08:56:56.896,dev-056,voltage,512.02,V,UNCERTAIN
3897,2026-07-23 09:57:57.897,dev-057,humidity,226.66,C,GOOD
3898,2026-07-23 10:58:58.898,dev-058,voltage,940.37,V,GOOD
3899,2026-07-23 11:59:59.899,dev-059,voltage,804.28,%,GOOD
3900,2026-07-23 12:00:00.900,dev-060,voltage,627.04,C,GOOD
3901,2026-07-23 13:01:01.901,dev-061,voltage,615.94,V,GOOD
3902,2026-07-23 14:02:02.902,dev-062,current,750.83,kPa,GOOD
3903,2026-07-23 15:03:03.903,dev-063,humidity,111.35,C,GOOD
3904,2026-07-23 16:04:04.904,dev-064,humidity,163.28,A,GOOD
3905,2026-07-23 17:05:05.905,dev-065,current,784.55,V,GOOD
3906,2026-07-23 18:06:06.906,dev-066,pressure,60.95,C,GOOD
3907,2026-07-23 19:07:07.907,dev-067,temperature,964.34,kPa,GOOD
3908,2026-07-23 20:08:08.908,dev-068,voltage,624.32,V,GOOD
3909,2026-07-23 21:09:09.909,dev-069,humidity,870.25,C,GOOD
3910,2026-07-23 22:10:10.910,dev-070,voltage,727.78,kPa,GOOD
3911,2026-07-23 23:11:11.911,dev-071,humidity,887.04,V,GOOD
3912,2026-07-24 00:12:12.912,dev-072,current,895.38,C,GOOD
3913,2026-07-24 01:13:13.913,dev-073,humidity,491.55,kPa,GOOD
3914,2026-07-24 02:14:14.914,dev-074,voltage,879.57,%,GOOD
3915,2026-07-24 03:15:15.915,dev-075,current,616.05,kPa,GOOD
3916,2026-07-24 04:16:16.916,dev-076,current,714.26,%,GOOD
3917,2026-07-24 05:17:17.917,dev-077,current,363.91,%,GOOD
3918,2026-07-24 06:18:18.918,dev-078,pressure,195.43,V,UNCERTAIN
3919,2026-07-24 07:19:19.919,dev-079,current,773.48,C,GOOD
3920,2026-07-24 08:20:20.920,dev-080,humidity,262.64,kPa,GOOD
3921,2026-07-24 09:21:21.921,dev-081,voltage,85.70,A,UNCERTAIN
3922,2026-07-24 10:22:22.922,dev-082,humidity,846.75,kPa,GOOD
3923,2026-07-24 11:23:23.923,dev-083,humidity,751.82,kPa,GOOD
3924,2026-07-24 12:24:24.924,dev-084,current,740.30,C,UNCERTAIN
3925,2026-07-24 13:25:25.925,dev-085,humidity,64.06,%,UNCERTAIN
3926,2026-07-24 14:26:26.926,dev-086,pressure,337.89,kPa,GOOD
3927,2026-07-24 15:27:27.927,dev-087,temperature,393.47,C,GOOD
3928,2026-07-24 16:28:28.928,dev-088,voltage,909.24,V,UNCERTAIN
3929,2026-07-24 17:29:29.929,dev-089,current,822.31,C,GOOD
3930,2026-07-24 18:30:30.930,dev-090,pressure,343.64,C,UNCERTAIN
3931,2026-07-24 19:31:31.931,dev-091,voltage,627.24,kPa,GOOD
3932,2026-07-24 20:32:32.932,dev-092,pressure,274.61,kPa,GOOD
3933,2026-07-24 21:33:33.933,dev-093,humidity,89.63,C,GOOD
3934,2026-07-24 22:34:34.934,dev-094,temperature,831.48,A,GOOD
3935,2026-07-24 23:35:35.935,dev-095,temperature,332.83,%,UNCERTAIN
3936,2026-07-25 00:36:36.936,dev-096,temperature,563.49,kPa,GOOD
3937,2026-07-25 01:37:37.937,dev-097,current,607.51,A,GOOD
3938,2026-07-25 02:38:38.938,dev-098,voltage,828.45,%,UNCERTAIN
3939,2026-07-25 03:39:39.939,dev-099,temperature,258.71,V,UNCERTAIN
3940,2026-07-25 04:40:40.940,dev-100,humidity,930.80,%,GOOD
3941,2026-07-25 05:41:41.941,dev-101,voltage,919.85,C,UNCERTAIN
3942,2026-07-25 06:42:42.942,dev-102,pressure,963.08,%,UNCERTAIN
3943,2026-07-25 07:43:43.943,dev-103,humidity,312.22,%,GOOD
3944,2026-07-25 08:44:44.944,dev-104,temperature,742.97,kPa,GOOD
3945,2026-07-25 09:45:45.945,dev-105,voltage,771.37,%,UNCERTAIN
3946,2026-07-25 10:46:46.946,dev-106,pressure,710.77,C,UNCERTAIN
3947,2026-07-25 11:47:47.947,dev-107,temperature,920.23,kPa,GOOD
3948,2026-07-25 12:48:48.948,dev-108,humidity,282.26,C,UNCERTAIN
3949,2026-07-25 13:49:49.949,dev-109,pressure,320.32,A,GOOD
3950,2026-07-25 14:50:50.950,dev-110,temperature,731.37,A,UNCERTAIN
3951,2026-07-25 15:51:51.951,dev-111,pressure,99.26,V,GOOD
3952,2026-07-25 16:52:52.952,dev-112,current,958.57,%,UNCERTAIN
3953,2026-07-25 17:53:53.953,dev-113,humidity,314.49,A,GOOD
3954,2026-07-25 18:54:54.954,dev-114,pressure,966.80,V,GOOD
3955,2026-07-25 19:55:55.955,dev-115,humidity,613.58,%,GOOD
3956,2026-07-25 20:56:56.956,dev-116,current,541.53,kPa,UNCERTAIN
3957,2026-07-25 21:57:57.957,dev-117,temperature,167.56,%,UNCERTAIN
3958,2026-07-25 22:58:58.958,dev-118,humidity,28.44,A,GOOD
3959,2026-07-25 23:59:59.959,dev-119,humidity,752.28,C,GOOD
3960,2026-07-26 00:00:00.960,dev-120,humidity,707.23,kPa,GOOD
3961,2026-07-26 01:01:01.961,dev-121,voltage,848.11,kPa,UNCERTAIN
3962,2026-07-26 02:02:02.962,dev-122,temperature,963.56,C,GOOD
3963,2026-07-26 03:03:03.963,dev-123,temperature,216.77,kPa,GOOD
3964,2026-07-26 04:04:04.964,dev-124,temperature,396.47,kPa,GOOD
3965,2026-07-26 05:05:05.965,dev-125,voltage,124.39,A,UNCERTAIN
3966,2026-07-26 06:06:06.966,dev-126,temperature,540.29,C,UNCERTAIN
3967,2026-07-26 07:07:07.967,dev-127,current,680.98,C,UNCERTAIN
3968,2026-07-26 08:08:08.968,dev-000,temperature,577.73,V,GOOD
3969,2026-07-26 09:09:09.969,dev-001,voltage,760.51,kPa,GOOD
3970,2026-07-26 10:10:10.970,dev-002,current,51.52,kPa,GOOD
3971,2026-07-26 11:11:11.971,dev-003,current,154.88,kPa,GOOD
3972,2026-07-26 12:12:12.972,dev-004,humidity,698.24,A,GOOD
3973,2026-07-26 13:13:13.973,dev-005,humidity,82.61,kPa,GOOD
3974,2026-07-26 14:14:14.974,dev-006,voltage,206.57,C,GOOD
3975,2026-07-26 15:15:15.975,dev-007,voltage,277.16,kPa,UNCERTAIN
3976,2026-07-26 16:16:16.976,dev-008,temperature,525.02,C,GOOD
3977,2026-07-26 17:17:17.977,dev-009,current,410.93,kPa,UNCERTAIN
3978,2026-07-26 18:18:18.978,dev-010,temperature,317.47,%,GOOD
3979,2026-07-26 19:19:19.979,dev-011,current,524.98,V,UNCERTAIN
3980,2026-07-26 20:20:20.980,dev-012,humidity,37.34,%,GOOD
3981,2026-07-26 21:21:21.981,dev-013,temperature,611.79,V,UNCERTAIN
3982,2026-07-26 22:22:22.982,dev-014,humidity,940.52,A,UNCERTAIN
3983,2026-07-26 23:23:23.983,dev-015,humidity,930.58,kPa,GOOD
3984,2026-07-27 00:24:24.984,dev-016,temperature,171.69,A,GOOD
3985,2026-07-27 01:25:25.985,dev-017,temperature,446.81,C,UNCERTAIN
3986,2026-07-27 02:26:26.986,dev-018,voltage,378.69,V,GOOD
3987,2026-07-27 03:27:27.987,dev-019,pressure,133.70,kPa,UNCERTAIN
3988,2026-07-27 04:28:28.988,dev-020,current,676.96,C,GOOD
3989,2026-07-27 05:29:29.989,dev-021,humidity,447.78,A,GOOD
3990,2026-07-27 06:30:30.990,dev-022,pressure,226.90,kPa,GOOD
3991,2026-07-27 07:31:31.991,dev-023,temperature,986.06,kPa,GOOD
3992,2026-07-27 08:32:32.992,dev-024,current,326.58,A,GOOD
3993,2026-07-27 09:33:33.993,dev-025,current,719.53,kPa,GOOD
3994,2026-07-27 10:34:34.994,dev-026,voltage,664.50,A,UNCERTAIN
3995,2026-07-27 11:35:35.995,dev-027,voltage,665.61,A,GOOD
3996,2026-07-27 12:36:36.996,dev-028,current,168.13,A,GOOD
3997,2026-07-27 13:37:37.997,dev-029,voltage,725.46,%,GOOD
3998,2026-07-27 14:38:38.998,dev-030,pressure,435.10,kPa,GOOD
3999,2026-07-27 15:39:39.999,dev-031,current,835.87,A,GOOD
